노선명,노선상세,기점,종점,회차지,승강장 개수,노선거리,운행시간,승강장순번,상하행,승강장명칭,승강장거리,데이터기준일자
110,도심순환(시계반대),도심순환,도심순환,,53,21690,60,1,상행,송도해수욕장회차지,0,2026-05-12
110,도심순환(시계반대),도심순환,도심순환,,53,21690,60,2,상행,송도사거리,420.5,2026-05-12
110,도심순환(시계반대),도심순환,도심순환,,53,21690,60,3,상행,송도교,195.3,2026-05-12
110,도심순환(시계반대),도심순환,도심순환,,53,21690,60,4,상행,죽도어시장,560.1,2026-05-12
110,도심순환(시계반대),도심순환,도심순환,,53,21690,60,5,상행,CGV북포항,565.7,2026-05-12
110,도심순환(시계반대),도심순환,도심순환,,53,21690,60,6,상행,수인사,252,2026-05-12
110,도심순환(시계반대),도심순환,도심순환,,53,21690,60,7,상행,도심환승센터,366.8,2026-05-12
110,도심순환(시계반대),도심순환,도심순환,,53,21690,60,8,상행,나루끝,502.4,2026-05-12
110,도심순환(시계반대),도심순환,도심순환,,53,21690,60,9,상행,우방아이유쉘아파트,608,2026-05-12
110,도심순환(시계반대),도심순환,도심순환,,53,21690,60,10,상행,쌍용아파트,784.3,2026-05-12
110,도심순환(시계반대),도심순환,도심순환,,53,21690,60,11,상행,하나로아파트,310.9,2026-05-12
110,도심순환(시계반대),도심순환,도심순환,,53,21690,60,12,상행,포항여자전자고등학교,120,2026-05-12
110,도심순환(시계반대),도심순환,도심순환,,53,21690,60,13,상행,대흥초등학교,468.8,2026-05-12
110,도심순환(시계반대),도심순환,도심순환,,53,21690,60,14,상행,용흥우방아파트,483.7,2026-05-12
110,도심순환(시계반대),도심순환,도심순환,,53,21690,60,15,상행,한라맨션2차,354.7,2026-05-12
110,도심순환(시계반대),도심순환,도심순환,,53,21690,60,16,상행,포항제일교회,452.3,2026-05-12
110,도심순환(시계반대),도심순환,도심순환,,53,21690,60,17,상행,포항풋살구장,501.4,2026-05-12
110,도심순환(시계반대),도심순환,도심순환,,53,21690,60,18,상행,동지재단,436.1,2026-05-12
110,도심순환(시계반대),도심순환,도심순환,,53,21690,60,19,상행,용흥초등학교,171.8,2026-05-12
110,도심순환(시계반대),도심순환,도심순환,,53,21690,60,20,상행,용흥동복지회관,238.2,2026-05-12
110,도심순환(시계반대),도심순환,도심순환,,53,21690,60,21,상행,포항의료원,518.1,2026-05-12
110,도심순환(시계반대),도심순환,도심순환,,53,21690,60,22,상행,필로스호텔,541.6,2026-05-12
110,도심순환(시계반대),도심순환,도심순환,,53,21690,60,23,상행,포항남부초등학교,176.5,2026-05-12
110,도심순환(시계반대),도심순환,도심순환,,53,21690,60,24,상행,양학육교,414.1,2026-05-12
110,도심순환(시계반대),도심순환,도심순환,,53,21690,60,25,상행,양학시장,451.7,2026-05-12
110,도심순환(시계반대),도심순환,도심순환,,53,21690,60,26,상행,자이애서턴,405.9,2026-05-12
110,도심순환(시계반대),도심순환,도심순환,,53,21690,60,27,상행,백학아파트,290,2026-05-12
110,도심순환(시계반대),도심순환,도심순환,,53,21690,60,28,상행,양학초등학교,229.6,2026-05-12
110,도심순환(시계반대),도심순환,도심순환,,53,21690,60,29,상행,이동삼성아파트,338.2,2026-05-12
110,도심순환(시계반대),도심순환,도심순환,,53,21690,60,30,상행,이마트 이동점,328.2,2026-05-12
110,도심순환(시계반대),도심순환,도심순환,,53,21690,60,31,상행,이동그린빌,358.6,2026-05-12
110,도심순환(시계반대),도심순환,도심순환,,53,21690,60,32,상행,이동온천,373.4,2026-05-12
110,도심순환(시계반대),도심순환,도심순환,,53,21690,60,33,상행,대잠그린파크,519.9,2026-05-12
110,도심순환(시계반대),도심순환,도심순환,,53,21690,60,34,상행,시청,321,2026-05-12
110,도심순환(시계반대),도심순환,도심순환,,53,21690,60,35,상행,포항성모병원,367,2026-05-12
110,도심순환(시계반대),도심순환,도심순환,,53,21690,60,36,상행,시외버스터미널,1392.8,2026-05-12
110,도심순환(시계반대),도심순환,도심순환,,53,21690,60,37,상행,교보생명,257.2,2026-05-12
110,도심순환(시계반대),도심순환,도심순환,,53,21690,60,38,상행,쌍용사거리,376.4,2026-05-12
110,도심순환(시계반대),도심순환,도심순환,,53,21690,60,39,상행,상도중학교,618.2,2026-05-12
110,도심순환(시계반대),도심순환,도심순환,,53,21690,60,40,상행,형산시장,325.2,2026-05-12
110,도심순환(시계반대),도심순환,도심순환,,53,21690,60,41,상행,반도맨션,327.7,2026-05-12
110,도심순환(시계반대),도심순환,도심순환,,53,21690,60,42,상행,대해성당,297.2,2026-05-12
110,도심순환(시계반대),도심순환,도심순환,,53,21690,60,43,상행,대해시장,188.7,2026-05-12
110,도심순환(시계반대),도심순환,도심순환,,53,21690,60,44,상행,해도동행정복지센터,688.8,2026-05-12
110,도심순환(시계반대),도심순환,도심순환,,53,21690,60,45,상행,포항운하관,398.8,2026-05-12
110,도심순환(시계반대),도심순환,도심순환,,53,21690,60,46,상행,송림시장,539.4,2026-05-12
110,도심순환(시계반대),도심순환,도심순환,,53,21690,60,47,상행,송림초등학교,351.5,2026-05-12
110,도심순환(시계반대),도심순환,도심순환,,53,21690,60,48,상행,구송도동행정복지센터,234.5,2026-05-12
110,도심순환(시계반대),도심순환,도심순환,,53,21690,60,49,상행,소망상사,558.7,2026-05-12
110,도심순환(시계반대),도심순환,도심순환,,53,21690,60,50,상행,영보빌라,398.5,2026-05-12
110,도심순환(시계반대),도심순환,도심순환,,53,21690,60,51,상행,태왕아파트,234.9,2026-05-12
110,도심순환(시계반대),도심순환,도심순환,,53,21690,60,52,상행,송도해수욕장,518.9,2026-05-12
110,도심순환(시계반대),도심순환,도심순환,,53,21690,60,53,상행,송도차고지,475,2026-05-12
111,도심순환(시계방향),도심순환,도심순환,,63,23423,60,1,상행,송도해수욕장회차지,0,2026-05-12
111,도심순환(시계방향),도심순환,도심순환,,63,23423,60,2,상행,송도해수욕장,355.6,2026-05-12
111,도심순환(시계방향),도심순환,도심순환,,63,23423,60,3,상행,태왕아파트,527.9,2026-05-12
111,도심순환(시계방향),도심순환,도심순환,,63,23423,60,4,상행,영보빌라,270,2026-05-12
111,도심순환(시계방향),도심순환,도심순환,,63,23423,60,5,상행,소망상사,299.1,2026-05-12
111,도심순환(시계방향),도심순환,도심순환,,63,23423,60,6,상행,구송도동행정복지센터,384.7,2026-05-12
111,도심순환(시계방향),도심순환,도심순환,,63,23423,60,7,상행,송림초등학교,425.5,2026-05-12
111,도심순환(시계방향),도심순환,도심순환,,63,23423,60,8,상행,송림시장,449.4,2026-05-12
111,도심순환(시계방향),도심순환,도심순환,,63,23423,60,9,상행,포항운하관,461.4,2026-05-12
111,도심순환(시계방향),도심순환,도심순환,,63,23423,60,10,상행,해도동행정복지센터,297.6,2026-05-12
111,도심순환(시계방향),도심순환,도심순환,,63,23423,60,11,상행,등외과사거리,263.9,2026-05-12
111,도심순환(시계방향),도심순환,도심순환,,63,23423,60,12,상행,대해시장,429.1,2026-05-12
111,도심순환(시계방향),도심순환,도심순환,,63,23423,60,13,상행,대해성당,324.5,2026-05-12
111,도심순환(시계방향),도심순환,도심순환,,63,23423,60,14,상행,반도맨션,251.1,2026-05-12
111,도심순환(시계방향),도심순환,도심순환,,63,23423,60,15,상행,형산시장,315.5,2026-05-12
111,도심순환(시계방향),도심순환,도심순환,,63,23423,60,16,상행,상도중학교,349.6,2026-05-12
111,도심순환(시계방향),도심순환,도심순환,,63,23423,60,17,상행,쌍용사거리,684.6,2026-05-12
111,도심순환(시계방향),도심순환,도심순환,,63,23423,60,18,상행,교보생명,279.1,2026-05-12
111,도심순환(시계방향),도심순환,도심순환,,63,23423,60,19,상행,시외버스터미널,320.4,2026-05-12
111,도심순환(시계방향),도심순환,도심순환,,63,23423,60,20,상행,대잠사거리,755.9,2026-05-12
111,도심순환(시계방향),도심순환,도심순환,,63,23423,60,21,상행,포항성모병원,623.9,2026-05-12
111,도심순환(시계방향),도심순환,도심순환,,63,23423,60,22,상행,시청,349.4,2026-05-12
111,도심순환(시계방향),도심순환,도심순환,,63,23423,60,23,상행,대잠그린파크,305.7,2026-05-12
111,도심순환(시계방향),도심순환,도심순환,,63,23423,60,24,상행,이동온천,519.6,2026-05-12
111,도심순환(시계방향),도심순환,도심순환,,63,23423,60,25,상행,이동그린빌,336.7,2026-05-12
111,도심순환(시계방향),도심순환,도심순환,,63,23423,60,26,상행,이마트 이동점,359.5,2026-05-12
111,도심순환(시계방향),도심순환,도심순환,,63,23423,60,27,상행,이동고등학교,401.6,2026-05-12
111,도심순환(시계방향),도심순환,도심순환,,63,23423,60,28,상행,포항동부교회,743.3,2026-05-12
111,도심순환(시계방향),도심순환,도심순환,,63,23423,60,29,상행,S포항병원,138.6,2026-05-12
111,도심순환(시계방향),도심순환,도심순환,,63,23423,60,30,상행,이동고등학교,676,2026-05-12
111,도심순환(시계방향),도심순환,도심순환,,63,23423,60,31,상행,이동삼성아파트,460.5,2026-05-12
111,도심순환(시계방향),도심순환,도심순환,,63,23423,60,32,상행,양학초등학교,232.5,2026-05-12
111,도심순환(시계방향),도심순환,도심순환,,63,23423,60,33,상행,백학아파트,261,2026-05-12
111,도심순환(시계방향),도심순환,도심순환,,63,23423,60,34,상행,양학온천프라자,301,2026-05-12
111,도심순환(시계방향),도심순환,도심순환,,63,23423,60,35,상행,양학시장,374.7,2026-05-12
111,도심순환(시계방향),도심순환,도심순환,,63,23423,60,36,상행,양학육교,399.5,2026-05-12
111,도심순환(시계방향),도심순환,도심순환,,63,23423,60,37,상행,포항남부초등학교,459.6,2026-05-12
111,도심순환(시계방향),도심순환,도심순환,,63,23423,60,38,상행,필로스호텔,227.5,2026-05-12
111,도심순환(시계방향),도심순환,도심순환,,63,23423,60,39,상행,포항의료원,536.7,2026-05-12
111,도심순환(시계방향),도심순환,도심순환,,63,23423,60,40,상행,용흥동복지회관,416.7,2026-05-12
111,도심순환(시계방향),도심순환,도심순환,,63,23423,60,41,상행,용흥초등학교,322.3,2026-05-12
111,도심순환(시계방향),도심순환,도심순환,,63,23423,60,42,상행,동지재단,135.5,2026-05-12
111,도심순환(시계방향),도심순환,도심순환,,63,23423,60,43,상행,동지재단 출발,233,2026-05-12
111,도심순환(시계방향),도심순환,도심순환,,63,23423,60,44,상행,포항풋살구장,257.9,2026-05-12
111,도심순환(시계방향),도심순환,도심순환,,63,23423,60,45,상행,제일교회 사거리,298.8,2026-05-12
111,도심순환(시계방향),도심순환,도심순환,,63,23423,60,46,상행,포항제일교회,180.2,2026-05-12
111,도심순환(시계방향),도심순환,도심순환,,63,23423,60,47,상행,한라맨션 인근,235.5,2026-05-12
111,도심순환(시계방향),도심순환,도심순환,,63,23423,60,48,상행,한라맨션2차,241.9,2026-05-12
111,도심순환(시계방향),도심순환,도심순환,,63,23423,60,49,상행,용흥우방아파트,245.8,2026-05-12
111,도심순환(시계방향),도심순환,도심순환,,63,23423,60,50,상행,용흥우방상가,149.2,2026-05-12
111,도심순환(시계방향),도심순환,도심순환,,63,23423,60,51,상행,대흥초등학교,437.5,2026-05-12
111,도심순환(시계방향),도심순환,도심순환,,63,23423,60,52,상행,포항여자전자고등학교,261.5,2026-05-12
111,도심순환(시계방향),도심순환,도심순환,,63,23423,60,53,상행,하나로아파트,272,2026-05-12
111,도심순환(시계방향),도심순환,도심순환,,63,23423,60,54,상행,쌍용아파트,295.4,2026-05-12
111,도심순환(시계방향),도심순환,도심순환,,63,23423,60,55,상행,우방아이유쉘아파트,799.2,2026-05-12
111,도심순환(시계방향),도심순환,도심순환,,63,23423,60,56,상행,대동우방아파트,288.2,2026-05-12
111,도심순환(시계방향),도심순환,도심순환,,63,23423,60,57,상행,나루끝,351.8,2026-05-12
111,도심순환(시계방향),도심순환,도심순환,,63,23423,60,58,상행,도심환승센터,471.9,2026-05-12
111,도심순환(시계방향),도심순환,도심순환,,63,23423,60,59,상행,CGV북포항,431.9,2026-05-12
111,도심순환(시계방향),도심순환,도심순환,,63,23423,60,60,상행,죽도어시장,770.2,2026-05-12
111,도심순환(시계방향),도심순환,도심순환,,63,23423,60,61,상행,송도교,403.4,2026-05-12
111,도심순환(시계방향),도심순환,도심순환,,63,23423,60,62,상행,송도사거리,272.4,2026-05-12
111,도심순환(시계방향),도심순환,도심순환,,63,23423,60,63,상행,송도차고지,398.3,2026-05-12
120,북구순환(시계반대),북구순환,북구순환,,70,40578,90,1,상행,양덕차고지,0,2026-05-12
120,북구순환(시계반대),북구순환,북구순환,,70,40578,90,2,상행,양덕한마음체육관,469.7,2026-05-12
120,북구순환(시계반대),북구순환,북구순환,,70,40578,90,3,상행,북부장애인복지회관,269.1,2026-05-12
120,북구순환(시계반대),북구순환,북구순환,,70,40578,90,4,상행,양덕중학교,664.1,2026-05-12
120,북구순환(시계반대),북구순환,북구순환,,70,40578,90,5,상행,양덕체육공원,230.4,2026-05-12
120,북구순환(시계반대),북구순환,북구순환,,70,40578,90,6,상행,농협하나로클럽,678.9,2026-05-12
120,북구순환(시계반대),북구순환,북구순환,,70,40578,90,7,상행,남광하우스토리,405.3,2026-05-12
120,북구순환(시계반대),북구순환,북구순환,,70,40578,90,8,상행,삼구3차,308.5,2026-05-12
120,북구순환(시계반대),북구순환,북구순환,,70,40578,90,9,상행,장량5단지,495,2026-05-12
120,북구순환(시계반대),북구순환,북구순환,,70,40578,90,10,상행,삼구4차,162.9,2026-05-12
120,북구순환(시계반대),북구순환,북구순환,,70,40578,90,11,상행,법원검찰청,480.6,2026-05-12
120,북구순환(시계반대),북구순환,북구순환,,70,40578,90,12,상행,장량휴먼시아,341.5,2026-05-12
120,북구순환(시계반대),북구순환,북구순환,,70,40578,90,13,상행,포항북부경찰서,851.7,2026-05-12
120,북구순환(시계반대),북구순환,북구순환,,70,40578,90,14,상행,포항교육지원청,377.8,2026-05-12
120,북구순환(시계반대),북구순환,북구순환,,70,40578,90,15,상행,중성리,1166.4,2026-05-12
120,북구순환(시계반대),북구순환,북구순환,,70,40578,90,16,상행,흥해보건지소,1533.4,2026-05-12
120,북구순환(시계반대),북구순환,북구순환,,70,40578,90,17,상행,흥해사거리,331.3,2026-05-12
120,북구순환(시계반대),북구순환,북구순환,,70,40578,90,18,상행,흥해환승센터,327.5,2026-05-12
120,북구순환(시계반대),북구순환,북구순환,,70,40578,90,19,상행,마산사거리(방통대),394.6,2026-05-12
120,북구순환(시계반대),북구순환,북구순환,,70,40578,90,20,상행,흥해읍행정복지센터,612.6,2026-05-12
120,북구순환(시계반대),북구순환,북구순환,,70,40578,90,21,상행,흥해공고,438.7,2026-05-12
120,북구순환(시계반대),북구순환,북구순환,,70,40578,90,22,상행,초곡지구,998.6,2026-05-12
120,북구순환(시계반대),북구순환,북구순환,,70,40578,90,23,상행,지엔하임아파트,411.5,2026-05-12
120,북구순환(시계반대),북구순환,북구순환,,70,40578,90,24,상행,초서초등학교,428.6,2026-05-12
120,북구순환(시계반대),북구순환,북구순환,,70,40578,90,25,상행,초곡리슈빌,330.1,2026-05-12
120,북구순환(시계반대),북구순환,북구순환,,70,40578,90,26,상행,초곡초등학교,174,2026-05-12
120,북구순환(시계반대),북구순환,북구순환,,70,40578,90,27,상행,초곡삼구트리니엔,254.5,2026-05-12
120,북구순환(시계반대),북구순환,북구순환,,70,40578,90,28,상행,성곡1리,1538.9,2026-05-12
120,북구순환(시계반대),북구순환,북구순환,,70,40578,90,29,상행,선린대학교입구,227.3,2026-05-12
120,북구순환(시계반대),북구순환,북구순환,,70,40578,90,30,상행,대방엘리움,5393.7,2026-05-12
120,북구순환(시계반대),북구순환,북구순환,,70,40578,90,31,상행,한신더휴,312.1,2026-05-12
120,북구순환(시계반대),북구순환,북구순환,,70,40578,90,32,상행,대련리,241.6,2026-05-12
120,북구순환(시계반대),북구순환,북구순환,,70,40578,90,33,상행,동화아이위시,306.1,2026-05-12
120,북구순환(시계반대),북구순환,북구순환,,70,40578,90,34,상행,경북도청 환동해본부,333.4,2026-05-12
120,북구순환(시계반대),북구순환,북구순환,,70,40578,90,35,상행,융합1체육공원,523,2026-05-12
120,북구순환(시계반대),북구순환,북구순환,,70,40578,90,36,상행,학천교차로,2382.2,2026-05-12
120,북구순환(시계반대),북구순환,북구순환,,70,40578,90,37,상행,달전공원,577.1,2026-05-12
120,북구순환(시계반대),북구순환,북구순환,,70,40578,90,38,상행,포항역(시내행),720,2026-05-12
120,북구순환(시계반대),북구순환,북구순환,,70,40578,90,39,상행,삼도드림파크,701.4,2026-05-12
120,북구순환(시계반대),북구순환,북구순환,,70,40578,90,40,상행,흥해농협달전지점,258.5,2026-05-12
120,북구순환(시계반대),북구순환,북구순환,,70,40578,90,41,상행,달전(무정차),249.4,2026-05-12
120,북구순환(시계반대),북구순환,북구순환,,70,40578,90,42,상행,달전-중앙고(무정차),599.3,2026-05-12
120,북구순환(시계반대),북구순환,북구순환,,70,40578,90,43,상행,포항 중앙고등학교,1088.4,2026-05-12
120,북구순환(시계반대),북구순환,북구순환,,70,40578,90,44,상행,영신고등학교,457.9,2026-05-12
120,북구순환(시계반대),북구순환,북구순환,,70,40578,90,45,상행,유성여자고등학교,833.2,2026-05-12
120,북구순환(시계반대),북구순환,북구순환,,70,40578,90,46,상행,우방아이유쉘아파트,590.9,2026-05-12
120,북구순환(시계반대),북구순환,북구순환,,70,40578,90,47,상행,대동우방아파트,288.2,2026-05-12
120,북구순환(시계반대),북구순환,북구순환,,70,40578,90,48,상행,나루끝,351.8,2026-05-12
120,북구순환(시계반대),북구순환,북구순환,,70,40578,90,49,상행,도심환승센터,447.5,2026-05-12
120,북구순환(시계반대),북구순환,북구순환,,70,40578,90,50,상행,서산사거리,361,2026-05-12
120,북구순환(시계반대),북구순환,북구순환,,70,40578,90,51,상행,롯데시네마,334.2,2026-05-12
120,북구순환(시계반대),북구순환,북구순환,,70,40578,90,52,상행,농협포항시지부,521.9,2026-05-12
120,북구순환(시계반대),북구순환,북구순환,,70,40578,90,53,상행,죽도시장,546.2,2026-05-12
120,북구순환(시계반대),북구순환,북구순환,,70,40578,90,54,상행,육거리,469.2,2026-05-12
120,북구순환(시계반대),북구순환,북구순환,,70,40578,90,55,상행,북부시장,701.1,2026-05-12
120,북구순환(시계반대),북구순환,북구순환,,70,40578,90,56,상행,선린병원,153.5,2026-05-12
120,북구순환(시계반대),북구순환,북구순환,,70,40578,90,57,상행,롯데백화점,518.1,2026-05-12
120,북구순환(시계반대),북구순환,북구순환,,70,40578,90,58,상행,포항세관,498.1,2026-05-12
120,북구순환(시계반대),북구순환,북구순환,,70,40578,90,59,상행,포항고등학교,273.7,2026-05-12
120,북구순환(시계반대),북구순환,북구순환,,70,40578,90,60,상행,우방신천지타운,435.9,2026-05-12
120,북구순환(시계반대),북구순환,북구순환,,70,40578,90,61,상행,창포사거리,364.8,2026-05-12
120,북구순환(시계반대),북구순환,북구순환,,70,40578,90,62,상행,두호초등학교,333.4,2026-05-12
120,북구순환(시계반대),북구순환,북구순환,,70,40578,90,63,상행,장성초등학교,393,2026-05-12
120,북구순환(시계반대),북구순환,북구순환,,70,40578,90,64,상행,HCN경북방송,808.5,2026-05-12
120,북구순환(시계반대),북구순환,북구순환,,70,40578,90,65,상행,포항농협본점,246.6,2026-05-12
120,북구순환(시계반대),북구순환,북구순환,,70,40578,90,66,상행,힐스테이트환호2단지,487.8,2026-05-12
120,북구순환(시계반대),북구순환,북구순환,,70,40578,90,67,상행,롯데낙천대,379.7,2026-05-12
120,북구순환(시계반대),북구순환,북구순환,,70,40578,90,68,상행,힐스테이트환호1단지,234,2026-05-12
120,북구순환(시계반대),북구순환,북구순환,,70,40578,90,69,상행,양덕사거리,269,2026-05-12
120,북구순환(시계반대),북구순환,북구순환,,70,40578,90,70,상행,양덕차고지,576.6,2026-05-12
121,북구순환(시계방향),북구순환,북구순환,,69,40781,120,1,상행,양덕차고지,0,2026-05-12
121,북구순환(시계방향),북구순환,북구순환,,69,40781,120,2,상행,양덕사거리,544.1,2026-05-12
121,북구순환(시계방향),북구순환,북구순환,,69,40781,120,3,상행,힐스테이트환호1단지,220.7,2026-05-12
121,북구순환(시계방향),북구순환,북구순환,,69,40781,120,4,상행,롯데낙천대,271.9,2026-05-12
121,북구순환(시계방향),북구순환,북구순환,,69,40781,120,5,상행,힐스테이트환호2단지,409.5,2026-05-12
121,북구순환(시계방향),북구순환,북구순환,,69,40781,120,6,상행,포항농협본점,550.1,2026-05-12
121,북구순환(시계방향),북구순환,북구순환,,69,40781,120,7,상행,HCN경북방송,243.1,2026-05-12
121,북구순환(시계방향),북구순환,북구순환,,69,40781,120,8,상행,장성초등학교,777.9,2026-05-12
121,북구순환(시계방향),북구순환,북구순환,,69,40781,120,9,상행,두호초등학교,484.7,2026-05-12
121,북구순환(시계방향),북구순환,북구순환,,69,40781,120,10,상행,창포사거리(121),328.7,2026-05-12
121,북구순환(시계방향),북구순환,북구순환,,69,40781,120,11,상행,포항고등학교,440.6,2026-05-12
121,북구순환(시계방향),북구순환,북구순환,,69,40781,120,12,상행,동아전원타운,367.5,2026-05-12
121,북구순환(시계방향),북구순환,북구순환,,69,40781,120,13,상행,포항세관,484.5,2026-05-12
121,북구순환(시계방향),북구순환,북구순환,,69,40781,120,14,상행,롯데백화점,293.8,2026-05-12
121,북구순환(시계방향),북구순환,북구순환,,69,40781,120,15,상행,선린병원,346.8,2026-05-12
121,북구순환(시계방향),북구순환,북구순환,,69,40781,120,16,상행,북부시장,292.4,2026-05-12
121,북구순환(시계방향),북구순환,북구순환,,69,40781,120,17,상행,국민건강보험공단,382,2026-05-12
121,북구순환(시계방향),북구순환,북구순환,,69,40781,120,18,상행,중앙상가,527.7,2026-05-12
121,북구순환(시계방향),북구순환,북구순환,,69,40781,120,19,상행,죽도시장,429.3,2026-05-12
121,북구순환(시계방향),북구순환,북구순환,,69,40781,120,20,상행,농협포항시지부,351.5,2026-05-12
121,북구순환(시계방향),북구순환,북구순환,,69,40781,120,21,상행,롯데시네마,471.8,2026-05-12
121,북구순환(시계방향),북구순환,북구순환,,69,40781,120,22,상행,서산사거리,268,2026-05-12
121,북구순환(시계방향),북구순환,북구순환,,69,40781,120,23,상행,도심환승센터,433.8,2026-05-12
121,북구순환(시계방향),북구순환,북구순환,,69,40781,120,24,상행,나루끝,502.4,2026-05-12
121,북구순환(시계방향),북구순환,북구순환,,69,40781,120,25,상행,우방아이유쉘아파트,608,2026-05-12
121,북구순환(시계방향),북구순환,북구순환,,69,40781,120,26,상행,유성여자고등학교,707.5,2026-05-12
121,북구순환(시계방향),북구순환,북구순환,,69,40781,120,27,상행,영신고등학교,825.1,2026-05-12
121,북구순환(시계방향),북구순환,북구순환,,69,40781,120,28,상행,포항 중앙고등학교,318.7,2026-05-12
121,북구순환(시계방향),북구순환,북구순환,,69,40781,120,29,상행,중앙고-달전(무정차),1092.8,2026-05-12
121,북구순환(시계방향),북구순환,북구순환,,69,40781,120,30,상행,달전(무정차),602.1,2026-05-12
121,북구순환(시계방향),북구순환,북구순환,,69,40781,120,31,상행,흥해농협달전지점,253.5,2026-05-12
121,북구순환(시계방향),북구순환,북구순환,,69,40781,120,32,상행,삼도드림파크,270.3,2026-05-12
121,북구순환(시계방향),북구순환,북구순환,,69,40781,120,33,상행,포항역(흥해행),597.3,2026-05-12
121,북구순환(시계방향),북구순환,북구순환,,69,40781,120,34,상행,달전공원,815.9,2026-05-12
121,북구순환(시계방향),북구순환,북구순환,,69,40781,120,35,상행,학천교차로,589.3,2026-05-12
121,북구순환(시계방향),북구순환,북구순환,,69,40781,120,36,상행,융합1체육공원,2445.8,2026-05-12
121,북구순환(시계방향),북구순환,북구순환,,69,40781,120,37,상행,경북도청 환동해본부,505.9,2026-05-12
121,북구순환(시계방향),북구순환,북구순환,,69,40781,120,38,상행,동화아이위시,325,2026-05-12
121,북구순환(시계방향),북구순환,북구순환,,69,40781,120,39,상행,대련리,302.6,2026-05-12
121,북구순환(시계방향),북구순환,북구순환,,69,40781,120,40,상행,한신더휴,258.5,2026-05-12
121,북구순환(시계방향),북구순환,북구순환,,69,40781,120,41,상행,대방엘리움,318.3,2026-05-12
121,북구순환(시계방향),북구순환,북구순환,,69,40781,120,42,상행,성곡1리,5746.9,2026-05-12
121,북구순환(시계방향),북구순환,북구순환,,69,40781,120,43,상행,초곡삼구트리니엔,1550.5,2026-05-12
121,북구순환(시계방향),북구순환,북구순환,,69,40781,120,44,상행,초곡초등학교,186.1,2026-05-12
121,북구순환(시계방향),북구순환,북구순환,,69,40781,120,45,상행,초곡리슈빌,218.1,2026-05-12
121,북구순환(시계방향),북구순환,북구순환,,69,40781,120,46,상행,초서초등학교,351.6,2026-05-12
121,북구순환(시계방향),북구순환,북구순환,,69,40781,120,47,상행,지엔하임아파트,411.9,2026-05-12
121,북구순환(시계방향),북구순환,북구순환,,69,40781,120,48,상행,초곡지구,406.8,2026-05-12
121,북구순환(시계방향),북구순환,북구순환,,69,40781,120,49,상행,흥해공고,1022.6,2026-05-12
121,북구순환(시계방향),북구순환,북구순환,,69,40781,120,50,상행,흥해읍행정복지센터,460.3,2026-05-12
121,북구순환(시계방향),북구순환,북구순환,,69,40781,120,51,상행,마산사거리(방통대),477,2026-05-12
121,북구순환(시계방향),북구순환,북구순환,,69,40781,120,52,상행,흥해환승센터,474.2,2026-05-12
121,북구순환(시계방향),북구순환,북구순환,,69,40781,120,53,상행,흥해사거리,333.8,2026-05-12
121,북구순환(시계방향),북구순환,북구순환,,69,40781,120,54,상행,흥해보건지소,296.8,2026-05-12
121,북구순환(시계방향),북구순환,북구순환,,69,40781,120,55,상행,남송1리,2235.9,2026-05-12
121,북구순환(시계방향),북구순환,북구순환,,69,40781,120,56,상행,포항교육지원청,609.6,2026-05-12
121,북구순환(시계방향),북구순환,북구순환,,69,40781,120,57,상행,포항북부경찰서,271.5,2026-05-12
121,북구순환(시계방향),북구순환,북구순환,,69,40781,120,58,상행,장량휴먼시아,896.4,2026-05-12
121,북구순환(시계방향),북구순환,북구순환,,69,40781,120,59,상행,법원검찰청,277.7,2026-05-12
121,북구순환(시계방향),북구순환,북구순환,,69,40781,120,60,상행,삼구4차,470.8,2026-05-12
121,북구순환(시계방향),북구순환,북구순환,,69,40781,120,61,상행,장량5단지,180.1,2026-05-12
121,북구순환(시계방향),북구순환,북구순환,,69,40781,120,62,상행,삼구3차,383,2026-05-12
121,북구순환(시계방향),북구순환,북구순환,,69,40781,120,63,상행,남광하우스토리,409.6,2026-05-12
121,북구순환(시계방향),북구순환,북구순환,,69,40781,120,64,상행,농협하나로클럽,409.7,2026-05-12
121,북구순환(시계방향),북구순환,북구순환,,69,40781,120,65,상행,양덕체육공원,651,2026-05-12
121,북구순환(시계방향),북구순환,북구순환,,69,40781,120,66,상행,양덕중학교,274.2,2026-05-12
121,북구순환(시계방향),북구순환,북구순환,,69,40781,120,67,상행,북부장애인복지회관,662,2026-05-12
121,북구순환(시계방향),북구순환,북구순환,,69,40781,120,68,상행,양덕한마음체육관,268.8,2026-05-12
121,북구순환(시계방향),북구순환,북구순환,,69,40781,120,69,상행,양덕차고지,472.3,2026-05-12
130,남구순환,남구순환,남구순환,,93,42161,120,1,상행,문덕차고지,0,2026-05-12
130,남구순환,남구순환,남구순환,,93,42161,120,2,상행,문덕2리,226.7,2026-05-12
130,남구순환,남구순환,남구순환,,93,42161,120,3,상행,운전면허시험장,335.5,2026-05-12
130,남구순환,남구순환,남구순환,,93,42161,120,4,상행,오천읍민운동장,489.1,2026-05-12
130,남구순환,남구순환,남구순환,,93,42161,120,5,상행,문덕마을회관,1222.2,2026-05-12
130,남구순환,남구순환,남구순환,,93,42161,120,6,상행,문덕1리,436.1,2026-05-12
130,남구순환,남구순환,남구순환,,93,42161,120,7,상행,국민빌라,299.8,2026-05-12
130,남구순환,남구순환,남구순환,,93,42161,120,8,상행,준양주택3차,365.5,2026-05-12
130,남구순환,남구순환,남구순환,,93,42161,120,9,상행,문덕사거리,242.1,2026-05-12
130,남구순환,남구순환,남구순환,,93,42161,120,10,상행,포은중학교,338.3,2026-05-12
130,남구순환,남구순환,남구순환,,93,42161,120,11,상행,새마을금고원동지점,208.4,2026-05-12
130,남구순환,남구순환,남구순환,,93,42161,120,12,상행,오천농협원동지점,310.2,2026-05-12
130,남구순환,남구순환,남구순환,,93,42161,120,13,상행,부영사랑3차,335.2,2026-05-12
130,남구순환,남구순환,남구순환,,93,42161,120,14,상행,원리,405.3,2026-05-12
130,남구순환,남구순환,남구순환,,93,42161,120,15,상행,힐스테이트포항,173.6,2026-05-12
130,남구순환,남구순환,남구순환,,93,42161,120,16,상행,서희스타힐스,598.7,2026-05-12
130,남구순환,남구순환,남구순환,,93,42161,120,17,상행,우방신세계,703.9,2026-05-12
130,남구순환,남구순환,남구순환,,93,42161,120,18,상행,제철동복지회관,525.9,2026-05-12
130,남구순환,남구순환,남구순환,,93,42161,120,19,상행,포스코기술연구소,634.7,2026-05-12
130,남구순환,남구순환,남구순환,,93,42161,120,20,상행,남구보건소,429.9,2026-05-12
130,남구순환,남구순환,남구순환,,93,42161,120,21,상행,남보건소(무정차),258.2,2026-05-12
130,남구순환,남구순환,남구순환,,93,42161,120,22,상행,포스코2문,264.5,2026-05-12
130,남구순환,남구순환,남구순환,,93,42161,120,23,상행,포항스틸야드,510.9,2026-05-12
130,남구순환,남구순환,남구순환,,93,42161,120,24,상행,포스코본사,361.7,2026-05-12
130,남구순환,남구순환,남구순환,,93,42161,120,25,상행,단지주유소,573.8,2026-05-12
130,남구순환,남구순환,남구순환,,93,42161,120,26,상행,현대제철,453.2,2026-05-12
130,남구순환,남구순환,남구순환,,93,42161,120,27,상행,형산로터리(무정차),626.9,2026-05-12
130,남구순환,남구순환,남구순환,,93,42161,120,28,상행,형산로터리,368.2,2026-05-12
130,남구순환,남구순환,남구순환,,93,42161,120,29,상행,장애인생산품판매시설,184.7,2026-05-12
130,남구순환,남구순환,남구순환,,93,42161,120,30,상행,신흥맨션,504.9,2026-05-12
130,남구순환,남구순환,남구순환,,93,42161,120,31,상행,동보상가맨션,502.3,2026-05-12
130,남구순환,남구순환,남구순환,,93,42161,120,32,상행,동해시장,437.6,2026-05-12
130,남구순환,남구순환,남구순환,,93,42161,120,33,상행,해도신협,245.8,2026-05-12
130,남구순환,남구순환,남구순환,,93,42161,120,34,상행,동아타운사거리,232.3,2026-05-12
130,남구순환,남구순환,남구순환,,93,42161,120,35,상행,송림초등학교,251.4,2026-05-12
130,남구순환,남구순환,남구순환,,93,42161,120,36,상행,구송도동행정복지센터,234.5,2026-05-12
130,남구순환,남구순환,남구순환,,93,42161,120,37,상행,소망상사,558.7,2026-05-12
130,남구순환,남구순환,남구순환,,93,42161,120,38,상행,영보빌라,398.5,2026-05-12
130,남구순환,남구순환,남구순환,,93,42161,120,39,상행,태왕아파트,234.9,2026-05-12
130,남구순환,남구순환,남구순환,,93,42161,120,40,상행,송도해수욕장,518.9,2026-05-12
130,남구순환,남구순환,남구순환,,93,42161,120,41,상행,송도해수욕장회차지,396.7,2026-05-12
130,남구순환,남구순환,남구순환,,93,42161,120,42,상행,송도사거리,420.5,2026-05-12
130,남구순환,남구순환,남구순환,,93,42161,120,43,상행,송도교,195.3,2026-05-12
130,남구순환,남구순환,남구순환,,93,42161,120,44,상행,죽도동민복지회관,349.5,2026-05-12
130,남구순환,남구순환,남구순환,,93,42161,120,45,상행,죽도시장,597.6,2026-05-12
130,남구순환,남구순환,남구순환,,93,42161,120,46,상행,육거리,413,2026-05-12
130,남구순환,남구순환,남구순환,,93,42161,120,47,상행,북부시장,757.3,2026-05-12
130,남구순환,남구순환,남구순환,,93,42161,120,48,상행,선린병원,153.5,2026-05-12
130,남구순환,남구순환,남구순환,,93,42161,120,49,상행,선린병원후문,404.5,2026-05-12
130,남구순환,남구순환,남구순환,,93,42161,120,50,상행,도심환승센터,569.9,2026-05-12
130,남구순환,남구순환,남구순환,,93,42161,120,51,상행,서산사거리,361,2026-05-12
130,남구순환,남구순환,남구순환,,93,42161,120,52,상행,롯데시네마,334.2,2026-05-12
130,남구순환,남구순환,남구순환,,93,42161,120,53,상행,구포항역,298.8,2026-05-12
130,남구순환,남구순환,남구순환,,93,42161,120,54,상행,포항서부신협,418.1,2026-05-12
130,남구순환,남구순환,남구순환,,93,42161,120,55,상행,필로스호텔,234.4,2026-05-12
130,남구순환,남구순환,남구순환,,93,42161,120,56,상행,포항남부초등학교,176.5,2026-05-12
130,남구순환,남구순환,남구순환,,93,42161,120,57,상행,양학육교,414.1,2026-05-12
130,남구순환,남구순환,남구순환,,93,42161,120,58,상행,득량동,671.9,2026-05-12
130,남구순환,남구순환,남구순환,,93,42161,120,59,상행,세명고등학교,393.4,2026-05-12
130,남구순환,남구순환,남구순환,,93,42161,120,60,상행,교보생명,468.7,2026-05-12
130,남구순환,남구순환,남구순환,,93,42161,120,61,상행,시외버스터미널,320.4,2026-05-12
130,남구순환,남구순환,남구순환,,93,42161,120,62,상행,한전포항지사,544.7,2026-05-12
130,남구순환,남구순환,남구순환,,93,42161,120,63,상행,SK뷰2차,1009.1,2026-05-12
130,남구순환,남구순환,남구순환,,93,42161,120,64,상행,포항남부경찰서,464.3,2026-05-12
130,남구순환,남구순환,남구순환,,93,42161,120,65,상행,경북자동차학원,699,2026-05-12
130,남구순환,남구순환,남구순환,,93,42161,120,66,상행,연일우체국,271.7,2026-05-12
130,남구순환,남구순환,남구순환,,93,42161,120,67,상행,연일읍행정복지센터,508,2026-05-12
130,남구순환,남구순환,남구순환,,93,42161,120,68,상행,동문리,336,2026-05-12
130,남구순환,남구순환,남구순환,,93,42161,120,69,상행,삼도한솔타운,317.6,2026-05-12
130,남구순환,남구순환,남구순환,,93,42161,120,70,상행,오천리,356,2026-05-12
130,남구순환,남구순환,남구순환,,93,42161,120,71,상행,덕천빌딩,279.5,2026-05-12
130,남구순환,남구순환,남구순환,,93,42161,120,72,상행,장흥동사거리,362.7,2026-05-12
130,남구순환,남구순환,남구순환,,93,42161,120,73,상행,대송파출소,309.2,2026-05-12
130,남구순환,남구순환,남구순환,,93,42161,120,74,상행,대송초등학교,321.3,2026-05-12
130,남구순환,남구순환,남구순환,,93,42161,120,75,상행,포항대송교회,322.5,2026-05-12
130,남구순환,남구순환,남구순환,,93,42161,120,76,상행,송동리,1196.8,2026-05-12
130,남구순환,남구순환,남구순환,,93,42161,120,77,상행,송동회차지,366.9,2026-05-12
130,남구순환,남구순환,남구순환,,93,42161,120,78,상행,송동리,339.7,2026-05-12
130,남구순환,남구순환,남구순환,,93,42161,120,79,상행,유에스티,1615.2,2026-05-12
130,남구순환,남구순환,남구순환,,93,42161,120,80,상행,공단정수장,689.9,2026-05-12
130,남구순환,남구순환,남구순환,,93,42161,120,81,상행,호동근로자종합복지관,603.1,2026-05-12
130,남구순환,남구순환,남구순환,,93,42161,120,82,상행,현대성우캐스팅,606.6,2026-05-12
130,남구순환,남구순환,남구순환,,93,42161,120,83,상행,한일철강,622.4,2026-05-12
130,남구순환,남구순환,남구순환,,93,42161,120,84,상행,준양참마을,1574.2,2026-05-12
130,남구순환,남구순환,남구순환,,93,42161,120,85,상행,문덕사거리,322.3,2026-05-12
130,남구순환,남구순환,남구순환,,93,42161,120,86,상행,준양주택3차,255.2,2026-05-12
130,남구순환,남구순환,남구순환,,93,42161,120,87,상행,국민빌라,287.7,2026-05-12
130,남구순환,남구순환,남구순환,,93,42161,120,88,상행,문덕1리,406,2026-05-12
130,남구순환,남구순환,남구순환,,93,42161,120,89,상행,문덕마을회관,396.4,2026-05-12
130,남구순환,남구순환,남구순환,,93,42161,120,90,상행,오천읍민운동장,1251.8,2026-05-12
130,남구순환,남구순환,남구순환,,93,42161,120,91,상행,운전면허시험장,458.9,2026-05-12
130,남구순환,남구순환,남구순환,,93,42161,120,92,상행,문덕2리,364.7,2026-05-12
130,남구순환,남구순환,남구순환,,93,42161,120,93,상행,문덕차고지,215.9,2026-05-12
130,남구순환(4공단경유),남구순환,남구순환,,97,45420,120,1,상행,문덕차고지,0,2026-05-12
130,남구순환(4공단경유),남구순환,남구순환,,97,45420,120,2,상행,문덕2리,226.7,2026-05-12
130,남구순환(4공단경유),남구순환,남구순환,,97,45420,120,3,상행,운전면허시험장,335.5,2026-05-12
130,남구순환(4공단경유),남구순환,남구순환,,97,45420,120,4,상행,오천읍민운동장,489.1,2026-05-12
130,남구순환(4공단경유),남구순환,남구순환,,97,45420,120,5,상행,문덕마을회관,1222.2,2026-05-12
130,남구순환(4공단경유),남구순환,남구순환,,97,45420,120,6,상행,문덕1리,436.1,2026-05-12
130,남구순환(4공단경유),남구순환,남구순환,,97,45420,120,7,상행,국민빌라,299.8,2026-05-12
130,남구순환(4공단경유),남구순환,남구순환,,97,45420,120,8,상행,준양주택3차,365.5,2026-05-12
130,남구순환(4공단경유),남구순환,남구순환,,97,45420,120,9,상행,문덕사거리,242.1,2026-05-12
130,남구순환(4공단경유),남구순환,남구순환,,97,45420,120,10,상행,포은중학교,338.3,2026-05-12
130,남구순환(4공단경유),남구순환,남구순환,,97,45420,120,11,상행,새마을금고원동지점,208.4,2026-05-12
130,남구순환(4공단경유),남구순환,남구순환,,97,45420,120,12,상행,오천농협원동지점,310.2,2026-05-12
130,남구순환(4공단경유),남구순환,남구순환,,97,45420,120,13,상행,부영사랑3차,335.2,2026-05-12
130,남구순환(4공단경유),남구순환,남구순환,,97,45420,120,14,상행,원리,405.3,2026-05-12
130,남구순환(4공단경유),남구순환,남구순환,,97,45420,120,15,상행,힐스테이트포항,173.6,2026-05-12
130,남구순환(4공단경유),남구순환,남구순환,,97,45420,120,16,상행,서희스타힐스,598.7,2026-05-12
130,남구순환(4공단경유),남구순환,남구순환,,97,45420,120,17,상행,우방신세계,703.9,2026-05-12
130,남구순환(4공단경유),남구순환,남구순환,,97,45420,120,18,상행,제철동복지회관,525.9,2026-05-12
130,남구순환(4공단경유),남구순환,남구순환,,97,45420,120,19,상행,포스코기술연구소,634.7,2026-05-12
130,남구순환(4공단경유),남구순환,남구순환,,97,45420,120,20,상행,남구보건소,429.9,2026-05-12
130,남구순환(4공단경유),남구순환,남구순환,,97,45420,120,21,상행,포스코2문,522.7,2026-05-12
130,남구순환(4공단경유),남구순환,남구순환,,97,45420,120,22,상행,포항스틸야드,510.9,2026-05-12
130,남구순환(4공단경유),남구순환,남구순환,,97,45420,120,23,상행,포스코본사,361.7,2026-05-12
130,남구순환(4공단경유),남구순환,남구순환,,97,45420,120,24,상행,단지주유소,573.8,2026-05-12
130,남구순환(4공단경유),남구순환,남구순환,,97,45420,120,25,상행,현대제철,453.2,2026-05-12
130,남구순환(4공단경유),남구순환,남구순환,,97,45420,120,26,상행,형산로터리,995.1,2026-05-12
130,남구순환(4공단경유),남구순환,남구순환,,97,45420,120,27,상행,장애인생산품판매시설,184.7,2026-05-12
130,남구순환(4공단경유),남구순환,남구순환,,97,45420,120,28,상행,신흥맨션,504.9,2026-05-12
130,남구순환(4공단경유),남구순환,남구순환,,97,45420,120,29,상행,동보상가맨션,502.3,2026-05-12
130,남구순환(4공단경유),남구순환,남구순환,,97,45420,120,30,상행,동해시장,437.6,2026-05-12
130,남구순환(4공단경유),남구순환,남구순환,,97,45420,120,31,상행,해도신협,245.8,2026-05-12
130,남구순환(4공단경유),남구순환,남구순환,,97,45420,120,32,상행,동아타운사거리,232.3,2026-05-12
130,남구순환(4공단경유),남구순환,남구순환,,97,45420,120,33,상행,송림초등학교,251.4,2026-05-12
130,남구순환(4공단경유),남구순환,남구순환,,97,45420,120,34,상행,구송도동행정복지센터,234.5,2026-05-12
130,남구순환(4공단경유),남구순환,남구순환,,97,45420,120,35,상행,소망상사,558.7,2026-05-12
130,남구순환(4공단경유),남구순환,남구순환,,97,45420,120,36,상행,영보빌라,398.5,2026-05-12
130,남구순환(4공단경유),남구순환,남구순환,,97,45420,120,37,상행,태왕아파트,234.9,2026-05-12
130,남구순환(4공단경유),남구순환,남구순환,,97,45420,120,38,상행,송도해수욕장,518.9,2026-05-12
130,남구순환(4공단경유),남구순환,남구순환,,97,45420,120,39,상행,송도해수욕장회차지,396.7,2026-05-12
130,남구순환(4공단경유),남구순환,남구순환,,97,45420,120,40,상행,송도사거리,420.5,2026-05-12
130,남구순환(4공단경유),남구순환,남구순환,,97,45420,120,41,상행,송도교,195.3,2026-05-12
130,남구순환(4공단경유),남구순환,남구순환,,97,45420,120,42,상행,죽도동민복지회관,349.5,2026-05-12
130,남구순환(4공단경유),남구순환,남구순환,,97,45420,120,43,상행,죽도시장,597.6,2026-05-12
130,남구순환(4공단경유),남구순환,남구순환,,97,45420,120,44,상행,육거리,413,2026-05-12
130,남구순환(4공단경유),남구순환,남구순환,,97,45420,120,45,상행,북부시장,757.3,2026-05-12
130,남구순환(4공단경유),남구순환,남구순환,,97,45420,120,46,상행,선린병원,153.5,2026-05-12
130,남구순환(4공단경유),남구순환,남구순환,,97,45420,120,47,상행,선린병원후문,404.5,2026-05-12
130,남구순환(4공단경유),남구순환,남구순환,,97,45420,120,48,상행,도심환승센터,569.9,2026-05-12
130,남구순환(4공단경유),남구순환,남구순환,,97,45420,120,49,상행,서산사거리,361,2026-05-12
130,남구순환(4공단경유),남구순환,남구순환,,97,45420,120,50,상행,롯데시네마,334.2,2026-05-12
130,남구순환(4공단경유),남구순환,남구순환,,97,45420,120,51,상행,구포항역,298.8,2026-05-12
130,남구순환(4공단경유),남구순환,남구순환,,97,45420,120,52,상행,포항서부신협,418.1,2026-05-12
130,남구순환(4공단경유),남구순환,남구순환,,97,45420,120,53,상행,필로스호텔,234.4,2026-05-12
130,남구순환(4공단경유),남구순환,남구순환,,97,45420,120,54,상행,포항남부초등학교,176.5,2026-05-12
130,남구순환(4공단경유),남구순환,남구순환,,97,45420,120,55,상행,양학육교,414.1,2026-05-12
130,남구순환(4공단경유),남구순환,남구순환,,97,45420,120,56,상행,득량동,671.9,2026-05-12
130,남구순환(4공단경유),남구순환,남구순환,,97,45420,120,57,상행,세명고등학교,393.4,2026-05-12
130,남구순환(4공단경유),남구순환,남구순환,,97,45420,120,58,상행,교보생명,468.7,2026-05-12
130,남구순환(4공단경유),남구순환,남구순환,,97,45420,120,59,상행,시외버스터미널,320.4,2026-05-12
130,남구순환(4공단경유),남구순환,남구순환,,97,45420,120,60,상행,한전포항지사,544.7,2026-05-12
130,남구순환(4공단경유),남구순환,남구순환,,97,45420,120,61,상행,SK뷰2차,1009.1,2026-05-12
130,남구순환(4공단경유),남구순환,남구순환,,97,45420,120,62,상행,포항남부경찰서,464.3,2026-05-12
130,남구순환(4공단경유),남구순환,남구순환,,97,45420,120,63,상행,경북자동차학원,699,2026-05-12
130,남구순환(4공단경유),남구순환,남구순환,,97,45420,120,64,상행,연일우체국,271.7,2026-05-12
130,남구순환(4공단경유),남구순환,남구순환,,97,45420,120,65,상행,연일읍행정복지센터,508,2026-05-12
130,남구순환(4공단경유),남구순환,남구순환,,97,45420,120,66,상행,동문리,336,2026-05-12
130,남구순환(4공단경유),남구순환,남구순환,,97,45420,120,67,상행,삼도한솔타운,317.6,2026-05-12
130,남구순환(4공단경유),남구순환,남구순환,,97,45420,120,68,상행,오천리,356,2026-05-12
130,남구순환(4공단경유),남구순환,남구순환,,97,45420,120,69,상행,덕천빌딩,279.5,2026-05-12
130,남구순환(4공단경유),남구순환,남구순환,,97,45420,120,70,상행,장흥동사거리,362.7,2026-05-12
130,남구순환(4공단경유),남구순환,남구순환,,97,45420,120,71,상행,대송파출소,309.2,2026-05-12
130,남구순환(4공단경유),남구순환,남구순환,,97,45420,120,72,상행,대송초등학교,321.3,2026-05-12
130,남구순환(4공단경유),남구순환,남구순환,,97,45420,120,73,상행,포항대송교회,322.5,2026-05-12
130,남구순환(4공단경유),남구순환,남구순환,,97,45420,120,74,상행,송동리,1196.8,2026-05-12
130,남구순환(4공단경유),남구순환,남구순환,,97,45420,120,75,상행,송동회차지,366.9,2026-05-12
130,남구순환(4공단경유),남구순환,남구순환,,97,45420,120,76,상행,송동리,339.7,2026-05-12
130,남구순환(4공단경유),남구순환,남구순환,,97,45420,120,77,상행,동국제강1문,1210,2026-05-12
130,남구순환(4공단경유),남구순환,남구순환,,97,45420,120,78,상행,동국제강3문,1327.3,2026-05-12
130,남구순환(4공단경유),남구순환,남구순환,,97,45420,120,79,상행,시노펙스,1054.5,2026-05-12
130,남구순환(4공단경유),남구순환,남구순환,,97,45420,120,80,상행,태창철강,628.9,2026-05-12
130,남구순환(4공단경유),남구순환,남구순환,,97,45420,120,81,상행,삼일물류터미널,437.2,2026-05-12
130,남구순환(4공단경유),남구순환,남구순환,,97,45420,120,82,상행,삼정제강4공장,370.6,2026-05-12
130,남구순환(4공단경유),남구순환,남구순환,,97,45420,120,83,상행,스틸플라워,690.2,2026-05-12
130,남구순환(4공단경유),남구순환,남구순환,,97,45420,120,84,상행,제1근린공원,863.4,2026-05-12
130,남구순환(4공단경유),남구순환,남구순환,,97,45420,120,85,상행,동국SC2공장,718.8,2026-05-12
130,남구순환(4공단경유),남구순환,남구순환,,97,45420,120,86,상행,세신스틸,801.7,2026-05-12
130,남구순환(4공단경유),남구순환,남구순환,,97,45420,120,87,상행,문덕정림다채움,401.7,2026-05-12
130,남구순환(4공단경유),남구순환,남구순환,,97,45420,120,88,상행,준양참마을,466.9,2026-05-12
130,남구순환(4공단경유),남구순환,남구순환,,97,45420,120,89,상행,문덕사거리,322.3,2026-05-12
130,남구순환(4공단경유),남구순환,남구순환,,97,45420,120,90,상행,준양주택3차,255.2,2026-05-12
130,남구순환(4공단경유),남구순환,남구순환,,97,45420,120,91,상행,국민빌라,287.7,2026-05-12
130,남구순환(4공단경유),남구순환,남구순환,,97,45420,120,92,상행,문덕1리,406,2026-05-12
130,남구순환(4공단경유),남구순환,남구순환,,97,45420,120,93,상행,문덕마을회관,396.4,2026-05-12
130,남구순환(4공단경유),남구순환,남구순환,,97,45420,120,94,상행,오천읍민운동장,1251.8,2026-05-12
130,남구순환(4공단경유),남구순환,남구순환,,97,45420,120,95,상행,운전면허시험장,458.9,2026-05-12
130,남구순환(4공단경유),남구순환,남구순환,,97,45420,120,96,상행,문덕2리,364.7,2026-05-12
130,남구순환(4공단경유),남구순환,남구순환,,97,45420,120,97,상행,문덕차고지,215.9,2026-05-12
131,남구순환,남구순환,남구순환,,90,41191,120,1,상행,문덕차고지,0,2026-05-12
131,남구순환,남구순환,남구순환,,90,41191,120,2,상행,문덕2리,226.7,2026-05-12
131,남구순환,남구순환,남구순환,,90,41191,120,3,상행,운전면허시험장,335.5,2026-05-12
131,남구순환,남구순환,남구순환,,90,41191,120,4,상행,오천읍민운동장,489.1,2026-05-12
131,남구순환,남구순환,남구순환,,90,41191,120,5,상행,문덕마을회관,1222.2,2026-05-12
131,남구순환,남구순환,남구순환,,90,41191,120,6,상행,문덕1리,436.1,2026-05-12
131,남구순환,남구순환,남구순환,,90,41191,120,7,상행,국민빌라,299.8,2026-05-12
131,남구순환,남구순환,남구순환,,90,41191,120,8,상행,준양주택3차,365.5,2026-05-12
131,남구순환,남구순환,남구순환,,90,41191,120,9,상행,준양참마을,592.4,2026-05-12
131,남구순환,남구순환,남구순환,,90,41191,120,10,상행,한일철강,1508.2,2026-05-12
131,남구순환,남구순환,남구순환,,90,41191,120,11,상행,현대성우캐스팅,631.6,2026-05-12
131,남구순환,남구순환,남구순환,,90,41191,120,12,상행,호동근로자종합복지관,623.4,2026-05-12
131,남구순환,남구순환,남구순환,,90,41191,120,13,상행,공단정수장,580.5,2026-05-12
131,남구순환,남구순환,남구순환,,90,41191,120,14,상행,유에스티,699.5,2026-05-12
131,남구순환,남구순환,남구순환,,90,41191,120,15,상행,송동리,1631.8,2026-05-12
131,남구순환,남구순환,남구순환,,90,41191,120,16,상행,송동회차지,366.9,2026-05-12
131,남구순환,남구순환,남구순환,,90,41191,120,17,상행,송동리,339.7,2026-05-12
131,남구순환,남구순환,남구순환,,90,41191,120,18,상행,포항대송교회,1255.6,2026-05-12
131,남구순환,남구순환,남구순환,,90,41191,120,19,상행,대송초등학교,247.8,2026-05-12
131,남구순환,남구순환,남구순환,,90,41191,120,20,상행,대송파출소,271.9,2026-05-12
131,남구순환,남구순환,남구순환,,90,41191,120,21,상행,장흥동사거리,197.7,2026-05-12
131,남구순환,남구순환,남구순환,,90,41191,120,22,상행,덕천빌딩,522.6,2026-05-12
131,남구순환,남구순환,남구순환,,90,41191,120,23,상행,오천리,273,2026-05-12
131,남구순환,남구순환,남구순환,,90,41191,120,24,상행,삼도한솔타운,443.8,2026-05-12
131,남구순환,남구순환,남구순환,,90,41191,120,25,상행,연일읍행정복지센터,357.9,2026-05-12
131,남구순환,남구순환,남구순환,,90,41191,120,26,상행,동해주유소,368.1,2026-05-12
131,남구순환,남구순환,남구순환,,90,41191,120,27,상행,경북자동차학원,479.2,2026-05-12
131,남구순환,남구순환,남구순환,,90,41191,120,28,상행,포항남부경찰서,1101.7,2026-05-12
131,남구순환,남구순환,남구순환,,90,41191,120,29,상행,시외버스터미널,728.9,2026-05-12
131,남구순환,남구순환,남구순환,,90,41191,120,30,상행,쌍용사거리,493.3,2026-05-12
131,남구순환,남구순환,남구순환,,90,41191,120,31,상행,세명고등학교,270.9,2026-05-12
131,남구순환,남구순환,남구순환,,90,41191,120,32,상행,경화주유소,400.5,2026-05-12
131,남구순환,남구순환,남구순환,,90,41191,120,33,상행,양학육교,585.7,2026-05-12
131,남구순환,남구순환,남구순환,,90,41191,120,34,상행,포항남부초등학교,459.6,2026-05-12
131,남구순환,남구순환,남구순환,,90,41191,120,35,상행,필로스호텔,227.5,2026-05-12
131,남구순환,남구순환,남구순환,,90,41191,120,36,상행,구포항역,590.1,2026-05-12
131,남구순환,남구순환,남구순환,,90,41191,120,37,상행,롯데시네마,333.2,2026-05-12
131,남구순환,남구순환,남구순환,,90,41191,120,38,상행,서산사거리,268,2026-05-12
131,남구순환,남구순환,남구순환,,90,41191,120,39,상행,도심환승센터,433.8,2026-05-12
131,남구순환,남구순환,남구순환,,90,41191,120,40,상행,세무서,178.2,2026-05-12
131,남구순환,남구순환,남구순환,,90,41191,120,41,상행,선린병원후문,394,2026-05-12
131,남구순환,남구순환,남구순환,,90,41191,120,42,상행,선린병원,335.5,2026-05-12
131,남구순환,남구순환,남구순환,,90,41191,120,43,상행,북부시장,292.4,2026-05-12
131,남구순환,남구순환,남구순환,,90,41191,120,44,상행,국민건강보험공단,382,2026-05-12
131,남구순환,남구순환,남구순환,,90,41191,120,45,상행,중앙상가,477.6,2026-05-12
131,남구순환,남구순환,남구순환,,90,41191,120,46,상행,죽도시장,426,2026-05-12
131,남구순환,남구순환,남구순환,,90,41191,120,47,상행,죽도동민복지회관,390.5,2026-05-12
131,남구순환,남구순환,남구순환,,90,41191,120,48,상행,송도교,433.4,2026-05-12
131,남구순환,남구순환,남구순환,,90,41191,120,49,상행,송도사거리,272.4,2026-05-12
131,남구순환,남구순환,남구순환,,90,41191,120,50,상행,송도해수욕장회차지,339.3,2026-05-12
131,남구순환,남구순환,남구순환,,90,41191,120,51,상행,송도해수욕장,355.6,2026-05-12
131,남구순환,남구순환,남구순환,,90,41191,120,52,상행,태왕아파트,527.9,2026-05-12
131,남구순환,남구순환,남구순환,,90,41191,120,53,상행,영보빌라,270,2026-05-12
131,남구순환,남구순환,남구순환,,90,41191,120,54,상행,소망상사,299.1,2026-05-12
131,남구순환,남구순환,남구순환,,90,41191,120,55,상행,구송도동행정복지센터,384.7,2026-05-12
131,남구순환,남구순환,남구순환,,90,41191,120,56,상행,송림초등학교,425.5,2026-05-12
131,남구순환,남구순환,남구순환,,90,41191,120,57,상행,해도신협,460.7,2026-05-12
131,남구순환,남구순환,남구순환,,90,41191,120,58,상행,동해시장,344.9,2026-05-12
131,남구순환,남구순환,남구순환,,90,41191,120,59,상행,동보상가맨션,386.3,2026-05-12
131,남구순환,남구순환,남구순환,,90,41191,120,60,상행,신흥맨션,494.2,2026-05-12
131,남구순환,남구순환,남구순환,,90,41191,120,61,상행,장애인생산품판매시설,444.6,2026-05-12
131,남구순환,남구순환,남구순환,,90,41191,120,62,상행,형산로타리,292,2026-05-12
131,남구순환,남구순환,남구순환,,90,41191,120,63,상행,형산로터리(무정차),334.3,2026-05-12
131,남구순환,남구순환,남구순환,,90,41191,120,64,상행,현대제철,642,2026-05-12
131,남구순환,남구순환,남구순환,,90,41191,120,65,상행,단지주유소,480.6,2026-05-12
131,남구순환,남구순환,남구순환,,90,41191,120,66,상행,포스코본사,537,2026-05-12
131,남구순환,남구순환,남구순환,,90,41191,120,67,상행,포항스틸야드,491.5,2026-05-12
131,남구순환,남구순환,남구순환,,90,41191,120,68,상행,포스코2문,397.9,2026-05-12
131,남구순환,남구순환,남구순환,,90,41191,120,69,상행,남구보건소(무정차),243.5,2026-05-12
131,남구순환,남구순환,남구순환,,90,41191,120,70,상행,남구보건소,263.8,2026-05-12
131,남구순환,남구순환,남구순환,,90,41191,120,71,상행,포스코기술연구소,396.6,2026-05-12
131,남구순환,남구순환,남구순환,,90,41191,120,72,상행,인덕동,255.8,2026-05-12
131,남구순환,남구순환,남구순환,,90,41191,120,73,상행,제철동복지회관,329.7,2026-05-12
131,남구순환,남구순환,남구순환,,90,41191,120,74,상행,우방신세계,721.3,2026-05-12
131,남구순환,남구순환,남구순환,,90,41191,120,75,상행,서희스타힐스,818.8,2026-05-12
131,남구순환,남구순환,남구순환,,90,41191,120,76,상행,힐스테이트포항,280.5,2026-05-12
131,남구순환,남구순환,남구순환,,90,41191,120,77,상행,원리,491.4,2026-05-12
131,남구순환,남구순환,남구순환,,90,41191,120,78,상행,부영사랑3차,295.9,2026-05-12
131,남구순환,남구순환,남구순환,,90,41191,120,79,상행,오천농협원동지점,350.9,2026-05-12
131,남구순환,남구순환,남구순환,,90,41191,120,80,상행,새마을금고원동지점,275.1,2026-05-12
131,남구순환,남구순환,남구순환,,90,41191,120,81,상행,원동초등학교,214.2,2026-05-12
131,남구순환,남구순환,남구순환,,90,41191,120,82,상행,문덕사거리,333.6,2026-05-12
131,남구순환,남구순환,남구순환,,90,41191,120,83,상행,준양주택3차,255.2,2026-05-12
131,남구순환,남구순환,남구순환,,90,41191,120,84,상행,국민빌라,287.7,2026-05-12
131,남구순환,남구순환,남구순환,,90,41191,120,85,상행,문덕1리,406,2026-05-12
131,남구순환,남구순환,남구순환,,90,41191,120,86,상행,문덕마을회관,396.4,2026-05-12
131,남구순환,남구순환,남구순환,,90,41191,120,87,상행,오천읍민운동장,1251.8,2026-05-12
131,남구순환,남구순환,남구순환,,90,41191,120,88,상행,운전면허시험장,458.9,2026-05-12
131,남구순환,남구순환,남구순환,,90,41191,120,89,상행,문덕2리,364.7,2026-05-12
131,남구순환,남구순환,남구순환,,90,41191,120,90,상행,문덕차고지,215.9,2026-05-12
131,남구순환(4공단경유),남구순환,남구순환,,96,44439,120,1,상행,문덕차고지,0,2026-05-12
131,남구순환(4공단경유),남구순환,남구순환,,96,44439,120,2,상행,문덕2리,226.7,2026-05-12
131,남구순환(4공단경유),남구순환,남구순환,,96,44439,120,3,상행,운전면허시험장,335.5,2026-05-12
131,남구순환(4공단경유),남구순환,남구순환,,96,44439,120,4,상행,오천읍민운동장,489.1,2026-05-12
131,남구순환(4공단경유),남구순환,남구순환,,96,44439,120,5,상행,문덕마을회관,1222.2,2026-05-12
131,남구순환(4공단경유),남구순환,남구순환,,96,44439,120,6,상행,문덕1리,436.1,2026-05-12
131,남구순환(4공단경유),남구순환,남구순환,,96,44439,120,7,상행,국민빌라,299.8,2026-05-12
131,남구순환(4공단경유),남구순환,남구순환,,96,44439,120,8,상행,준양주택3차,365.5,2026-05-12
131,남구순환(4공단경유),남구순환,남구순환,,96,44439,120,9,상행,준양참마을,697.7,2026-05-12
131,남구순환(4공단경유),남구순환,남구순환,,96,44439,120,10,상행,문덕정림다채움,330.9,2026-05-12
131,남구순환(4공단경유),남구순환,남구순환,,96,44439,120,11,상행,세신스틸,400.9,2026-05-12
131,남구순환(4공단경유),남구순환,남구순환,,96,44439,120,12,상행,동국SC2공장,773.4,2026-05-12
131,남구순환(4공단경유),남구순환,남구순환,,96,44439,120,13,상행,제1근린공원,754.2,2026-05-12
131,남구순환(4공단경유),남구순환,남구순환,,96,44439,120,14,상행,스틸플라워,857.5,2026-05-12
131,남구순환(4공단경유),남구순환,남구순환,,96,44439,120,15,상행,삼정제강4공장,636,2026-05-12
131,남구순환(4공단경유),남구순환,남구순환,,96,44439,120,16,상행,삼일물류터미널,405,2026-05-12
131,남구순환(4공단경유),남구순환,남구순환,,96,44439,120,17,상행,태창철강,431,2026-05-12
131,남구순환(4공단경유),남구순환,남구순환,,96,44439,120,18,상행,시노펙스,641.4,2026-05-12
131,남구순환(4공단경유),남구순환,남구순환,,96,44439,120,19,상행,동국제강3문,1061.1,2026-05-12
131,남구순환(4공단경유),남구순환,남구순환,,96,44439,120,20,상행,동국제강1문,1308.1,2026-05-12
131,남구순환(4공단경유),남구순환,남구순환,,96,44439,120,21,상행,송동리,1218.7,2026-05-12
131,남구순환(4공단경유),남구순환,남구순환,,96,44439,120,22,상행,송동회차지,366.9,2026-05-12
131,남구순환(4공단경유),남구순환,남구순환,,96,44439,120,23,상행,송동리,339.7,2026-05-12
131,남구순환(4공단경유),남구순환,남구순환,,96,44439,120,24,상행,포항대송교회,1255.6,2026-05-12
131,남구순환(4공단경유),남구순환,남구순환,,96,44439,120,25,상행,대송초등학교,247.8,2026-05-12
131,남구순환(4공단경유),남구순환,남구순환,,96,44439,120,26,상행,대송파출소,271.9,2026-05-12
131,남구순환(4공단경유),남구순환,남구순환,,96,44439,120,27,상행,장흥동사거리,197.7,2026-05-12
131,남구순환(4공단경유),남구순환,남구순환,,96,44439,120,28,상행,덕천빌딩,522.6,2026-05-12
131,남구순환(4공단경유),남구순환,남구순환,,96,44439,120,29,상행,오천리,273,2026-05-12
131,남구순환(4공단경유),남구순환,남구순환,,96,44439,120,30,상행,삼도한솔타운,443.8,2026-05-12
131,남구순환(4공단경유),남구순환,남구순환,,96,44439,120,31,상행,연일읍행정복지센터,357.9,2026-05-12
131,남구순환(4공단경유),남구순환,남구순환,,96,44439,120,32,상행,동해주유소,368.1,2026-05-12
131,남구순환(4공단경유),남구순환,남구순환,,96,44439,120,33,상행,경북자동차학원,479.2,2026-05-12
131,남구순환(4공단경유),남구순환,남구순환,,96,44439,120,34,상행,포항남부경찰서,1101.7,2026-05-12
131,남구순환(4공단경유),남구순환,남구순환,,96,44439,120,35,상행,시외버스터미널,728.9,2026-05-12
131,남구순환(4공단경유),남구순환,남구순환,,96,44439,120,36,상행,쌍용사거리,493.3,2026-05-12
131,남구순환(4공단경유),남구순환,남구순환,,96,44439,120,37,상행,세명고등학교,270.9,2026-05-12
131,남구순환(4공단경유),남구순환,남구순환,,96,44439,120,38,상행,경화주유소,400.5,2026-05-12
131,남구순환(4공단경유),남구순환,남구순환,,96,44439,120,39,상행,양학육교,585.7,2026-05-12
131,남구순환(4공단경유),남구순환,남구순환,,96,44439,120,40,상행,포항남부초등학교,459.6,2026-05-12
131,남구순환(4공단경유),남구순환,남구순환,,96,44439,120,41,상행,필로스호텔,227.5,2026-05-12
131,남구순환(4공단경유),남구순환,남구순환,,96,44439,120,42,상행,구포항역,590.1,2026-05-12
131,남구순환(4공단경유),남구순환,남구순환,,96,44439,120,43,상행,롯데시네마,333.2,2026-05-12
131,남구순환(4공단경유),남구순환,남구순환,,96,44439,120,44,상행,서산사거리,268,2026-05-12
131,남구순환(4공단경유),남구순환,남구순환,,96,44439,120,45,상행,도심환승센터,433.8,2026-05-12
131,남구순환(4공단경유),남구순환,남구순환,,96,44439,120,46,상행,세무서,178.2,2026-05-12
131,남구순환(4공단경유),남구순환,남구순환,,96,44439,120,47,상행,선린병원후문,394,2026-05-12
131,남구순환(4공단경유),남구순환,남구순환,,96,44439,120,48,상행,선린병원,335.5,2026-05-12
131,남구순환(4공단경유),남구순환,남구순환,,96,44439,120,49,상행,북부시장,292.4,2026-05-12
131,남구순환(4공단경유),남구순환,남구순환,,96,44439,120,50,상행,국민건강보험공단,382,2026-05-12
131,남구순환(4공단경유),남구순환,남구순환,,96,44439,120,51,상행,중앙상가,477.6,2026-05-12
131,남구순환(4공단경유),남구순환,남구순환,,96,44439,120,52,상행,죽도시장,426,2026-05-12
131,남구순환(4공단경유),남구순환,남구순환,,96,44439,120,53,상행,죽도동민복지회관,390.5,2026-05-12
131,남구순환(4공단경유),남구순환,남구순환,,96,44439,120,54,상행,송도교,433.4,2026-05-12
131,남구순환(4공단경유),남구순환,남구순환,,96,44439,120,55,상행,송도사거리,272.4,2026-05-12
131,남구순환(4공단경유),남구순환,남구순환,,96,44439,120,56,상행,송도해수욕장회차지,339.3,2026-05-12
131,남구순환(4공단경유),남구순환,남구순환,,96,44439,120,57,상행,송도해수욕장,355.6,2026-05-12
131,남구순환(4공단경유),남구순환,남구순환,,96,44439,120,58,상행,태왕아파트,527.9,2026-05-12
131,남구순환(4공단경유),남구순환,남구순환,,96,44439,120,59,상행,영보빌라,270,2026-05-12
131,남구순환(4공단경유),남구순환,남구순환,,96,44439,120,60,상행,소망상사,299.1,2026-05-12
131,남구순환(4공단경유),남구순환,남구순환,,96,44439,120,61,상행,구송도동행정복지센터,384.7,2026-05-12
131,남구순환(4공단경유),남구순환,남구순환,,96,44439,120,62,상행,송림초등학교,425.5,2026-05-12
131,남구순환(4공단경유),남구순환,남구순환,,96,44439,120,63,상행,해도신협,460.7,2026-05-12
131,남구순환(4공단경유),남구순환,남구순환,,96,44439,120,64,상행,동해시장,344.9,2026-05-12
131,남구순환(4공단경유),남구순환,남구순환,,96,44439,120,65,상행,동보상가맨션,386.3,2026-05-12
131,남구순환(4공단경유),남구순환,남구순환,,96,44439,120,66,상행,신흥맨션,494.2,2026-05-12
131,남구순환(4공단경유),남구순환,남구순환,,96,44439,120,67,상행,장애인생산품판매시설,444.6,2026-05-12
131,남구순환(4공단경유),남구순환,남구순환,,96,44439,120,68,상행,형산로타리,292,2026-05-12
131,남구순환(4공단경유),남구순환,남구순환,,96,44439,120,69,상행,형산로터리(무정차),334.3,2026-05-12
131,남구순환(4공단경유),남구순환,남구순환,,96,44439,120,70,상행,현대제철,642,2026-05-12
131,남구순환(4공단경유),남구순환,남구순환,,96,44439,120,71,상행,단지주유소,480.6,2026-05-12
131,남구순환(4공단경유),남구순환,남구순환,,96,44439,120,72,상행,포스코본사,537,2026-05-12
131,남구순환(4공단경유),남구순환,남구순환,,96,44439,120,73,상행,포항스틸야드,491.5,2026-05-12
131,남구순환(4공단경유),남구순환,남구순환,,96,44439,120,74,상행,포스코2문,397.9,2026-05-12
131,남구순환(4공단경유),남구순환,남구순환,,96,44439,120,75,상행,남구보건소(무정차),243.5,2026-05-12
131,남구순환(4공단경유),남구순환,남구순환,,96,44439,120,76,상행,남구보건소,263.8,2026-05-12
131,남구순환(4공단경유),남구순환,남구순환,,96,44439,120,77,상행,포스코기술연구소,396.6,2026-05-12
131,남구순환(4공단경유),남구순환,남구순환,,96,44439,120,78,상행,인덕동,255.8,2026-05-12
131,남구순환(4공단경유),남구순환,남구순환,,96,44439,120,79,상행,제철동복지회관,329.7,2026-05-12
131,남구순환(4공단경유),남구순환,남구순환,,96,44439,120,80,상행,우방신세계,721.3,2026-05-12
131,남구순환(4공단경유),남구순환,남구순환,,96,44439,120,81,상행,서희스타힐스,818.8,2026-05-12
131,남구순환(4공단경유),남구순환,남구순환,,96,44439,120,82,상행,힐스테이트포항,280.5,2026-05-12
131,남구순환(4공단경유),남구순환,남구순환,,96,44439,120,83,상행,원리,491.4,2026-05-12
131,남구순환(4공단경유),남구순환,남구순환,,96,44439,120,84,상행,부영사랑3차,295.9,2026-05-12
131,남구순환(4공단경유),남구순환,남구순환,,96,44439,120,85,상행,오천농협원동지점,350.9,2026-05-12
131,남구순환(4공단경유),남구순환,남구순환,,96,44439,120,86,상행,새마을금고원동지점,275.1,2026-05-12
131,남구순환(4공단경유),남구순환,남구순환,,96,44439,120,87,상행,원동초등학교,214.2,2026-05-12
131,남구순환(4공단경유),남구순환,남구순환,,96,44439,120,88,상행,문덕사거리,333.6,2026-05-12
131,남구순환(4공단경유),남구순환,남구순환,,96,44439,120,89,상행,준양주택3차,255.2,2026-05-12
131,남구순환(4공단경유),남구순환,남구순환,,96,44439,120,90,상행,국민빌라,287.7,2026-05-12
131,남구순환(4공단경유),남구순환,남구순환,,96,44439,120,91,상행,문덕1리,406,2026-05-12
131,남구순환(4공단경유),남구순환,남구순환,,96,44439,120,92,상행,문덕마을회관,396.4,2026-05-12
131,남구순환(4공단경유),남구순환,남구순환,,96,44439,120,93,상행,오천읍민운동장,1251.8,2026-05-12
131,남구순환(4공단경유),남구순환,남구순환,,96,44439,120,94,상행,운전면허시험장,458.9,2026-05-12
131,남구순환(4공단경유),남구순환,남구순환,,96,44439,120,95,상행,문덕2리,364.7,2026-05-12
131,남구순환(4공단경유),남구순환,남구순환,,96,44439,120,96,상행,문덕차고지,215.9,2026-05-12
206,양덕-위덕대-양덕(기본),양덕행,양덕행,위덕대행,110,56708,120,1,상행,양덕차고지,0,2026-05-12
206,양덕-위덕대-양덕(기본),양덕행,양덕행,위덕대행,110,56708,120,2,상행,양덕한마음체육관,469.7,2026-05-12
206,양덕-위덕대-양덕(기본),양덕행,양덕행,위덕대행,110,56708,120,3,상행,북부장애인복지회관,269.1,2026-05-12
206,양덕-위덕대-양덕(기본),양덕행,양덕행,위덕대행,110,56708,120,4,상행,장량하수처리장,541.3,2026-05-12
206,양덕-위덕대-양덕(기본),양덕행,양덕행,위덕대행,110,56708,120,5,상행,포항대학교,262.6,2026-05-12
206,양덕-위덕대-양덕(기본),양덕행,양덕행,위덕대행,110,56708,120,6,상행,삼성쉐르빌,448.2,2026-05-12
206,양덕-위덕대-양덕(기본),양덕행,양덕행,위덕대행,110,56708,120,7,상행,포항e편한세상,338.1,2026-05-12
206,양덕-위덕대-양덕(기본),양덕행,양덕행,위덕대행,110,56708,120,8,상행,삼구3차,472,2026-05-12
206,양덕-위덕대-양덕(기본),양덕행,양덕행,위덕대행,110,56708,120,9,상행,장량5단지,495,2026-05-12
206,양덕-위덕대-양덕(기본),양덕행,양덕행,위덕대행,110,56708,120,10,상행,삼구4차,162.9,2026-05-12
206,양덕-위덕대-양덕(기본),양덕행,양덕행,위덕대행,110,56708,120,11,상행,법원검찰청,480.6,2026-05-12
206,양덕-위덕대-양덕(기본),양덕행,양덕행,위덕대행,110,56708,120,12,상행,장량휴먼시아,341.5,2026-05-12
206,양덕-위덕대-양덕(기본),양덕행,양덕행,위덕대행,110,56708,120,13,상행,삼도뷰엔빌,306.2,2026-05-12
206,양덕-위덕대-양덕(기본),양덕행,양덕행,위덕대행,110,56708,120,14,상행,장성푸르지오,326.2,2026-05-12
206,양덕-위덕대-양덕(기본),양덕행,양덕행,위덕대행,110,56708,120,15,상행,대림골든빌,504.3,2026-05-12
206,양덕-위덕대-양덕(기본),양덕행,양덕행,위덕대행,110,56708,120,16,상행,포항교회,521.4,2026-05-12
206,양덕-위덕대-양덕(기본),양덕행,양덕행,위덕대행,110,56708,120,17,상행,두산위브후문,378.4,2026-05-12
206,양덕-위덕대-양덕(기본),양덕행,양덕행,위덕대행,110,56708,120,18,상행,포항농협본점,359.3,2026-05-12
206,양덕-위덕대-양덕(기본),양덕행,양덕행,위덕대행,110,56708,120,19,상행,HCN경북방송,243.1,2026-05-12
206,양덕-위덕대-양덕(기본),양덕행,양덕행,위덕대행,110,56708,120,20,상행,장성초등학교,777.9,2026-05-12
206,양덕-위덕대-양덕(기본),양덕행,양덕행,위덕대행,110,56708,120,21,상행,두호초등학교,484.7,2026-05-12
206,양덕-위덕대-양덕(기본),양덕행,양덕행,위덕대행,110,56708,120,22,상행,창포사거리,416.1,2026-05-12
206,양덕-위덕대-양덕(기본),양덕행,양덕행,위덕대행,110,56708,120,23,상행,포항고등학교,305.2,2026-05-12
206,양덕-위덕대-양덕(기본),양덕행,양덕행,위덕대행,110,56708,120,24,상행,포항시여성문화관,601.1,2026-05-12
206,양덕-위덕대-양덕(기본),양덕행,양덕행,위덕대행,110,56708,120,25,상행,우창동행정복지센터,188.7,2026-05-12
206,양덕-위덕대-양덕(기본),양덕행,양덕행,위덕대행,110,56708,120,26,상행,동아화성아파트,709.4,2026-05-12
206,양덕-위덕대-양덕(기본),양덕행,양덕행,위덕대행,110,56708,120,27,상행,세화고등학교,314.7,2026-05-12
206,양덕-위덕대-양덕(기본),양덕행,양덕행,위덕대행,110,56708,120,28,상행,영포아파트,346,2026-05-12
206,양덕-위덕대-양덕(기본),양덕행,양덕행,위덕대행,110,56708,120,29,상행,우방아이유쉘아파트,240.1,2026-05-12
206,양덕-위덕대-양덕(기본),양덕행,양덕행,위덕대행,110,56708,120,30,상행,대동우방아파트,288.2,2026-05-12
206,양덕-위덕대-양덕(기본),양덕행,양덕행,위덕대행,110,56708,120,31,상행,나루끝,351.8,2026-05-12
206,양덕-위덕대-양덕(기본),양덕행,양덕행,위덕대행,110,56708,120,32,상행,도심환승센터,471.9,2026-05-12
206,양덕-위덕대-양덕(기본),양덕행,양덕행,위덕대행,110,56708,120,33,상행,포항꿈트리센터,179.9,2026-05-12
206,양덕-위덕대-양덕(기본),양덕행,양덕행,위덕대행,110,56708,120,34,상행,중앙상가,502.9,2026-05-12
206,양덕-위덕대-양덕(기본),양덕행,양덕행,위덕대행,110,56708,120,35,상행,죽도시장,429.3,2026-05-12
206,양덕-위덕대-양덕(기본),양덕행,양덕행,위덕대행,110,56708,120,36,상행,홈플러스,307.5,2026-05-12
206,양덕-위덕대-양덕(기본),양덕행,양덕행,위덕대행,110,56708,120,37,상행,죽도파출소,377.9,2026-05-12
206,양덕-위덕대-양덕(기본),양덕행,양덕행,위덕대행,110,56708,120,38,상행,GS슈퍼마켓,365.7,2026-05-12
206,양덕-위덕대-양덕(기본),양덕행,양덕행,위덕대행,110,56708,120,39,상행,고용복지플러스센터,352.3,2026-05-12
206,양덕-위덕대-양덕(기본),양덕행,양덕행,위덕대행,110,56708,120,40,상행,산업은행,696.5,2026-05-12
206,양덕-위덕대-양덕(기본),양덕행,양덕행,위덕대행,110,56708,120,41,상행,교보생명,271.3,2026-05-12
206,양덕-위덕대-양덕(기본),양덕행,양덕행,위덕대행,110,56708,120,42,상행,시외버스터미널,320.4,2026-05-12
206,양덕-위덕대-양덕(기본),양덕행,양덕행,위덕대행,110,56708,120,43,상행,상도코아루,647.6,2026-05-12
206,양덕-위덕대-양덕(기본),양덕행,양덕행,위덕대행,110,56708,120,44,상행,자이아파트,551.5,2026-05-12
206,양덕-위덕대-양덕(기본),양덕행,양덕행,위덕대행,110,56708,120,45,상행,효자사거리,367.6,2026-05-12
206,양덕-위덕대-양덕(기본),양덕행,양덕행,위덕대행,110,56708,120,46,상행,SK뷰1차,254.1,2026-05-12
206,양덕-위덕대-양덕(기본),양덕행,양덕행,위덕대행,110,56708,120,47,상행,효자건널목,1085.5,2026-05-12
206,양덕-위덕대-양덕(기본),양덕행,양덕행,위덕대행,110,56708,120,48,상행,청구아파트사거리,646.8,2026-05-12
206,양덕-위덕대-양덕(기본),양덕행,양덕행,위덕대행,110,56708,120,49,상행,대림한숲타운(상),515.9,2026-05-12
206,양덕-위덕대-양덕(기본),양덕행,양덕행,위덕대행,110,56708,120,50,상행,유강초등학교(상),220.9,2026-05-12
206,양덕-위덕대-양덕(기본),양덕행,양덕행,위덕대행,110,56708,120,51,상행,청구아파트사거리,352,2026-05-12
206,양덕-위덕대-양덕(기본),양덕행,양덕행,위덕대행,110,56708,120,52,상행,위덕삼성아파트,5223.1,2026-05-12
206,양덕-위덕대-양덕(기본),양덕행,양덕행,위덕대행,110,56708,120,53,상행,위덕대학교,941.9,2026-05-12
206,양덕-위덕대-양덕(기본),양덕행,양덕행,위덕대행,110,56708,120,54,하행,위덕대학교공학관,585.1,2026-05-12
206,양덕-위덕대-양덕(기본),양덕행,양덕행,위덕대행,110,56708,120,55,하행,위덕대학교,588.8,2026-05-12
206,양덕-위덕대-양덕(기본),양덕행,양덕행,위덕대행,110,56708,120,56,하행,위덕삼성아파트,981.4,2026-05-12
206,양덕-위덕대-양덕(기본),양덕행,양덕행,위덕대행,110,56708,120,57,하행,위덕대->유강,986.4,2026-05-12
206,양덕-위덕대-양덕(기본),양덕행,양덕행,위덕대행,110,56708,120,58,하행,유강정수장인근,4340.4,2026-05-12
206,양덕-위덕대-양덕(기본),양덕행,양덕행,위덕대행,110,56708,120,59,하행,청구아파트사거리,1057.6,2026-05-12
206,양덕-위덕대-양덕(기본),양덕행,양덕행,위덕대행,110,56708,120,60,하행,대림한숲타운(하),504.6,2026-05-12
206,양덕-위덕대-양덕(기본),양덕행,양덕행,위덕대행,110,56708,120,61,하행,유강초등학교(하),218.4,2026-05-12
206,양덕-위덕대-양덕(기본),양덕행,양덕행,위덕대행,110,56708,120,62,하행,청구아파트사거리,365.8,2026-05-12
206,양덕-위덕대-양덕(기본),양덕행,양덕행,위덕대행,110,56708,120,63,하행,효자건널목,718.7,2026-05-12
206,양덕-위덕대-양덕(기본),양덕행,양덕행,위덕대행,110,56708,120,64,하행,SK뷰1차,1089.5,2026-05-12
206,양덕-위덕대-양덕(기본),양덕행,양덕행,위덕대행,110,56708,120,65,하행,효자사거리,297.5,2026-05-12
206,양덕-위덕대-양덕(기본),양덕행,양덕행,위덕대행,110,56708,120,66,하행,SK뷰2차,262.3,2026-05-12
206,양덕-위덕대-양덕(기본),양덕행,양덕행,위덕대행,110,56708,120,67,하행,포항남부경찰서,536,2026-05-12
206,양덕-위덕대-양덕(기본),양덕행,양덕행,위덕대행,110,56708,120,68,하행,시외버스터미널,728.9,2026-05-12
206,양덕-위덕대-양덕(기본),양덕행,양덕행,위덕대행,110,56708,120,69,하행,교보생명,257.2,2026-05-12
206,양덕-위덕대-양덕(기본),양덕행,양덕행,위덕대행,110,56708,120,70,하행,산업은행,382.1,2026-05-12
206,양덕-위덕대-양덕(기본),양덕행,양덕행,위덕대행,110,56708,120,71,하행,고용복지플러스센터,644.9,2026-05-12
206,양덕-위덕대-양덕(기본),양덕행,양덕행,위덕대행,110,56708,120,72,하행,GS슈퍼마켓,351.9,2026-05-12
206,양덕-위덕대-양덕(기본),양덕행,양덕행,위덕대행,110,56708,120,73,하행,죽도파출소,352.5,2026-05-12
206,양덕-위덕대-양덕(기본),양덕행,양덕행,위덕대행,110,56708,120,74,하행,홈플러스(오거리),351.7,2026-05-12
206,양덕-위덕대-양덕(기본),양덕행,양덕행,위덕대행,110,56708,120,75,하행,죽도시장,556.7,2026-05-12
206,양덕-위덕대-양덕(기본),양덕행,양덕행,위덕대행,110,56708,120,76,하행,육거리,413,2026-05-12
206,양덕-위덕대-양덕(기본),양덕행,양덕행,위덕대행,110,56708,120,77,하행,수인사,291.7,2026-05-12
206,양덕-위덕대-양덕(기본),양덕행,양덕행,위덕대행,110,56708,120,78,하행,도심환승센터,366.8,2026-05-12
206,양덕-위덕대-양덕(기본),양덕행,양덕행,위덕대행,110,56708,120,79,하행,세무서,178.2,2026-05-12
206,양덕-위덕대-양덕(기본),양덕행,양덕행,위덕대행,110,56708,120,80,하행,나루끝,324.2,2026-05-12
206,양덕-위덕대-양덕(기본),양덕행,양덕행,위덕대행,110,56708,120,81,하행,우방아이유쉘아파트,608,2026-05-12
206,양덕-위덕대-양덕(기본),양덕행,양덕행,위덕대행,110,56708,120,82,하행,동아화성아파트,339.3,2026-05-12
206,양덕-위덕대-양덕(기본),양덕행,양덕행,위덕대행,110,56708,120,83,하행,세화고등학교,314.7,2026-05-12
206,양덕-위덕대-양덕(기본),양덕행,양덕행,위덕대행,110,56708,120,84,하행,영포아파트,346,2026-05-12
206,양덕-위덕대-양덕(기본),양덕행,양덕행,위덕대행,110,56708,120,85,하행,우창동행정복지센터,533.4,2026-05-12
206,양덕-위덕대-양덕(기본),양덕행,양덕행,위덕대행,110,56708,120,86,하행,포항시여성문화관,185.3,2026-05-12
206,양덕-위덕대-양덕(기본),양덕행,양덕행,위덕대행,110,56708,120,87,하행,포항고(무정차),568.1,2026-05-12
206,양덕-위덕대-양덕(기본),양덕행,양덕행,위덕대행,110,56708,120,88,하행,우방신천지타운,215,2026-05-12
206,양덕-위덕대-양덕(기본),양덕행,양덕행,위덕대행,110,56708,120,89,하행,창포사거리,364.8,2026-05-12
206,양덕-위덕대-양덕(기본),양덕행,양덕행,위덕대행,110,56708,120,90,하행,두호초등학교,333.4,2026-05-12
206,양덕-위덕대-양덕(기본),양덕행,양덕행,위덕대행,110,56708,120,91,하행,장성초등학교,393,2026-05-12
206,양덕-위덕대-양덕(기본),양덕행,양덕행,위덕대행,110,56708,120,92,하행,HCN경북방송,808.5,2026-05-12
206,양덕-위덕대-양덕(기본),양덕행,양덕행,위덕대행,110,56708,120,93,하행,포항농협본점,246.6,2026-05-12
206,양덕-위덕대-양덕(기본),양덕행,양덕행,위덕대행,110,56708,120,94,하행,두산위브후문,311.8,2026-05-12
206,양덕-위덕대-양덕(기본),양덕행,양덕행,위덕대행,110,56708,120,95,하행,포항교회,373.5,2026-05-12
206,양덕-위덕대-양덕(기본),양덕행,양덕행,위덕대행,110,56708,120,96,하행,대림골든빌,410.2,2026-05-12
206,양덕-위덕대-양덕(기본),양덕행,양덕행,위덕대행,110,56708,120,97,하행,장성푸르지오,585,2026-05-12
206,양덕-위덕대-양덕(기본),양덕행,양덕행,위덕대행,110,56708,120,98,하행,삼도뷰엔빌,290.5,2026-05-12
206,양덕-위덕대-양덕(기본),양덕행,양덕행,위덕대행,110,56708,120,99,하행,장량휴먼시아,411.1,2026-05-12
206,양덕-위덕대-양덕(기본),양덕행,양덕행,위덕대행,110,56708,120,100,하행,법원검찰청,277.7,2026-05-12
206,양덕-위덕대-양덕(기본),양덕행,양덕행,위덕대행,110,56708,120,101,하행,삼구4차,470.8,2026-05-12
206,양덕-위덕대-양덕(기본),양덕행,양덕행,위덕대행,110,56708,120,102,하행,장량5단지,180.1,2026-05-12
206,양덕-위덕대-양덕(기본),양덕행,양덕행,위덕대행,110,56708,120,103,하행,삼구3차,383,2026-05-12
206,양덕-위덕대-양덕(기본),양덕행,양덕행,위덕대행,110,56708,120,104,하행,포항e편한세상,510.4,2026-05-12
206,양덕-위덕대-양덕(기본),양덕행,양덕행,위덕대행,110,56708,120,105,하행,삼성쉐르빌,455,2026-05-12
206,양덕-위덕대-양덕(기본),양덕행,양덕행,위덕대행,110,56708,120,106,하행,포항대학교,443.3,2026-05-12
206,양덕-위덕대-양덕(기본),양덕행,양덕행,위덕대행,110,56708,120,107,하행,장량하수처리장,210.6,2026-05-12
206,양덕-위덕대-양덕(기본),양덕행,양덕행,위덕대행,110,56708,120,108,하행,북부장애인복지회관,526.7,2026-05-12
206,양덕-위덕대-양덕(기본),양덕행,양덕행,위덕대행,110,56708,120,109,하행,양덕한마음체육관,268.8,2026-05-12
206,양덕-위덕대-양덕(기본),양덕행,양덕행,위덕대행,110,56708,120,110,하행,양덕차고지,472.3,2026-05-12
206,양덕-위덕대-양덕(자명경유),양덕행,양덕행,위덕대행,118,56553,120,1,상행,양덕차고지,0,2026-05-12
206,양덕-위덕대-양덕(자명경유),양덕행,양덕행,위덕대행,118,56553,120,2,상행,양덕한마음체육관,469.7,2026-05-12
206,양덕-위덕대-양덕(자명경유),양덕행,양덕행,위덕대행,118,56553,120,3,상행,북부장애인복지회관,269.1,2026-05-12
206,양덕-위덕대-양덕(자명경유),양덕행,양덕행,위덕대행,118,56553,120,4,상행,장량하수처리장,541.3,2026-05-12
206,양덕-위덕대-양덕(자명경유),양덕행,양덕행,위덕대행,118,56553,120,5,상행,포항대학교,262.6,2026-05-12
206,양덕-위덕대-양덕(자명경유),양덕행,양덕행,위덕대행,118,56553,120,6,상행,삼성쉐르빌,448.2,2026-05-12
206,양덕-위덕대-양덕(자명경유),양덕행,양덕행,위덕대행,118,56553,120,7,상행,포항e편한세상,338.1,2026-05-12
206,양덕-위덕대-양덕(자명경유),양덕행,양덕행,위덕대행,118,56553,120,8,상행,삼구3차,472,2026-05-12
206,양덕-위덕대-양덕(자명경유),양덕행,양덕행,위덕대행,118,56553,120,9,상행,장량5단지,495,2026-05-12
206,양덕-위덕대-양덕(자명경유),양덕행,양덕행,위덕대행,118,56553,120,10,상행,삼구4차,162.9,2026-05-12
206,양덕-위덕대-양덕(자명경유),양덕행,양덕행,위덕대행,118,56553,120,11,상행,법원검찰청,480.6,2026-05-12
206,양덕-위덕대-양덕(자명경유),양덕행,양덕행,위덕대행,118,56553,120,12,상행,장량휴먼시아,341.5,2026-05-12
206,양덕-위덕대-양덕(자명경유),양덕행,양덕행,위덕대행,118,56553,120,13,상행,삼도뷰엔빌,306.2,2026-05-12
206,양덕-위덕대-양덕(자명경유),양덕행,양덕행,위덕대행,118,56553,120,14,상행,장성푸르지오,326.2,2026-05-12
206,양덕-위덕대-양덕(자명경유),양덕행,양덕행,위덕대행,118,56553,120,15,상행,대림골든빌,504.3,2026-05-12
206,양덕-위덕대-양덕(자명경유),양덕행,양덕행,위덕대행,118,56553,120,16,상행,포항교회,521.4,2026-05-12
206,양덕-위덕대-양덕(자명경유),양덕행,양덕행,위덕대행,118,56553,120,17,상행,두산위브후문,378.4,2026-05-12
206,양덕-위덕대-양덕(자명경유),양덕행,양덕행,위덕대행,118,56553,120,18,상행,포항농협본점,359.3,2026-05-12
206,양덕-위덕대-양덕(자명경유),양덕행,양덕행,위덕대행,118,56553,120,19,상행,HCN경북방송,243.1,2026-05-12
206,양덕-위덕대-양덕(자명경유),양덕행,양덕행,위덕대행,118,56553,120,20,상행,장성초등학교,777.9,2026-05-12
206,양덕-위덕대-양덕(자명경유),양덕행,양덕행,위덕대행,118,56553,120,21,상행,두호초등학교,484.7,2026-05-12
206,양덕-위덕대-양덕(자명경유),양덕행,양덕행,위덕대행,118,56553,120,22,상행,창포사거리,416.1,2026-05-12
206,양덕-위덕대-양덕(자명경유),양덕행,양덕행,위덕대행,118,56553,120,23,상행,포항고등학교,305.2,2026-05-12
206,양덕-위덕대-양덕(자명경유),양덕행,양덕행,위덕대행,118,56553,120,24,상행,포항시여성문화관,601.1,2026-05-12
206,양덕-위덕대-양덕(자명경유),양덕행,양덕행,위덕대행,118,56553,120,25,상행,우창동행정복지센터,188.7,2026-05-12
206,양덕-위덕대-양덕(자명경유),양덕행,양덕행,위덕대행,118,56553,120,26,상행,동아화성아파트,709.4,2026-05-12
206,양덕-위덕대-양덕(자명경유),양덕행,양덕행,위덕대행,118,56553,120,27,상행,세화고등학교,314.7,2026-05-12
206,양덕-위덕대-양덕(자명경유),양덕행,양덕행,위덕대행,118,56553,120,28,상행,영포아파트,346,2026-05-12
206,양덕-위덕대-양덕(자명경유),양덕행,양덕행,위덕대행,118,56553,120,29,상행,우방아이유쉘아파트,240.1,2026-05-12
206,양덕-위덕대-양덕(자명경유),양덕행,양덕행,위덕대행,118,56553,120,30,상행,대동우방아파트,288.2,2026-05-12
206,양덕-위덕대-양덕(자명경유),양덕행,양덕행,위덕대행,118,56553,120,31,상행,나루끝,351.8,2026-05-12
206,양덕-위덕대-양덕(자명경유),양덕행,양덕행,위덕대행,118,56553,120,32,상행,도심환승센터,471.9,2026-05-12
206,양덕-위덕대-양덕(자명경유),양덕행,양덕행,위덕대행,118,56553,120,33,상행,포항꿈트리센터,179.9,2026-05-12
206,양덕-위덕대-양덕(자명경유),양덕행,양덕행,위덕대행,118,56553,120,34,상행,중앙상가,502.9,2026-05-12
206,양덕-위덕대-양덕(자명경유),양덕행,양덕행,위덕대행,118,56553,120,35,상행,죽도시장,429.3,2026-05-12
206,양덕-위덕대-양덕(자명경유),양덕행,양덕행,위덕대행,118,56553,120,36,상행,홈플러스,307.5,2026-05-12
206,양덕-위덕대-양덕(자명경유),양덕행,양덕행,위덕대행,118,56553,120,37,상행,죽도파출소,377.9,2026-05-12
206,양덕-위덕대-양덕(자명경유),양덕행,양덕행,위덕대행,118,56553,120,38,상행,GS슈퍼마켓,365.7,2026-05-12
206,양덕-위덕대-양덕(자명경유),양덕행,양덕행,위덕대행,118,56553,120,39,상행,고용복지플러스센터,352.3,2026-05-12
206,양덕-위덕대-양덕(자명경유),양덕행,양덕행,위덕대행,118,56553,120,40,상행,산업은행,696.5,2026-05-12
206,양덕-위덕대-양덕(자명경유),양덕행,양덕행,위덕대행,118,56553,120,41,상행,교보생명,271.3,2026-05-12
206,양덕-위덕대-양덕(자명경유),양덕행,양덕행,위덕대행,118,56553,120,42,상행,시외버스터미널,320.4,2026-05-12
206,양덕-위덕대-양덕(자명경유),양덕행,양덕행,위덕대행,118,56553,120,43,상행,상도코아루,647.6,2026-05-12
206,양덕-위덕대-양덕(자명경유),양덕행,양덕행,위덕대행,118,56553,120,44,상행,자이아파트,551.5,2026-05-12
206,양덕-위덕대-양덕(자명경유),양덕행,양덕행,위덕대행,118,56553,120,45,상행,효자사거리,367.6,2026-05-12
206,양덕-위덕대-양덕(자명경유),양덕행,양덕행,위덕대행,118,56553,120,46,상행,SK뷰1차,254.1,2026-05-12
206,양덕-위덕대-양덕(자명경유),양덕행,양덕행,위덕대행,118,56553,120,47,상행,효자건널목,1085.5,2026-05-12
206,양덕-위덕대-양덕(자명경유),양덕행,양덕행,위덕대행,118,56553,120,48,상행,청구아파트사거리,646.8,2026-05-12
206,양덕-위덕대-양덕(자명경유),양덕행,양덕행,위덕대행,118,56553,120,49,상행,대림한숲타운(상),515.9,2026-05-12
206,양덕-위덕대-양덕(자명경유),양덕행,양덕행,위덕대행,118,56553,120,50,상행,유강초등학교(상),220.9,2026-05-12
206,양덕-위덕대-양덕(자명경유),양덕행,양덕행,위덕대행,118,56553,120,51,상행,청구아파트사거리,352,2026-05-12
206,양덕-위덕대-양덕(자명경유),양덕행,양덕행,위덕대행,118,56553,120,52,상행,위덕삼성아파트,5223.1,2026-05-12
206,양덕-위덕대-양덕(자명경유),양덕행,양덕행,위덕대행,118,56553,120,53,상행,위덕대학교,941.9,2026-05-12
206,양덕-위덕대-양덕(자명경유),양덕행,양덕행,위덕대행,118,56553,120,54,하행,위덕대학교공학관,585.1,2026-05-12
206,양덕-위덕대-양덕(자명경유),양덕행,양덕행,위덕대행,118,56553,120,55,하행,위덕대학교,588.8,2026-05-12
206,양덕-위덕대-양덕(자명경유),양덕행,양덕행,위덕대행,118,56553,120,56,하행,자명방면,325.9,2026-05-12
206,양덕-위덕대-양덕(자명경유),양덕행,양덕행,위덕대행,118,56553,120,57,하행,자명방면,997,2026-05-12
206,양덕-위덕대-양덕(자명경유),양덕행,양덕행,위덕대행,118,56553,120,58,하행,학전리,967.2,2026-05-12
206,양덕-위덕대-양덕(자명경유),양덕행,양덕행,위덕대행,118,56553,120,59,하행,자명초등학교,482.2,2026-05-12
206,양덕-위덕대-양덕(자명경유),양덕행,양덕행,위덕대행,118,56553,120,60,하행,자명1리,547.1,2026-05-12
206,양덕-위덕대-양덕(자명경유),양덕행,양덕행,위덕대행,118,56553,120,61,하행,자명2리,650.5,2026-05-12
206,양덕-위덕대-양덕(자명경유),양덕행,양덕행,위덕대행,118,56553,120,62,하행,자명LPG충전소,357,2026-05-12
206,양덕-위덕대-양덕(자명경유),양덕행,양덕행,위덕대행,118,56553,120,63,하행,유강1리,599.6,2026-05-12
206,양덕-위덕대-양덕(자명경유),양덕행,양덕행,위덕대행,118,56553,120,64,하행,자명리,472.5,2026-05-12
206,양덕-위덕대-양덕(자명경유),양덕행,양덕행,위덕대행,118,56553,120,65,하행,유강터널출구,245.3,2026-05-12
206,양덕-위덕대-양덕(자명경유),양덕행,양덕행,위덕대행,118,56553,120,66,하행,유강정수장인근,509.2,2026-05-12
206,양덕-위덕대-양덕(자명경유),양덕행,양덕행,위덕대행,118,56553,120,67,하행,청구아파트사거리,1057.6,2026-05-12
206,양덕-위덕대-양덕(자명경유),양덕행,양덕행,위덕대행,118,56553,120,68,하행,대림한숲타운(하),504.6,2026-05-12
206,양덕-위덕대-양덕(자명경유),양덕행,양덕행,위덕대행,118,56553,120,69,하행,유강초등학교(하),218.4,2026-05-12
206,양덕-위덕대-양덕(자명경유),양덕행,양덕행,위덕대행,118,56553,120,70,하행,청구아파트사거리,365.8,2026-05-12
206,양덕-위덕대-양덕(자명경유),양덕행,양덕행,위덕대행,118,56553,120,71,하행,효자건널목,718.7,2026-05-12
206,양덕-위덕대-양덕(자명경유),양덕행,양덕행,위덕대행,118,56553,120,72,하행,SK뷰1차,1089.5,2026-05-12
206,양덕-위덕대-양덕(자명경유),양덕행,양덕행,위덕대행,118,56553,120,73,하행,효자사거리,297.5,2026-05-12
206,양덕-위덕대-양덕(자명경유),양덕행,양덕행,위덕대행,118,56553,120,74,하행,SK뷰2차,262.3,2026-05-12
206,양덕-위덕대-양덕(자명경유),양덕행,양덕행,위덕대행,118,56553,120,75,하행,포항남부경찰서,536,2026-05-12
206,양덕-위덕대-양덕(자명경유),양덕행,양덕행,위덕대행,118,56553,120,76,하행,시외버스터미널,728.9,2026-05-12
206,양덕-위덕대-양덕(자명경유),양덕행,양덕행,위덕대행,118,56553,120,77,하행,교보생명,257.2,2026-05-12
206,양덕-위덕대-양덕(자명경유),양덕행,양덕행,위덕대행,118,56553,120,78,하행,산업은행,382.1,2026-05-12
206,양덕-위덕대-양덕(자명경유),양덕행,양덕행,위덕대행,118,56553,120,79,하행,고용복지플러스센터,644.9,2026-05-12
206,양덕-위덕대-양덕(자명경유),양덕행,양덕행,위덕대행,118,56553,120,80,하행,GS슈퍼마켓,351.9,2026-05-12
206,양덕-위덕대-양덕(자명경유),양덕행,양덕행,위덕대행,118,56553,120,81,하행,죽도파출소,352.5,2026-05-12
206,양덕-위덕대-양덕(자명경유),양덕행,양덕행,위덕대행,118,56553,120,82,하행,홈플러스(오거리),351.7,2026-05-12
206,양덕-위덕대-양덕(자명경유),양덕행,양덕행,위덕대행,118,56553,120,83,하행,죽도시장,556.7,2026-05-12
206,양덕-위덕대-양덕(자명경유),양덕행,양덕행,위덕대행,118,56553,120,84,하행,육거리,413,2026-05-12
206,양덕-위덕대-양덕(자명경유),양덕행,양덕행,위덕대행,118,56553,120,85,하행,수인사,291.7,2026-05-12
206,양덕-위덕대-양덕(자명경유),양덕행,양덕행,위덕대행,118,56553,120,86,하행,도심환승센터,366.8,2026-05-12
206,양덕-위덕대-양덕(자명경유),양덕행,양덕행,위덕대행,118,56553,120,87,하행,세무서,178.2,2026-05-12
206,양덕-위덕대-양덕(자명경유),양덕행,양덕행,위덕대행,118,56553,120,88,하행,나루끝,324.2,2026-05-12
206,양덕-위덕대-양덕(자명경유),양덕행,양덕행,위덕대행,118,56553,120,89,하행,우방아이유쉘아파트,608,2026-05-12
206,양덕-위덕대-양덕(자명경유),양덕행,양덕행,위덕대행,118,56553,120,90,하행,동아화성아파트,339.3,2026-05-12
206,양덕-위덕대-양덕(자명경유),양덕행,양덕행,위덕대행,118,56553,120,91,하행,세화고등학교,314.7,2026-05-12
206,양덕-위덕대-양덕(자명경유),양덕행,양덕행,위덕대행,118,56553,120,92,하행,영포아파트,346,2026-05-12
206,양덕-위덕대-양덕(자명경유),양덕행,양덕행,위덕대행,118,56553,120,93,하행,우창동행정복지센터,533.4,2026-05-12
206,양덕-위덕대-양덕(자명경유),양덕행,양덕행,위덕대행,118,56553,120,94,하행,포항시여성문화관,185.3,2026-05-12
206,양덕-위덕대-양덕(자명경유),양덕행,양덕행,위덕대행,118,56553,120,95,하행,포항고(무정차),568.1,2026-05-12
206,양덕-위덕대-양덕(자명경유),양덕행,양덕행,위덕대행,118,56553,120,96,하행,우방신천지타운,215,2026-05-12
206,양덕-위덕대-양덕(자명경유),양덕행,양덕행,위덕대행,118,56553,120,97,하행,창포사거리,364.8,2026-05-12
206,양덕-위덕대-양덕(자명경유),양덕행,양덕행,위덕대행,118,56553,120,98,하행,두호초등학교,333.4,2026-05-12
206,양덕-위덕대-양덕(자명경유),양덕행,양덕행,위덕대행,118,56553,120,99,하행,장성초등학교,393,2026-05-12
206,양덕-위덕대-양덕(자명경유),양덕행,양덕행,위덕대행,118,56553,120,100,하행,HCN경북방송,808.5,2026-05-12
206,양덕-위덕대-양덕(자명경유),양덕행,양덕행,위덕대행,118,56553,120,101,하행,포항농협본점,246.6,2026-05-12
206,양덕-위덕대-양덕(자명경유),양덕행,양덕행,위덕대행,118,56553,120,102,하행,두산위브후문,311.8,2026-05-12
206,양덕-위덕대-양덕(자명경유),양덕행,양덕행,위덕대행,118,56553,120,103,하행,포항교회,373.5,2026-05-12
206,양덕-위덕대-양덕(자명경유),양덕행,양덕행,위덕대행,118,56553,120,104,하행,대림골든빌,410.2,2026-05-12
206,양덕-위덕대-양덕(자명경유),양덕행,양덕행,위덕대행,118,56553,120,105,하행,장성푸르지오,585,2026-05-12
206,양덕-위덕대-양덕(자명경유),양덕행,양덕행,위덕대행,118,56553,120,106,하행,삼도뷰엔빌,290.5,2026-05-12
206,양덕-위덕대-양덕(자명경유),양덕행,양덕행,위덕대행,118,56553,120,107,하행,장량휴먼시아,411.1,2026-05-12
206,양덕-위덕대-양덕(자명경유),양덕행,양덕행,위덕대행,118,56553,120,108,하행,법원검찰청,277.7,2026-05-12
206,양덕-위덕대-양덕(자명경유),양덕행,양덕행,위덕대행,118,56553,120,109,하행,삼구4차,470.8,2026-05-12
206,양덕-위덕대-양덕(자명경유),양덕행,양덕행,위덕대행,118,56553,120,110,하행,장량5단지,180.1,2026-05-12
206,양덕-위덕대-양덕(자명경유),양덕행,양덕행,위덕대행,118,56553,120,111,하행,삼구3차,383,2026-05-12
206,양덕-위덕대-양덕(자명경유),양덕행,양덕행,위덕대행,118,56553,120,112,하행,포항e편한세상,510.4,2026-05-12
206,양덕-위덕대-양덕(자명경유),양덕행,양덕행,위덕대행,118,56553,120,113,하행,삼성쉐르빌,455,2026-05-12
206,양덕-위덕대-양덕(자명경유),양덕행,양덕행,위덕대행,118,56553,120,114,하행,포항대학교,443.3,2026-05-12
206,양덕-위덕대-양덕(자명경유),양덕행,양덕행,위덕대행,118,56553,120,115,하행,장량하수처리장,210.6,2026-05-12
206,양덕-위덕대-양덕(자명경유),양덕행,양덕행,위덕대행,118,56553,120,116,하행,북부장애인복지회관,526.7,2026-05-12
206,양덕-위덕대-양덕(자명경유),양덕행,양덕행,위덕대행,118,56553,120,117,하행,양덕한마음체육관,268.8,2026-05-12
206,양덕-위덕대-양덕(자명경유),양덕행,양덕행,위덕대행,118,56553,120,118,하행,양덕차고지,472.3,2026-05-12
207,양덕-지곡-양덕(기본),양덕행,양덕행,지곡행,92,38803,120,1,상행,양덕차고지,0,2026-05-12
207,양덕-지곡-양덕(기본),양덕행,양덕행,지곡행,92,38803,120,2,상행,양덕한마음체육관,469.7,2026-05-12
207,양덕-지곡-양덕(기본),양덕행,양덕행,지곡행,92,38803,120,3,상행,북부장애인복지회관,269.1,2026-05-12
207,양덕-지곡-양덕(기본),양덕행,양덕행,지곡행,92,38803,120,4,상행,장량하수처리장,541.3,2026-05-12
207,양덕-지곡-양덕(기본),양덕행,양덕행,지곡행,92,38803,120,5,상행,포항대학교,262.6,2026-05-12
207,양덕-지곡-양덕(기본),양덕행,양덕행,지곡행,92,38803,120,6,상행,삼성쉐르빌,448.2,2026-05-12
207,양덕-지곡-양덕(기본),양덕행,양덕행,지곡행,92,38803,120,7,상행,풍림아이원,433.9,2026-05-12
207,양덕-지곡-양덕(기본),양덕행,양덕행,지곡행,92,38803,120,8,상행,농협하나로클럽,650.6,2026-05-12
207,양덕-지곡-양덕(기본),양덕행,양덕행,지곡행,92,38803,120,9,상행,농협 양덕지점,346.2,2026-05-12
207,양덕-지곡-양덕(기본),양덕행,양덕행,지곡행,92,38803,120,10,상행,청소년수련관,742.5,2026-05-12
207,양덕-지곡-양덕(기본),양덕행,양덕행,지곡행,92,38803,120,11,상행,환호여중,280.9,2026-05-12
207,양덕-지곡-양덕(기본),양덕행,양덕행,지곡행,92,38803,120,12,상행,라메르웨딩컨벤션,394.1,2026-05-12
207,양덕-지곡-양덕(기본),양덕행,양덕행,지곡행,92,38803,120,13,상행,환호해맞이그린빌,384.7,2026-05-12
207,양덕-지곡-양덕(기본),양덕행,양덕행,지곡행,92,38803,120,14,상행,노인복지회관,587.9,2026-05-12
207,양덕-지곡-양덕(기본),양덕행,양덕행,지곡행,92,38803,120,15,상행,설머리물회지구,201.2,2026-05-12
207,양덕-지곡-양덕(기본),양덕행,양덕행,지곡행,92,38803,120,16,상행,동부초등학교,536.2,2026-05-12
207,양덕-지곡-양덕(기본),양덕행,양덕행,지곡행,92,38803,120,17,상행,두호동행정복지센터,264.2,2026-05-12
207,양덕-지곡-양덕(기본),양덕행,양덕행,지곡행,92,38803,120,18,상행,롯데아파트,293.2,2026-05-12
207,양덕-지곡-양덕(기본),양덕행,양덕행,지곡행,92,38803,120,19,상행,우방비치타운,367.9,2026-05-12
207,양덕-지곡-양덕(기본),양덕행,양덕행,지곡행,92,38803,120,20,상행,영일대 해수욕장,241.3,2026-05-12
207,양덕-지곡-양덕(기본),양덕행,양덕행,지곡행,92,38803,120,21,상행,포항세관,346.2,2026-05-12
207,양덕-지곡-양덕(기본),양덕행,양덕행,지곡행,92,38803,120,22,상행,롯데백화점,296.4,2026-05-12
207,양덕-지곡-양덕(기본),양덕행,양덕행,지곡행,92,38803,120,23,상행,북부시장/채움병원,340,2026-05-12
207,양덕-지곡-양덕(기본),양덕행,양덕행,지곡행,92,38803,120,24,상행,국민건강보험공단,503.8,2026-05-12
207,양덕-지곡-양덕(기본),양덕행,양덕행,지곡행,92,38803,120,25,상행,중앙상가,527.7,2026-05-12
207,양덕-지곡-양덕(기본),양덕행,양덕행,지곡행,92,38803,120,26,상행,죽도시장,429.3,2026-05-12
207,양덕-지곡-양덕(기본),양덕행,양덕행,지곡행,92,38803,120,27,상행,홈플러스,307.5,2026-05-12
207,양덕-지곡-양덕(기본),양덕행,양덕행,지곡행,92,38803,120,28,상행,죽도파출소,377.9,2026-05-12
207,양덕-지곡-양덕(기본),양덕행,양덕행,지곡행,92,38803,120,29,상행,GS슈퍼마켓,365.7,2026-05-12
207,양덕-지곡-양덕(기본),양덕행,양덕행,지곡행,92,38803,120,30,상행,고용복지플러스센터,352.3,2026-05-12
207,양덕-지곡-양덕(기본),양덕행,양덕행,지곡행,92,38803,120,31,상행,산업은행,696.5,2026-05-12
207,양덕-지곡-양덕(기본),양덕행,양덕행,지곡행,92,38803,120,32,상행,교보생명,271.3,2026-05-12
207,양덕-지곡-양덕(기본),양덕행,양덕행,지곡행,92,38803,120,33,상행,시외버스터미널,320.4,2026-05-12
207,양덕-지곡-양덕(기본),양덕행,양덕행,지곡행,92,38803,120,34,상행,대잠사거리,755.9,2026-05-12
207,양덕-지곡-양덕(기본),양덕행,양덕행,지곡행,92,38803,120,35,상행,포항성모병원,586.9,2026-05-12
207,양덕-지곡-양덕(기본),양덕행,양덕행,지곡행,92,38803,120,36,상행,영일대입구,503.6,2026-05-12
207,양덕-지곡-양덕(기본),양덕행,양덕행,지곡행,92,38803,120,37,상행,영일대,226.1,2026-05-12
207,양덕-지곡-양덕(기본),양덕행,양덕행,지곡행,92,38803,120,38,상행,효자아트홀,240.2,2026-05-12
207,양덕-지곡-양덕(기본),양덕행,양덕행,지곡행,92,38803,120,39,상행,효곡동행정복지센터,442.3,2026-05-12
207,양덕-지곡-양덕(기본),양덕행,양덕행,지곡행,92,38803,120,40,상행,생명공학연구소,366.5,2026-05-12
207,양덕-지곡-양덕(기본),양덕행,양덕행,지곡행,92,38803,120,41,상행,포스텍,315.7,2026-05-12
207,양덕-지곡-양덕(기본),양덕행,양덕행,지곡행,92,38803,120,42,상행,포항제철공고,660.7,2026-05-12
207,양덕-지곡-양덕(기본),양덕행,양덕행,지곡행,92,38803,120,43,상행,포스코 교육재단,627.9,2026-05-12
207,양덕-지곡-양덕(기본),양덕행,양덕행,지곡행,92,38803,120,44,상행,포항제철고등학교,438.6,2026-05-12
207,양덕-지곡-양덕(기본),양덕행,양덕행,지곡행,92,38803,120,45,상행,효자그린아파트,650.8,2026-05-12
207,양덕-지곡-양덕(기본),양덕행,양덕행,지곡행,92,38803,120,46,상행,포항제철유치원,396.9,2026-05-12
207,양덕-지곡-양덕(기본),양덕행,양덕행,지곡행,92,38803,120,47,상행,현대그린아파트,479.9,2026-05-12
207,양덕-지곡-양덕(기본),양덕행,양덕행,지곡행,92,38803,120,48,하행,포항테크노파크,268.6,2026-05-12
207,양덕-지곡-양덕(기본),양덕행,양덕행,지곡행,92,38803,120,49,하행,LG빌라,581.7,2026-05-12
207,양덕-지곡-양덕(기본),양덕행,양덕행,지곡행,92,38803,120,50,하행,LG빌라입구,276.7,2026-05-12
207,양덕-지곡-양덕(기본),양덕행,양덕행,지곡행,92,38803,120,51,하행,산책로,335.6,2026-05-12
207,양덕-지곡-양덕(기본),양덕행,양덕행,지곡행,92,38803,120,52,하행,교수아파트,795.5,2026-05-12
207,양덕-지곡-양덕(기본),양덕행,양덕행,지곡행,92,38803,120,53,하행,포항제철공고,366.4,2026-05-12
207,양덕-지곡-양덕(기본),양덕행,양덕행,지곡행,92,38803,120,54,하행,포스텍,372.2,2026-05-12
207,양덕-지곡-양덕(기본),양덕행,양덕행,지곡행,92,38803,120,55,하행,생명공학연구소,514.8,2026-05-12
207,양덕-지곡-양덕(기본),양덕행,양덕행,지곡행,92,38803,120,56,하행,효곡동행정복지센터,286.3,2026-05-12
207,양덕-지곡-양덕(기본),양덕행,양덕행,지곡행,92,38803,120,57,하행,효자아트홀,397,2026-05-12
207,양덕-지곡-양덕(기본),양덕행,양덕행,지곡행,92,38803,120,58,하행,효자웰빙아울렛,280.7,2026-05-12
207,양덕-지곡-양덕(기본),양덕행,양덕행,지곡행,92,38803,120,59,하행,포항성모병원,616,2026-05-12
207,양덕-지곡-양덕(기본),양덕행,양덕행,지곡행,92,38803,120,60,하행,대잠사거리,510.5,2026-05-12
207,양덕-지곡-양덕(기본),양덕행,양덕행,지곡행,92,38803,120,61,하행,시외버스터미널,753.4,2026-05-12
207,양덕-지곡-양덕(기본),양덕행,양덕행,지곡행,92,38803,120,62,하행,교보생명,257.2,2026-05-12
207,양덕-지곡-양덕(기본),양덕행,양덕행,지곡행,92,38803,120,63,하행,산업은행,382.1,2026-05-12
207,양덕-지곡-양덕(기본),양덕행,양덕행,지곡행,92,38803,120,64,하행,고용복지플러스센터,644.9,2026-05-12
207,양덕-지곡-양덕(기본),양덕행,양덕행,지곡행,92,38803,120,65,하행,GS슈퍼마켓,351.9,2026-05-12
207,양덕-지곡-양덕(기본),양덕행,양덕행,지곡행,92,38803,120,66,하행,죽도파출소,352.5,2026-05-12
207,양덕-지곡-양덕(기본),양덕행,양덕행,지곡행,92,38803,120,67,하행,홈플러스(오거리),351.7,2026-05-12
207,양덕-지곡-양덕(기본),양덕행,양덕행,지곡행,92,38803,120,68,하행,죽도시장,556.7,2026-05-12
207,양덕-지곡-양덕(기본),양덕행,양덕행,지곡행,92,38803,120,69,하행,육거리,469.2,2026-05-12
207,양덕-지곡-양덕(기본),양덕행,양덕행,지곡행,92,38803,120,70,하행,북구청,457.1,2026-05-12
207,양덕-지곡-양덕(기본),양덕행,양덕행,지곡행,92,38803,120,71,하행,북부시장/채움병원,286.2,2026-05-12
207,양덕-지곡-양덕(기본),양덕행,양덕행,지곡행,92,38803,120,72,하행,롯데백화점,451.7,2026-05-12
207,양덕-지곡-양덕(기본),양덕행,양덕행,지곡행,92,38803,120,73,하행,포항세관,359.3,2026-05-12
207,양덕-지곡-양덕(기본),양덕행,양덕행,지곡행,92,38803,120,74,하행,영일대 해수욕장,333.5,2026-05-12
207,양덕-지곡-양덕(기본),양덕행,양덕행,지곡행,92,38803,120,75,하행,롯데아파트,360.9,2026-05-12
207,양덕-지곡-양덕(기본),양덕행,양덕행,지곡행,92,38803,120,76,하행,두호동행정복지센터,528.1,2026-05-12
207,양덕-지곡-양덕(기본),양덕행,양덕행,지곡행,92,38803,120,77,하행,설머리물회지구,658.7,2026-05-12
207,양덕-지곡-양덕(기본),양덕행,양덕행,지곡행,92,38803,120,78,하행,노인복지회관,276,2026-05-12
207,양덕-지곡-양덕(기본),양덕행,양덕행,지곡행,92,38803,120,79,하행,환호해맞이그린빌,366.9,2026-05-12
207,양덕-지곡-양덕(기본),양덕행,양덕행,지곡행,92,38803,120,80,하행,환호공원,314.5,2026-05-12
207,양덕-지곡-양덕(기본),양덕행,양덕행,지곡행,92,38803,120,81,하행,라메르웨딩컨벤션,296.2,2026-05-12
207,양덕-지곡-양덕(기본),양덕행,양덕행,지곡행,92,38803,120,82,하행,환호여중,315.5,2026-05-12
207,양덕-지곡-양덕(기본),양덕행,양덕행,지곡행,92,38803,120,83,하행,청소년수련관,280.9,2026-05-12
207,양덕-지곡-양덕(기본),양덕행,양덕행,지곡행,92,38803,120,84,하행,농협 양덕지점,734,2026-05-12
207,양덕-지곡-양덕(기본),양덕행,양덕행,지곡행,92,38803,120,85,하행,농협하나로클럽,345.1,2026-05-12
207,양덕-지곡-양덕(기본),양덕행,양덕행,지곡행,92,38803,120,86,하행,풍림아이원,688.1,2026-05-12
207,양덕-지곡-양덕(기본),양덕행,양덕행,지곡행,92,38803,120,87,하행,삼성쉐르빌,452.2,2026-05-12
207,양덕-지곡-양덕(기본),양덕행,양덕행,지곡행,92,38803,120,88,하행,포항대학교,443.3,2026-05-12
207,양덕-지곡-양덕(기본),양덕행,양덕행,지곡행,92,38803,120,89,하행,장량하수처리장,210.6,2026-05-12
207,양덕-지곡-양덕(기본),양덕행,양덕행,지곡행,92,38803,120,90,하행,북부장애인복지회관,526.7,2026-05-12
207,양덕-지곡-양덕(기본),양덕행,양덕행,지곡행,92,38803,120,91,하행,양덕한마음체육관,268.8,2026-05-12
207,양덕-지곡-양덕(기본),양덕행,양덕행,지곡행,92,38803,120,92,하행,양덕차고지,472.3,2026-05-12
209,양덕-동해-양덕(기본),양덕행,양덕행,동해행,105,46644,120,1,상행,양덕차고지,0,2026-05-12
209,양덕-동해-양덕(기본),양덕행,양덕행,동해행,105,46644,120,2,상행,농협 양덕지점,881.8,2026-05-12
209,양덕-동해-양덕(기본),양덕행,양덕행,동해행,105,46644,120,3,상행,남광하우스토리,434.9,2026-05-12
209,양덕-동해-양덕(기본),양덕행,양덕행,동해행,105,46644,120,4,상행,삼구3차,308.5,2026-05-12
209,양덕-동해-양덕(기본),양덕행,양덕행,동해행,105,46644,120,5,상행,장량5단지,495,2026-05-12
209,양덕-동해-양덕(기본),양덕행,양덕행,동해행,105,46644,120,6,상행,삼구4차,162.9,2026-05-12
209,양덕-동해-양덕(기본),양덕행,양덕행,동해행,105,46644,120,7,상행,법원검찰청,480.6,2026-05-12
209,양덕-동해-양덕(기본),양덕행,양덕행,동해행,105,46644,120,8,상행,장량휴먼시아,341.5,2026-05-12
209,양덕-동해-양덕(기본),양덕행,양덕행,동해행,105,46644,120,9,상행,삼도뷰엔빌,306.2,2026-05-12
209,양덕-동해-양덕(기본),양덕행,양덕행,동해행,105,46644,120,10,상행,장성푸르지오,326.2,2026-05-12
209,양덕-동해-양덕(기본),양덕행,양덕행,동해행,105,46644,120,11,상행,대림골든빌,504.3,2026-05-12
209,양덕-동해-양덕(기본),양덕행,양덕행,동해행,105,46644,120,12,상행,두산위브,489.1,2026-05-12
209,양덕-동해-양덕(기본),양덕행,양덕행,동해행,105,46644,120,13,상행,북구치매안심센터,751.3,2026-05-12
209,양덕-동해-양덕(기본),양덕행,양덕행,동해행,105,46644,120,14,상행,현진에버빌3단지,200.7,2026-05-12
209,양덕-동해-양덕(기본),양덕행,양덕행,동해행,105,46644,120,15,상행,럭키아파트,314.7,2026-05-12
209,양덕-동해-양덕(기본),양덕행,양덕행,동해행,105,46644,120,16,상행,동부초등학교후문,313.3,2026-05-12
209,양덕-동해-양덕(기본),양덕행,양덕행,동해행,105,46644,120,17,상행,동부초등학교,250.8,2026-05-12
209,양덕-동해-양덕(기본),양덕행,양덕행,동해행,105,46644,120,18,상행,두호동행정복지센터,264.2,2026-05-12
209,양덕-동해-양덕(기본),양덕행,양덕행,동해행,105,46644,120,19,상행,롯데아파트,293.2,2026-05-12
209,양덕-동해-양덕(기본),양덕행,양덕행,동해행,105,46644,120,20,상행,우방비치타운,367.9,2026-05-12
209,양덕-동해-양덕(기본),양덕행,양덕행,동해행,105,46644,120,21,상행,영일대 해수욕장,241.3,2026-05-12
209,양덕-동해-양덕(기본),양덕행,양덕행,동해행,105,46644,120,22,상행,포항세관,346.2,2026-05-12
209,양덕-동해-양덕(기본),양덕행,양덕행,동해행,105,46644,120,23,상행,롯데백화점,296.4,2026-05-12
209,양덕-동해-양덕(기본),양덕행,양덕행,동해행,105,46644,120,24,상행,북부시장/채움병원,340,2026-05-12
209,양덕-동해-양덕(기본),양덕행,양덕행,동해행,105,46644,120,25,상행,국민건강보험공단,503.8,2026-05-12
209,양덕-동해-양덕(기본),양덕행,양덕행,동해행,105,46644,120,26,상행,중앙상가,477.6,2026-05-12
209,양덕-동해-양덕(기본),양덕행,양덕행,동해행,105,46644,120,27,상행,죽도시장,426,2026-05-12
209,양덕-동해-양덕(기본),양덕행,양덕행,동해행,105,46644,120,28,상행,오거리,320.9,2026-05-12
209,양덕-동해-양덕(기본),양덕행,양덕행,동해행,105,46644,120,29,상행,고속버스터미널,317.7,2026-05-12
209,양덕-동해-양덕(기본),양덕행,양덕행,동해행,105,46644,120,30,상행,해도119안전센터,571,2026-05-12
209,양덕-동해-양덕(기본),양덕행,양덕행,동해행,105,46644,120,31,상행,대해시장,423.9,2026-05-12
209,양덕-동해-양덕(기본),양덕행,양덕행,동해행,105,46644,120,32,상행,장애인생산품판매시설,417.9,2026-05-12
209,양덕-동해-양덕(기본),양덕행,양덕행,동해행,105,46644,120,33,상행,형산로타리,292,2026-05-12
209,양덕-동해-양덕(기본),양덕행,양덕행,동해행,105,46644,120,34,상행,형산로터리(무정차),334.3,2026-05-12
209,양덕-동해-양덕(기본),양덕행,양덕행,동해행,105,46644,120,35,상행,현대제철,642,2026-05-12
209,양덕-동해-양덕(기본),양덕행,양덕행,동해행,105,46644,120,36,상행,단지주유소,480.6,2026-05-12
209,양덕-동해-양덕(기본),양덕행,양덕행,동해행,105,46644,120,37,상행,포스코본사,537,2026-05-12
209,양덕-동해-양덕(기본),양덕행,양덕행,동해행,105,46644,120,38,상행,포항스틸야드,491.5,2026-05-12
209,양덕-동해-양덕(기본),양덕행,양덕행,동해행,105,46644,120,39,상행,포스코2문,397.9,2026-05-12
209,양덕-동해-양덕(기본),양덕행,양덕행,동해행,105,46644,120,40,상행,남구보건소(무정차),243.5,2026-05-12
209,양덕-동해-양덕(기본),양덕행,양덕행,동해행,105,46644,120,41,상행,남구보건소,263.8,2026-05-12
209,양덕-동해-양덕(기본),양덕행,양덕행,동해행,105,46644,120,42,상행,청림파출소,766.4,2026-05-12
209,양덕-동해-양덕(기본),양덕행,양덕행,동해행,105,46644,120,43,상행,청림초등학교,201.2,2026-05-12
209,양덕-동해-양덕(기본),양덕행,양덕행,동해행,105,46644,120,44,상행,해병대BOQ,320.3,2026-05-12
209,양덕-동해-양덕(기본),양덕행,양덕행,동해행,105,46644,120,45,상행,해군 항공역사관,407.7,2026-05-12
209,양덕-동해-양덕(기본),양덕행,양덕행,동해행,105,46644,120,46,상행,포항남부소방서,762.5,2026-05-12
209,양덕-동해-양덕(기본),양덕행,양덕행,동해행,105,46644,120,47,상행,화신식물원,346.1,2026-05-12
209,양덕-동해-양덕(기본),양덕행,양덕행,동해행,105,46644,120,48,상행,공항주유소,435.2,2026-05-12
209,양덕-동해-양덕(기본),양덕행,양덕행,동해행,105,46644,120,49,상행,동해환승센터,805.7,2026-05-12
209,양덕-동해-양덕(기본),양덕행,양덕행,동해행,105,46644,120,50,상행,동해면행정복지센터,255.1,2026-05-12
209,양덕-동해-양덕(기본),양덕행,양덕행,동해행,105,46644,120,51,상행,신정리,513.7,2026-05-12
209,양덕-동해-양덕(기본),양덕행,양덕행,동해행,105,46644,120,52,상행,영남상가,347.6,2026-05-12
209,양덕-동해-양덕(기본),양덕행,양덕행,동해행,105,46644,120,53,상행,약전리,294,2026-05-12
209,양덕-동해-양덕(기본),양덕행,양덕행,동해행,105,46644,120,54,상행,석리,766.3,2026-05-12
209,양덕-동해-양덕(기본),양덕행,양덕행,동해행,105,46644,120,55,하행,신형주택입구,1079.2,2026-05-12
209,양덕-동해-양덕(기본),양덕행,양덕행,동해행,105,46644,120,56,하행,신형주택입구,316.4,2026-05-12
209,양덕-동해-양덕(기본),양덕행,양덕행,동해행,105,46644,120,57,하행,석리,1061.4,2026-05-12
209,양덕-동해-양덕(기본),양덕행,양덕행,동해행,105,46644,120,58,하행,약전리,761.7,2026-05-12
209,양덕-동해-양덕(기본),양덕행,양덕행,동해행,105,46644,120,59,하행,황금상가,312.6,2026-05-12
209,양덕-동해-양덕(기본),양덕행,양덕행,동해행,105,46644,120,60,하행,신정리,258.7,2026-05-12
209,양덕-동해-양덕(기본),양덕행,양덕행,동해행,105,46644,120,61,하행,동해면행정복지센터,533.5,2026-05-12
209,양덕-동해-양덕(기본),양덕행,양덕행,동해행,105,46644,120,62,하행,동해환승센터,309.5,2026-05-12
209,양덕-동해-양덕(기본),양덕행,양덕행,동해행,105,46644,120,63,하행,공항주유소,818.4,2026-05-12
209,양덕-동해-양덕(기본),양덕행,양덕행,동해행,105,46644,120,64,하행,화신식물원,442,2026-05-12
209,양덕-동해-양덕(기본),양덕행,양덕행,동해행,105,46644,120,65,하행,포항남부소방서,512.5,2026-05-12
209,양덕-동해-양덕(기본),양덕행,양덕행,동해행,105,46644,120,66,하행,해군 항공역사관,559.6,2026-05-12
209,양덕-동해-양덕(기본),양덕행,양덕행,동해행,105,46644,120,67,하행,해병대BOQ,416.8,2026-05-12
209,양덕-동해-양덕(기본),양덕행,양덕행,동해행,105,46644,120,68,하행,청림삼거리,679.7,2026-05-12
209,양덕-동해-양덕(기본),양덕행,양덕행,동해행,105,46644,120,69,하행,남구보건소,591.4,2026-05-12
209,양덕-동해-양덕(기본),양덕행,양덕행,동해행,105,46644,120,70,하행,포스코2문,522.7,2026-05-12
209,양덕-동해-양덕(기본),양덕행,양덕행,동해행,105,46644,120,71,하행,포항스틸야드,510.9,2026-05-12
209,양덕-동해-양덕(기본),양덕행,양덕행,동해행,105,46644,120,72,하행,포스코본사,361.7,2026-05-12
209,양덕-동해-양덕(기본),양덕행,양덕행,동해행,105,46644,120,73,하행,단지주유소,573.8,2026-05-12
209,양덕-동해-양덕(기본),양덕행,양덕행,동해행,105,46644,120,74,하행,현대제철,453.2,2026-05-12
209,양덕-동해-양덕(기본),양덕행,양덕행,동해행,105,46644,120,75,하행,형산로터리,995.1,2026-05-12
209,양덕-동해-양덕(기본),양덕행,양덕행,동해행,105,46644,120,76,하행,장애인생산품판매시설,184.7,2026-05-12
209,양덕-동해-양덕(기본),양덕행,양덕행,동해행,105,46644,120,77,하행,대해시장,379.5,2026-05-12
209,양덕-동해-양덕(기본),양덕행,양덕행,동해행,105,46644,120,78,하행,해도119안전센터,495.2,2026-05-12
209,양덕-동해-양덕(기본),양덕행,양덕행,동해행,105,46644,120,79,하행,고속버스터미널,437.6,2026-05-12
209,양덕-동해-양덕(기본),양덕행,양덕행,동해행,105,46644,120,80,하행,오거리,547.2,2026-05-12
209,양덕-동해-양덕(기본),양덕행,양덕행,동해행,105,46644,120,81,하행,죽도시장,439.2,2026-05-12
209,양덕-동해-양덕(기본),양덕행,양덕행,동해행,105,46644,120,82,하행,육거리,469.2,2026-05-12
209,양덕-동해-양덕(기본),양덕행,양덕행,동해행,105,46644,120,83,하행,북구청,457.1,2026-05-12
209,양덕-동해-양덕(기본),양덕행,양덕행,동해행,105,46644,120,84,하행,북부시장/채움병원,286.2,2026-05-12
209,양덕-동해-양덕(기본),양덕행,양덕행,동해행,105,46644,120,85,하행,롯데백화점,451.7,2026-05-12
209,양덕-동해-양덕(기본),양덕행,양덕행,동해행,105,46644,120,86,하행,포항세관,359.3,2026-05-12
209,양덕-동해-양덕(기본),양덕행,양덕행,동해행,105,46644,120,87,하행,영일대 해수욕장,333.5,2026-05-12
209,양덕-동해-양덕(기본),양덕행,양덕행,동해행,105,46644,120,88,하행,롯데아파트,360.9,2026-05-12
209,양덕-동해-양덕(기본),양덕행,양덕행,동해행,105,46644,120,89,하행,두호동행정복지센터,528.1,2026-05-12
209,양덕-동해-양덕(기본),양덕행,양덕행,동해행,105,46644,120,90,하행,동부초등학교후문,341.9,2026-05-12
209,양덕-동해-양덕(기본),양덕행,양덕행,동해행,105,46644,120,91,하행,럭키아파트,264.9,2026-05-12
209,양덕-동해-양덕(기본),양덕행,양덕행,동해행,105,46644,120,92,하행,장성럭키2차,219.4,2026-05-12
209,양덕-동해-양덕(기본),양덕행,양덕행,동해행,105,46644,120,93,하행,북구치매안심센터,361,2026-05-12
209,양덕-동해-양덕(기본),양덕행,양덕행,동해행,105,46644,120,94,하행,두산위브,752.2,2026-05-12
209,양덕-동해-양덕(기본),양덕행,양덕행,동해행,105,46644,120,95,하행,대림골든빌,381.9,2026-05-12
209,양덕-동해-양덕(기본),양덕행,양덕행,동해행,105,46644,120,96,하행,장성푸르지오,585,2026-05-12
209,양덕-동해-양덕(기본),양덕행,양덕행,동해행,105,46644,120,97,하행,삼도뷰엔빌,290.5,2026-05-12
209,양덕-동해-양덕(기본),양덕행,양덕행,동해행,105,46644,120,98,하행,장량휴먼시아,411.1,2026-05-12
209,양덕-동해-양덕(기본),양덕행,양덕행,동해행,105,46644,120,99,하행,법원검찰청,277.7,2026-05-12
209,양덕-동해-양덕(기본),양덕행,양덕행,동해행,105,46644,120,100,하행,삼구4차,470.8,2026-05-12
209,양덕-동해-양덕(기본),양덕행,양덕행,동해행,105,46644,120,101,하행,장량5단지,180.1,2026-05-12
209,양덕-동해-양덕(기본),양덕행,양덕행,동해행,105,46644,120,102,하행,삼구3차,383,2026-05-12
209,양덕-동해-양덕(기본),양덕행,양덕행,동해행,105,46644,120,103,하행,남광하우스토리,409.6,2026-05-12
209,양덕-동해-양덕(기본),양덕행,양덕행,동해행,105,46644,120,104,하행,농협 양덕지점,440.4,2026-05-12
209,양덕-동해-양덕(기본),양덕행,양덕행,동해행,105,46644,120,105,하행,양덕차고지,888,2026-05-12
216,양덕-유강-양덕(기본),양덕행,양덕행,유강행,105,45012,120,1,상행,양덕차고지,0,2026-05-12
216,양덕-유강-양덕(기본),양덕행,양덕행,유강행,105,45012,120,2,상행,양덕한마음체육관,469.7,2026-05-12
216,양덕-유강-양덕(기본),양덕행,양덕행,유강행,105,45012,120,3,상행,북부장애인복지회관,269.1,2026-05-12
216,양덕-유강-양덕(기본),양덕행,양덕행,유강행,105,45012,120,4,상행,양덕중학교,664.1,2026-05-12
216,양덕-유강-양덕(기본),양덕행,양덕행,유강행,105,45012,120,5,상행,양덕체육공원,230.4,2026-05-12
216,양덕-유강-양덕(기본),양덕행,양덕행,유강행,105,45012,120,6,상행,풍림아이원,754.9,2026-05-12
216,양덕-유강-양덕(기본),양덕행,양덕행,유강행,105,45012,120,7,상행,양서초등학교,805.5,2026-05-12
216,양덕-유강-양덕(기본),양덕행,양덕행,유강행,105,45012,120,8,상행,한국산업인력공단,398.2,2026-05-12
216,양덕-유강-양덕(기본),양덕행,양덕행,유강행,105,45012,120,9,상행,씨티병원(호흡기전담),375.9,2026-05-12
216,양덕-유강-양덕(기본),양덕행,양덕행,유강행,105,45012,120,10,상행,장성고등학교,170.3,2026-05-12
216,양덕-유강-양덕(기본),양덕행,양덕행,유강행,105,45012,120,11,상행,장량동행정복지센터,302.5,2026-05-12
216,양덕-유강-양덕(기본),양덕행,양덕행,유강행,105,45012,120,12,상행,장원초등학교,277.3,2026-05-12
216,양덕-유강-양덕(기본),양덕행,양덕행,유강행,105,45012,120,13,상행,경성홈타운,426.5,2026-05-12
216,양덕-유강-양덕(기본),양덕행,양덕행,유강행,105,45012,120,14,상행,힐스테이트환호2단지,231.8,2026-05-12
216,양덕-유강-양덕(기본),양덕행,양덕행,유강행,105,45012,120,15,상행,포항농협본점,550.1,2026-05-12
216,양덕-유강-양덕(기본),양덕행,양덕행,유강행,105,45012,120,16,상행,HCN경북방송,243.1,2026-05-12
216,양덕-유강-양덕(기본),양덕행,양덕행,유강행,105,45012,120,17,상행,장성초등학교,777.9,2026-05-12
216,양덕-유강-양덕(기본),양덕행,양덕행,유강행,105,45012,120,18,상행,두호초등학교,484.7,2026-05-12
216,양덕-유강-양덕(기본),양덕행,양덕행,유강행,105,45012,120,19,상행,창포사거리,396.4,2026-05-12
216,양덕-유강-양덕(기본),양덕행,양덕행,유강행,105,45012,120,20,상행,두호남부초등학교,339,2026-05-12
216,양덕-유강-양덕(기본),양덕행,양덕행,유강행,105,45012,120,21,상행,롯데아파트,475.6,2026-05-12
216,양덕-유강-양덕(기본),양덕행,양덕행,유강행,105,45012,120,22,상행,우방비치타운,367.9,2026-05-12
216,양덕-유강-양덕(기본),양덕행,양덕행,유강행,105,45012,120,23,상행,영일대 해수욕장,241.3,2026-05-12
216,양덕-유강-양덕(기본),양덕행,양덕행,유강행,105,45012,120,24,상행,포항세관,346.2,2026-05-12
216,양덕-유강-양덕(기본),양덕행,양덕행,유강행,105,45012,120,25,상행,롯데백화점,293.8,2026-05-12
216,양덕-유강-양덕(기본),양덕행,양덕행,유강행,105,45012,120,26,상행,선린병원,346.8,2026-05-12
216,양덕-유강-양덕(기본),양덕행,양덕행,유강행,105,45012,120,27,상행,북부시장,292.4,2026-05-12
216,양덕-유강-양덕(기본),양덕행,양덕행,유강행,105,45012,120,28,상행,국민건강보험공단,382,2026-05-12
216,양덕-유강-양덕(기본),양덕행,양덕행,유강행,105,45012,120,29,상행,중앙상가,527.7,2026-05-12
216,양덕-유강-양덕(기본),양덕행,양덕행,유강행,105,45012,120,30,상행,죽도시장,429.3,2026-05-12
216,양덕-유강-양덕(기본),양덕행,양덕행,유강행,105,45012,120,31,상행,홈플러스,307.5,2026-05-12
216,양덕-유강-양덕(기본),양덕행,양덕행,유강행,105,45012,120,32,상행,죽도파출소,377.9,2026-05-12
216,양덕-유강-양덕(기본),양덕행,양덕행,유강행,105,45012,120,33,상행,GS슈퍼마켓,365.7,2026-05-12
216,양덕-유강-양덕(기본),양덕행,양덕행,유강행,105,45012,120,34,상행,포항중앙교회,478.2,2026-05-12
216,양덕-유강-양덕(기본),양덕행,양덕행,유강행,105,45012,120,35,상행,양학육교,389.4,2026-05-12
216,양덕-유강-양덕(기본),양덕행,양덕행,유강행,105,45012,120,36,상행,양학시장,451.7,2026-05-12
216,양덕-유강-양덕(기본),양덕행,양덕행,유강행,105,45012,120,37,상행,자이애서턴,349.1,2026-05-12
216,양덕-유강-양덕(기본),양덕행,양덕행,유강행,105,45012,120,38,상행,백학아파트,346.8,2026-05-12
216,양덕-유강-양덕(기본),양덕행,양덕행,유강행,105,45012,120,39,상행,양학초등학교,229.6,2026-05-12
216,양덕-유강-양덕(기본),양덕행,양덕행,유강행,105,45012,120,40,상행,이동삼성아파트,338.2,2026-05-12
216,양덕-유강-양덕(기본),양덕행,양덕행,유강행,105,45012,120,41,상행,이마트 이동점,328.2,2026-05-12
216,양덕-유강-양덕(기본),양덕행,양덕행,유강행,105,45012,120,42,상행,이동그린빌,358.6,2026-05-12
216,양덕-유강-양덕(기본),양덕행,양덕행,유강행,105,45012,120,43,상행,이동온천,373.4,2026-05-12
216,양덕-유강-양덕(기본),양덕행,양덕행,유강행,105,45012,120,44,상행,대잠그린파크,519.9,2026-05-12
216,양덕-유강-양덕(기본),양덕행,양덕행,유강행,105,45012,120,45,상행,시청,321,2026-05-12
216,양덕-유강-양덕(기본),양덕행,양덕행,유강행,105,45012,120,46,상행,포항성모병원,367,2026-05-12
216,양덕-유강-양덕(기본),양덕행,양덕행,유강행,105,45012,120,47,상행,대잠사거리,639.4,2026-05-12
216,양덕-유강-양덕(기본),양덕행,양덕행,유강행,105,45012,120,48,상행,상도코아루,571.5,2026-05-12
216,양덕-유강-양덕(기본),양덕행,양덕행,유강행,105,45012,120,49,상행,자이아파트,551.5,2026-05-12
216,양덕-유강-양덕(기본),양덕행,양덕행,유강행,105,45012,120,50,상행,효자사거리,367.6,2026-05-12
216,양덕-유강-양덕(기본),양덕행,양덕행,유강행,105,45012,120,51,상행,SK뷰1차,254.1,2026-05-12
216,양덕-유강-양덕(기본),양덕행,양덕행,유강행,105,45012,120,52,상행,효자건널목,1085.5,2026-05-12
216,양덕-유강-양덕(기본),양덕행,양덕행,유강행,105,45012,120,53,상행,청구아파트사거리,646.8,2026-05-12
216,양덕-유강-양덕(기본),양덕행,양덕행,유강행,105,45012,120,54,하행,대림한숲타운(하),504.6,2026-05-12
216,양덕-유강-양덕(기본),양덕행,양덕행,유강행,105,45012,120,55,하행,유강초등학교(하),218.4,2026-05-12
216,양덕-유강-양덕(기본),양덕행,양덕행,유강행,105,45012,120,56,하행,청구아파트사거리,365.8,2026-05-12
216,양덕-유강-양덕(기본),양덕행,양덕행,유강행,105,45012,120,57,하행,효자건널목,718.7,2026-05-12
216,양덕-유강-양덕(기본),양덕행,양덕행,유강행,105,45012,120,58,하행,SK뷰1차,1089.5,2026-05-12
216,양덕-유강-양덕(기본),양덕행,양덕행,유강행,105,45012,120,59,하행,효자사거리,297.5,2026-05-12
216,양덕-유강-양덕(기본),양덕행,양덕행,유강행,105,45012,120,60,하행,SK뷰2차,262.3,2026-05-12
216,양덕-유강-양덕(기본),양덕행,양덕행,유강행,105,45012,120,61,하행,포항남부경찰서,536,2026-05-12
216,양덕-유강-양덕(기본),양덕행,양덕행,유강행,105,45012,120,62,하행,대잠사거리,655.3,2026-05-12
216,양덕-유강-양덕(기본),양덕행,양덕행,유강행,105,45012,120,63,하행,포항성모병원,623.9,2026-05-12
216,양덕-유강-양덕(기본),양덕행,양덕행,유강행,105,45012,120,64,하행,시청,349.4,2026-05-12
216,양덕-유강-양덕(기본),양덕행,양덕행,유강행,105,45012,120,65,하행,대잠그린파크,305.7,2026-05-12
216,양덕-유강-양덕(기본),양덕행,양덕행,유강행,105,45012,120,66,하행,이동온천,519.6,2026-05-12
216,양덕-유강-양덕(기본),양덕행,양덕행,유강행,105,45012,120,67,하행,이동그린빌,336.7,2026-05-12
216,양덕-유강-양덕(기본),양덕행,양덕행,유강행,105,45012,120,68,하행,이마트 이동점,359.5,2026-05-12
216,양덕-유강-양덕(기본),양덕행,양덕행,유강행,105,45012,120,69,하행,이동삼성아파트,455.1,2026-05-12
216,양덕-유강-양덕(기본),양덕행,양덕행,유강행,105,45012,120,70,하행,양학초등학교,232.5,2026-05-12
216,양덕-유강-양덕(기본),양덕행,양덕행,유강행,105,45012,120,71,하행,백학아파트,261,2026-05-12
216,양덕-유강-양덕(기본),양덕행,양덕행,유강행,105,45012,120,72,하행,양학온천프라자,301,2026-05-12
216,양덕-유강-양덕(기본),양덕행,양덕행,유강행,105,45012,120,73,하행,양학시장,374.7,2026-05-12
216,양덕-유강-양덕(기본),양덕행,양덕행,유강행,105,45012,120,74,하행,양학육교,399.5,2026-05-12
216,양덕-유강-양덕(기본),양덕행,양덕행,유강행,105,45012,120,75,하행,포항중앙교회,461.6,2026-05-12
216,양덕-유강-양덕(기본),양덕행,양덕행,유강행,105,45012,120,76,하행,GS슈퍼마켓,506.3,2026-05-12
216,양덕-유강-양덕(기본),양덕행,양덕행,유강행,105,45012,120,77,하행,죽도파출소,352.5,2026-05-12
216,양덕-유강-양덕(기본),양덕행,양덕행,유강행,105,45012,120,78,하행,홈플러스(오거리),351.7,2026-05-12
216,양덕-유강-양덕(기본),양덕행,양덕행,유강행,105,45012,120,79,하행,죽도시장,556.7,2026-05-12
216,양덕-유강-양덕(기본),양덕행,양덕행,유강행,105,45012,120,80,하행,육거리,413,2026-05-12
216,양덕-유강-양덕(기본),양덕행,양덕행,유강행,105,45012,120,81,하행,북부시장,757.3,2026-05-12
216,양덕-유강-양덕(기본),양덕행,양덕행,유강행,105,45012,120,82,하행,선린병원,153.5,2026-05-12
216,양덕-유강-양덕(기본),양덕행,양덕행,유강행,105,45012,120,83,하행,롯데백화점,518.1,2026-05-12
216,양덕-유강-양덕(기본),양덕행,양덕행,유강행,105,45012,120,84,하행,포항세관,359.8,2026-05-12
216,양덕-유강-양덕(기본),양덕행,양덕행,유강행,105,45012,120,85,하행,영일대 해수욕장,333.5,2026-05-12
216,양덕-유강-양덕(기본),양덕행,양덕행,유강행,105,45012,120,86,하행,롯데아파트,360.9,2026-05-12
216,양덕-유강-양덕(기본),양덕행,양덕행,유강행,105,45012,120,87,하행,두호삼거리,347.7,2026-05-12
216,양덕-유강-양덕(기본),양덕행,양덕행,유강행,105,45012,120,88,하행,두호남부초등학교,387.3,2026-05-12
216,양덕-유강-양덕(기본),양덕행,양덕행,유강행,105,45012,120,89,하행,창포사거리,328.5,2026-05-12
216,양덕-유강-양덕(기본),양덕행,양덕행,유강행,105,45012,120,90,하행,두호초등학교,333.4,2026-05-12
216,양덕-유강-양덕(기본),양덕행,양덕행,유강행,105,45012,120,91,하행,장성초등학교,393,2026-05-12
216,양덕-유강-양덕(기본),양덕행,양덕행,유강행,105,45012,120,92,하행,HCN경북방송,808.5,2026-05-12
216,양덕-유강-양덕(기본),양덕행,양덕행,유강행,105,45012,120,93,하행,포항농협본점,246.6,2026-05-12
216,양덕-유강-양덕(기본),양덕행,양덕행,유강행,105,45012,120,94,하행,힐스테이트환호2단지,276.8,2026-05-12
216,양덕-유강-양덕(기본),양덕행,양덕행,유강행,105,45012,120,95,하행,경성홈타운,489,2026-05-12
216,양덕-유강-양덕(기본),양덕행,양덕행,유강행,105,45012,120,96,하행,장원초등학교,382.9,2026-05-12
216,양덕-유강-양덕(기본),양덕행,양덕행,유강행,105,45012,120,97,하행,장성고등학교,646.2,2026-05-12
216,양덕-유강-양덕(기본),양덕행,양덕행,유강행,105,45012,120,98,하행,한국산업인력공단,296.6,2026-05-12
216,양덕-유강-양덕(기본),양덕행,양덕행,유강행,105,45012,120,99,하행,양서초등학교,577.7,2026-05-12
216,양덕-유강-양덕(기본),양덕행,양덕행,유강행,105,45012,120,100,하행,풍림아이원,838.6,2026-05-12
216,양덕-유강-양덕(기본),양덕행,양덕행,유강행,105,45012,120,101,하행,양덕체육공원,689.5,2026-05-12
216,양덕-유강-양덕(기본),양덕행,양덕행,유강행,105,45012,120,102,하행,양덕중학교,274.2,2026-05-12
216,양덕-유강-양덕(기본),양덕행,양덕행,유강행,105,45012,120,103,하행,북부장애인복지회관,662,2026-05-12
216,양덕-유강-양덕(기본),양덕행,양덕행,유강행,105,45012,120,104,하행,양덕한마음체육관,268.8,2026-05-12
216,양덕-유강-양덕(기본),양덕행,양덕행,유강행,105,45012,120,105,하행,양덕차고지,472.3,2026-05-12
219,도심-죽도시장-석리,도심환승센터행,도심환승센터행,석리행,72,33975,120,1,상행,도심환승센터,0,2026-05-12
219,도심-죽도시장-석리,도심환승센터행,도심환승센터행,석리행,72,33975,120,2,상행,포항꿈트리센터,179.9,2026-05-12
219,도심-죽도시장-석리,도심환승센터행,도심환승센터행,석리행,72,33975,120,3,상행,중앙상가,452.8,2026-05-12
219,도심-죽도시장-석리,도심환승센터행,도심환승센터행,석리행,72,33975,120,4,상행,죽도시장,426,2026-05-12
219,도심-죽도시장-석리,도심환승센터행,도심환승센터행,석리행,72,33975,120,5,상행,오거리,320.9,2026-05-12
219,도심-죽도시장-석리,도심환승센터행,도심환승센터행,석리행,72,33975,120,6,상행,고속버스터미널,317.7,2026-05-12
219,도심-죽도시장-석리,도심환승센터행,도심환승센터행,석리행,72,33975,120,7,상행,해도119안전센터,571,2026-05-12
219,도심-죽도시장-석리,도심환승센터행,도심환승센터행,석리행,72,33975,120,8,상행,대해시장,423.9,2026-05-12
219,도심-죽도시장-석리,도심환승센터행,도심환승센터행,석리행,72,33975,120,9,상행,장애인생산품판매시설,417.9,2026-05-12
219,도심-죽도시장-석리,도심환승센터행,도심환승센터행,석리행,72,33975,120,10,상행,형산로타리,292,2026-05-12
219,도심-죽도시장-석리,도심환승센터행,도심환승센터행,석리행,72,33975,120,11,상행,형산로터리(무정차),334.3,2026-05-12
219,도심-죽도시장-석리,도심환승센터행,도심환승센터행,석리행,72,33975,120,12,상행,현대제철,642,2026-05-12
219,도심-죽도시장-석리,도심환승센터행,도심환승센터행,석리행,72,33975,120,13,상행,단지주유소,480.6,2026-05-12
219,도심-죽도시장-석리,도심환승센터행,도심환승센터행,석리행,72,33975,120,14,상행,포스코본사,537,2026-05-12
219,도심-죽도시장-석리,도심환승센터행,도심환승센터행,석리행,72,33975,120,15,상행,포항스틸야드,491.5,2026-05-12
219,도심-죽도시장-석리,도심환승센터행,도심환승센터행,석리행,72,33975,120,16,상행,포스코2문,397.9,2026-05-12
219,도심-죽도시장-석리,도심환승센터행,도심환승센터행,석리행,72,33975,120,17,상행,남구보건소(무정차),243.5,2026-05-12
219,도심-죽도시장-석리,도심환승센터행,도심환승센터행,석리행,72,33975,120,18,상행,남구보건소,263.8,2026-05-12
219,도심-죽도시장-석리,도심환승센터행,도심환승센터행,석리행,72,33975,120,19,상행,청림파출소,766.4,2026-05-12
219,도심-죽도시장-석리,도심환승센터행,도심환승센터행,석리행,72,33975,120,20,상행,청림초등학교,201.2,2026-05-12
219,도심-죽도시장-석리,도심환승센터행,도심환승센터행,석리행,72,33975,120,21,상행,해병대BOQ,320.3,2026-05-12
219,도심-죽도시장-석리,도심환승센터행,도심환승센터행,석리행,72,33975,120,22,상행,해군 항공역사관,407.7,2026-05-12
219,도심-죽도시장-석리,도심환승센터행,도심환승센터행,석리행,72,33975,120,23,상행,포항남부소방서,762.5,2026-05-12
219,도심-죽도시장-석리,도심환승센터행,도심환승센터행,석리행,72,33975,120,24,상행,화신식물원,346.1,2026-05-12
219,도심-죽도시장-석리,도심환승센터행,도심환승센터행,석리행,72,33975,120,25,상행,공항주유소,435.2,2026-05-12
219,도심-죽도시장-석리,도심환승센터행,도심환승센터행,석리행,72,33975,120,26,상행,동해환승센터,805.7,2026-05-12
219,도심-죽도시장-석리,도심환승센터행,도심환승센터행,석리행,72,33975,120,27,상행,동해면행정복지센터,255.1,2026-05-12
219,도심-죽도시장-석리,도심환승센터행,도심환승센터행,석리행,72,33975,120,28,상행,동해초등학교,315.5,2026-05-12
219,도심-죽도시장-석리,도심환승센터행,도심환승센터행,석리행,72,33975,120,29,상행,해인실버타운,354.6,2026-05-12
219,도심-죽도시장-석리,도심환승센터행,도심환승센터행,석리행,72,33975,120,30,상행,코아루블루인시티,426,2026-05-12
219,도심-죽도시장-석리,도심환승센터행,도심환승센터행,석리행,72,33975,120,31,상행,해인실버타운,716.4,2026-05-12
219,도심-죽도시장-석리,도심환승센터행,도심환승센터행,석리행,72,33975,120,32,상행,동해초등학교,367.5,2026-05-12
219,도심-죽도시장-석리,도심환승센터행,도심환승센터행,석리행,72,33975,120,33,상행,신정리,401.2,2026-05-12
219,도심-죽도시장-석리,도심환승센터행,도심환승센터행,석리행,72,33975,120,34,상행,영남상가,347.6,2026-05-12
219,도심-죽도시장-석리,도심환승센터행,도심환승센터행,석리행,72,33975,120,35,상행,약전리,294,2026-05-12
219,도심-죽도시장-석리,도심환승센터행,도심환승센터행,석리행,72,33975,120,36,상행,석리,766.3,2026-05-12
219,도심-죽도시장-석리,도심환승센터행,도심환승센터행,석리행,72,33975,120,37,상행,신형주택입구,1079.2,2026-05-12
219,도심-죽도시장-석리,도심환승센터행,도심환승센터행,석리행,72,33975,120,38,하행,삼양신형아파트,690.6,2026-05-12
219,도심-죽도시장-석리,도심환승센터행,도심환승센터행,석리행,72,33975,120,39,하행,신형주택입구,720,2026-05-12
219,도심-죽도시장-석리,도심환승센터행,도심환승센터행,석리행,72,33975,120,40,하행,석리,1061.4,2026-05-12
219,도심-죽도시장-석리,도심환승센터행,도심환승센터행,석리행,72,33975,120,41,하행,약전리,761.7,2026-05-12
219,도심-죽도시장-석리,도심환승센터행,도심환승센터행,석리행,72,33975,120,42,하행,황금상가,312.6,2026-05-12
219,도심-죽도시장-석리,도심환승센터행,도심환승센터행,석리행,72,33975,120,43,하행,신정리,258.7,2026-05-12
219,도심-죽도시장-석리,도심환승센터행,도심환승센터행,석리행,72,33975,120,44,하행,동해초등학교,471.6,2026-05-12
219,도심-죽도시장-석리,도심환승센터행,도심환승센터행,석리행,72,33975,120,45,하행,해인실버타운,354.6,2026-05-12
219,도심-죽도시장-석리,도심환승센터행,도심환승센터행,석리행,72,33975,120,46,하행,코아루블루인시티,665,2026-05-12
219,도심-죽도시장-석리,도심환승센터행,도심환승센터행,석리행,72,33975,120,47,하행,해인실버타운,477.4,2026-05-12
219,도심-죽도시장-석리,도심환승센터행,도심환승센터행,석리행,72,33975,120,48,하행,동해초등학교,367.5,2026-05-12
219,도심-죽도시장-석리,도심환승센터행,도심환승센터행,석리행,72,33975,120,49,하행,동해면행정복지센터,264.9,2026-05-12
219,도심-죽도시장-석리,도심환승센터행,도심환승센터행,석리행,72,33975,120,50,하행,동해환승센터,309.5,2026-05-12
219,도심-죽도시장-석리,도심환승센터행,도심환승센터행,석리행,72,33975,120,51,하행,공항주유소,818.4,2026-05-12
219,도심-죽도시장-석리,도심환승센터행,도심환승센터행,석리행,72,33975,120,52,하행,화신식물원,442,2026-05-12
219,도심-죽도시장-석리,도심환승센터행,도심환승센터행,석리행,72,33975,120,53,하행,포항남부소방서,512.5,2026-05-12
219,도심-죽도시장-석리,도심환승센터행,도심환승센터행,석리행,72,33975,120,54,하행,해군 항공역사관,559.6,2026-05-12
219,도심-죽도시장-석리,도심환승센터행,도심환승센터행,석리행,72,33975,120,55,하행,해병대BOQ,416.8,2026-05-12
219,도심-죽도시장-석리,도심환승센터행,도심환승센터행,석리행,72,33975,120,56,하행,청림삼거리,679.7,2026-05-12
219,도심-죽도시장-석리,도심환승센터행,도심환승센터행,석리행,72,33975,120,57,하행,남구보건소,591.4,2026-05-12
219,도심-죽도시장-석리,도심환승센터행,도심환승센터행,석리행,72,33975,120,58,하행,포스코2문,522.7,2026-05-12
219,도심-죽도시장-석리,도심환승센터행,도심환승센터행,석리행,72,33975,120,59,하행,포항스틸야드,510.9,2026-05-12
219,도심-죽도시장-석리,도심환승센터행,도심환승센터행,석리행,72,33975,120,60,하행,포스코본사,361.7,2026-05-12
219,도심-죽도시장-석리,도심환승센터행,도심환승센터행,석리행,72,33975,120,61,하행,단지주유소,573.8,2026-05-12
219,도심-죽도시장-석리,도심환승센터행,도심환승센터행,석리행,72,33975,120,62,하행,현대제철,453.2,2026-05-12
219,도심-죽도시장-석리,도심환승센터행,도심환승센터행,석리행,72,33975,120,63,하행,형산로터리,995.1,2026-05-12
219,도심-죽도시장-석리,도심환승센터행,도심환승센터행,석리행,72,33975,120,64,하행,장애인생산품판매시설,184.7,2026-05-12
219,도심-죽도시장-석리,도심환승센터행,도심환승센터행,석리행,72,33975,120,65,하행,대해시장,379.5,2026-05-12
219,도심-죽도시장-석리,도심환승센터행,도심환승센터행,석리행,72,33975,120,66,하행,해도119안전센터,495.2,2026-05-12
219,도심-죽도시장-석리,도심환승센터행,도심환승센터행,석리행,72,33975,120,67,하행,고속버스터미널,437.6,2026-05-12
219,도심-죽도시장-석리,도심환승센터행,도심환승센터행,석리행,72,33975,120,68,하행,오거리,547.2,2026-05-12
219,도심-죽도시장-석리,도심환승센터행,도심환승센터행,석리행,72,33975,120,69,하행,죽도시장,439.2,2026-05-12
219,도심-죽도시장-석리,도심환승센터행,도심환승센터행,석리행,72,33975,120,70,하행,육거리,413,2026-05-12
219,도심-죽도시장-석리,도심환승센터행,도심환승센터행,석리행,72,33975,120,71,하행,수인사,291.7,2026-05-12
219,도심-죽도시장-석리,도심환승센터행,도심환승센터행,석리행,72,33975,120,72,하행,도심환승센터,432.3,2026-05-12
219,도심환승-일월-석리,도심환승센터행,도심환승센터행,석리행,74,35698,120,1,상행,도심환승센터,0,2026-05-12
219,도심환승-일월-석리,도심환승센터행,도심환승센터행,석리행,74,35698,120,2,상행,포항꿈트리센터,179.9,2026-05-12
219,도심환승-일월-석리,도심환승센터행,도심환승센터행,석리행,74,35698,120,3,상행,중앙상가,452.8,2026-05-12
219,도심환승-일월-석리,도심환승센터행,도심환승센터행,석리행,74,35698,120,4,상행,죽도시장,426,2026-05-12
219,도심환승-일월-석리,도심환승센터행,도심환승센터행,석리행,74,35698,120,5,상행,오거리,320.9,2026-05-12
219,도심환승-일월-석리,도심환승센터행,도심환승센터행,석리행,74,35698,120,6,상행,고속버스터미널,317.7,2026-05-12
219,도심환승-일월-석리,도심환승센터행,도심환승센터행,석리행,74,35698,120,7,상행,해도119안전센터,571,2026-05-12
219,도심환승-일월-석리,도심환승센터행,도심환승센터행,석리행,74,35698,120,8,상행,대해시장,423.9,2026-05-12
219,도심환승-일월-석리,도심환승센터행,도심환승센터행,석리행,74,35698,120,9,상행,장애인생산품판매시설,417.9,2026-05-12
219,도심환승-일월-석리,도심환승센터행,도심환승센터행,석리행,74,35698,120,10,상행,형산로타리,292,2026-05-12
219,도심환승-일월-석리,도심환승센터행,도심환승센터행,석리행,74,35698,120,11,상행,형산로터리(무정차),334.3,2026-05-12
219,도심환승-일월-석리,도심환승센터행,도심환승센터행,석리행,74,35698,120,12,상행,현대제철,642,2026-05-12
219,도심환승-일월-석리,도심환승센터행,도심환승센터행,석리행,74,35698,120,13,상행,단지주유소,480.6,2026-05-12
219,도심환승-일월-석리,도심환승센터행,도심환승센터행,석리행,74,35698,120,14,상행,포스코본사,537,2026-05-12
219,도심환승-일월-석리,도심환승센터행,도심환승센터행,석리행,74,35698,120,15,상행,포항스틸야드,491.5,2026-05-12
219,도심환승-일월-석리,도심환승센터행,도심환승센터행,석리행,74,35698,120,16,상행,포스코2문,397.9,2026-05-12
219,도심환승-일월-석리,도심환승센터행,도심환승센터행,석리행,74,35698,120,17,상행,남구보건소(무정차),243.5,2026-05-12
219,도심환승-일월-석리,도심환승센터행,도심환승센터행,석리행,74,35698,120,18,상행,남구보건소,263.8,2026-05-12
219,도심환승-일월-석리,도심환승센터행,도심환승센터행,석리행,74,35698,120,19,상행,청림파출소,766.4,2026-05-12
219,도심환승-일월-석리,도심환승센터행,도심환승센터행,석리행,74,35698,120,20,상행,청림초등학교,201.2,2026-05-12
219,도심환승-일월-석리,도심환승센터행,도심환승센터행,석리행,74,35698,120,21,상행,해병대BOQ,320.3,2026-05-12
219,도심환승-일월-석리,도심환승센터행,도심환승센터행,석리행,74,35698,120,22,상행,해군 항공역사관,407.7,2026-05-12
219,도심환승-일월-석리,도심환승센터행,도심환승센터행,석리행,74,35698,120,23,상행,포항남부소방서,762.5,2026-05-12
219,도심환승-일월-석리,도심환승센터행,도심환승센터행,석리행,74,35698,120,24,상행,일월행복주택아파트,631.4,2026-05-12
219,도심환승-일월-석리,도심환승센터행,도심환승센터행,석리행,74,35698,120,25,상행,화신식물원,576.1,2026-05-12
219,도심환승-일월-석리,도심환승센터행,도심환승센터행,석리행,74,35698,120,26,상행,공항주유소,435.2,2026-05-12
219,도심환승-일월-석리,도심환승센터행,도심환승센터행,석리행,74,35698,120,27,상행,동해환승센터,805.7,2026-05-12
219,도심환승-일월-석리,도심환승센터행,도심환승센터행,석리행,74,35698,120,28,상행,동해면행정복지센터,255.1,2026-05-12
219,도심환승-일월-석리,도심환승센터행,도심환승센터행,석리행,74,35698,120,29,상행,동해초등학교,315.5,2026-05-12
219,도심환승-일월-석리,도심환승센터행,도심환승센터행,석리행,74,35698,120,30,상행,해인실버타운,354.6,2026-05-12
219,도심환승-일월-석리,도심환승센터행,도심환승센터행,석리행,74,35698,120,31,상행,코아루블루인시티,426,2026-05-12
219,도심환승-일월-석리,도심환승센터행,도심환승센터행,석리행,74,35698,120,32,상행,해인실버타운,716.4,2026-05-12
219,도심환승-일월-석리,도심환승센터행,도심환승센터행,석리행,74,35698,120,33,상행,동해초등학교,367.5,2026-05-12
219,도심환승-일월-석리,도심환승센터행,도심환승센터행,석리행,74,35698,120,34,상행,신정리,401.2,2026-05-12
219,도심환승-일월-석리,도심환승센터행,도심환승센터행,석리행,74,35698,120,35,상행,영남상가,347.6,2026-05-12
219,도심환승-일월-석리,도심환승센터행,도심환승센터행,석리행,74,35698,120,36,상행,약전리,294,2026-05-12
219,도심환승-일월-석리,도심환승센터행,도심환승센터행,석리행,74,35698,120,37,상행,석리,766.3,2026-05-12
219,도심환승-일월-석리,도심환승센터행,도심환승센터행,석리행,74,35698,120,38,상행,신형주택입구,1079.2,2026-05-12
219,도심환승-일월-석리,도심환승센터행,도심환승센터행,석리행,74,35698,120,39,하행,삼양신형아파트,690.6,2026-05-12
219,도심환승-일월-석리,도심환승센터행,도심환승센터행,석리행,74,35698,120,40,하행,신형주택입구,720,2026-05-12
219,도심환승-일월-석리,도심환승센터행,도심환승센터행,석리행,74,35698,120,41,하행,석리,1061.4,2026-05-12
219,도심환승-일월-석리,도심환승센터행,도심환승센터행,석리행,74,35698,120,42,하행,약전리,761.7,2026-05-12
219,도심환승-일월-석리,도심환승센터행,도심환승센터행,석리행,74,35698,120,43,하행,황금상가,312.6,2026-05-12
219,도심환승-일월-석리,도심환승센터행,도심환승센터행,석리행,74,35698,120,44,하행,신정리,258.7,2026-05-12
219,도심환승-일월-석리,도심환승센터행,도심환승센터행,석리행,74,35698,120,45,하행,동해초등학교,471.6,2026-05-12
219,도심환승-일월-석리,도심환승센터행,도심환승센터행,석리행,74,35698,120,46,하행,해인실버타운,354.6,2026-05-12
219,도심환승-일월-석리,도심환승센터행,도심환승센터행,석리행,74,35698,120,47,하행,코아루블루인시티,665,2026-05-12
219,도심환승-일월-석리,도심환승센터행,도심환승센터행,석리행,74,35698,120,48,하행,해인실버타운,477.4,2026-05-12
219,도심환승-일월-석리,도심환승센터행,도심환승센터행,석리행,74,35698,120,49,하행,동해초등학교,367.5,2026-05-12
219,도심환승-일월-석리,도심환승센터행,도심환승센터행,석리행,74,35698,120,50,하행,동해면행정복지센터,264.9,2026-05-12
219,도심환승-일월-석리,도심환승센터행,도심환승센터행,석리행,74,35698,120,51,하행,동해환승센터,309.5,2026-05-12
219,도심환승-일월-석리,도심환승센터행,도심환승센터행,석리행,74,35698,120,52,하행,공항주유소,818.4,2026-05-12
219,도심환승-일월-석리,도심환승센터행,도심환승센터행,석리행,74,35698,120,53,하행,화신식물원,442,2026-05-12
219,도심환승-일월-석리,도심환승센터행,도심환승센터행,석리행,74,35698,120,54,하행,일월행복주택아파트,647.9,2026-05-12
219,도심환승-일월-석리,도심환승센터행,도심환승센터행,석리행,74,35698,120,55,하행,포항남부소방서,726,2026-05-12
219,도심환승-일월-석리,도심환승센터행,도심환승센터행,석리행,74,35698,120,56,하행,해군 항공역사관,559.6,2026-05-12
219,도심환승-일월-석리,도심환승센터행,도심환승센터행,석리행,74,35698,120,57,하행,해병대BOQ,416.8,2026-05-12
219,도심환승-일월-석리,도심환승센터행,도심환승센터행,석리행,74,35698,120,58,하행,청림삼거리,679.7,2026-05-12
219,도심환승-일월-석리,도심환승센터행,도심환승센터행,석리행,74,35698,120,59,하행,남구보건소,591.4,2026-05-12
219,도심환승-일월-석리,도심환승센터행,도심환승센터행,석리행,74,35698,120,60,하행,포스코2문,522.7,2026-05-12
219,도심환승-일월-석리,도심환승센터행,도심환승센터행,석리행,74,35698,120,61,하행,포항스틸야드,510.9,2026-05-12
219,도심환승-일월-석리,도심환승센터행,도심환승센터행,석리행,74,35698,120,62,하행,포스코본사,361.7,2026-05-12
219,도심환승-일월-석리,도심환승센터행,도심환승센터행,석리행,74,35698,120,63,하행,단지주유소,573.8,2026-05-12
219,도심환승-일월-석리,도심환승센터행,도심환승센터행,석리행,74,35698,120,64,하행,현대제철,453.2,2026-05-12
219,도심환승-일월-석리,도심환승센터행,도심환승센터행,석리행,74,35698,120,65,하행,형산로터리,995.1,2026-05-12
219,도심환승-일월-석리,도심환승센터행,도심환승센터행,석리행,74,35698,120,66,하행,장애인생산품판매시설,184.7,2026-05-12
219,도심환승-일월-석리,도심환승센터행,도심환승센터행,석리행,74,35698,120,67,하행,대해시장,379.5,2026-05-12
219,도심환승-일월-석리,도심환승센터행,도심환승센터행,석리행,74,35698,120,68,하행,해도119안전센터,495.2,2026-05-12
219,도심환승-일월-석리,도심환승센터행,도심환승센터행,석리행,74,35698,120,69,하행,고속버스터미널,437.6,2026-05-12
219,도심환승-일월-석리,도심환승센터행,도심환승센터행,석리행,74,35698,120,70,하행,오거리,547.2,2026-05-12
219,도심환승-일월-석리,도심환승센터행,도심환승센터행,석리행,74,35698,120,71,하행,죽도시장,439.2,2026-05-12
219,도심환승-일월-석리,도심환승센터행,도심환승센터행,석리행,74,35698,120,72,하행,육거리,413,2026-05-12
219,도심환승-일월-석리,도심환승센터행,도심환승센터행,석리행,74,35698,120,73,하행,수인사,291.7,2026-05-12
219,도심환승-일월-석리,도심환승센터행,도심환승센터행,석리행,74,35698,120,74,하행,도심환승센터,432.3,2026-05-12
302,문덕-한동대-문덕(기본),문덕행,문덕행,한동대행,151,67524,120,1,상행,문덕차고지,0,2026-05-12
302,문덕-한동대-문덕(기본),문덕행,문덕행,한동대행,151,67524,120,2,상행,문덕2리,226.7,2026-05-12
302,문덕-한동대-문덕(기본),문덕행,문덕행,한동대행,151,67524,120,3,상행,문충삼거리,198.4,2026-05-12
302,문덕-한동대-문덕(기본),문덕행,문덕행,한동대행,151,67524,120,4,상행,용산아파트,523.5,2026-05-12
302,문덕-한동대-문덕(기본),문덕행,문덕행,한동대행,151,67524,120,5,상행,용산1리,315.9,2026-05-12
302,문덕-한동대-문덕(기본),문덕행,문덕행,한동대행,151,67524,120,6,상행,용산2리,718,2026-05-12
302,문덕-한동대-문덕(기본),문덕행,문덕행,한동대행,151,67524,120,7,상행,포항아이파크 정문,325.6,2026-05-12
302,문덕-한동대-문덕(기본),문덕행,문덕행,한동대행,151,67524,120,8,상행,남포항 태왕아너스,472.5,2026-05-12
302,문덕-한동대-문덕(기본),문덕행,문덕행,한동대행,151,67524,120,9,상행,신문덕코아루,360.7,2026-05-12
302,문덕-한동대-문덕(기본),문덕행,문덕행,한동대행,151,67524,120,10,상행,오천웰메이드홈,292.9,2026-05-12
302,문덕-한동대-문덕(기본),문덕행,문덕행,한동대행,151,67524,120,11,상행,문덕초등학교,446.9,2026-05-12
302,문덕-한동대-문덕(기본),문덕행,문덕행,한동대행,151,67524,120,12,상행,문덕온천,583.2,2026-05-12
302,문덕-한동대-문덕(기본),문덕행,문덕행,한동대행,151,67524,120,13,상행,문덕사거리,235,2026-05-12
302,문덕-한동대-문덕(기본),문덕행,문덕행,한동대행,151,67524,120,14,상행,준양참마을,330.2,2026-05-12
302,문덕-한동대-문덕(기본),문덕행,문덕행,한동대행,151,67524,120,15,상행,한일철강,1508.2,2026-05-12
302,문덕-한동대-문덕(기본),문덕행,문덕행,한동대행,151,67524,120,16,상행,현대성우캐스팅,631.6,2026-05-12
302,문덕-한동대-문덕(기본),문덕행,문덕행,한동대행,151,67524,120,17,상행,호동근로자종합복지관,623.4,2026-05-12
302,문덕-한동대-문덕(기본),문덕행,문덕행,한동대행,151,67524,120,18,상행,공단정수장,580.5,2026-05-12
302,문덕-한동대-문덕(기본),문덕행,문덕행,한동대행,151,67524,120,19,상행,포항변전소,838.7,2026-05-12
302,문덕-한동대-문덕(기본),문덕행,문덕행,한동대행,151,67524,120,20,상행,장흥동사거리,647.8,2026-05-12
302,문덕-한동대-문덕(기본),문덕행,문덕행,한동대행,151,67524,120,21,상행,덕천빌딩,522.6,2026-05-12
302,문덕-한동대-문덕(기본),문덕행,문덕행,한동대행,151,67524,120,22,상행,오천리,273,2026-05-12
302,문덕-한동대-문덕(기본),문덕행,문덕행,한동대행,151,67524,120,23,상행,삼도한솔타운,393.2,2026-05-12
302,문덕-한동대-문덕(기본),문덕행,문덕행,한동대행,151,67524,120,24,상행,에코코아루,255.4,2026-05-12
302,문덕-한동대-문덕(기본),문덕행,문덕행,한동대행,151,67524,120,25,상행,영일고등학교,516.5,2026-05-12
302,문덕-한동대-문덕(기본),문덕행,문덕행,한동대행,151,67524,120,26,상행,연일전통시장,244.3,2026-05-12
302,문덕-한동대-문덕(기본),문덕행,문덕행,한동대행,151,67524,120,27,상행,연일파출소,205.7,2026-05-12
302,문덕-한동대-문덕(기본),문덕행,문덕행,한동대행,151,67524,120,28,상행,경북자동차학원,258.8,2026-05-12
302,문덕-한동대-문덕(기본),문덕행,문덕행,한동대행,151,67524,120,29,상행,포항남부경찰서,1101.7,2026-05-12
302,문덕-한동대-문덕(기본),문덕행,문덕행,한동대행,151,67524,120,30,상행,시외버스터미널,728.9,2026-05-12
302,문덕-한동대-문덕(기본),문덕행,문덕행,한동대행,151,67524,120,31,상행,교보생명,257.2,2026-05-12
302,문덕-한동대-문덕(기본),문덕행,문덕행,한동대행,151,67524,120,32,상행,쌍용사거리,376.4,2026-05-12
302,문덕-한동대-문덕(기본),문덕행,문덕행,한동대행,151,67524,120,33,상행,상대지구대,455.3,2026-05-12
302,문덕-한동대-문덕(기본),문덕행,문덕행,한동대행,151,67524,120,34,상행,KT(세명기독병원),263.2,2026-05-12
302,문덕-한동대-문덕(기본),문덕행,문덕행,한동대행,151,67524,120,35,상행,상대시장,317.9,2026-05-12
302,문덕-한동대-문덕(기본),문덕행,문덕행,한동대행,151,67524,120,36,상행,대해초등학교,461.3,2026-05-12
302,문덕-한동대-문덕(기본),문덕행,문덕행,한동대행,151,67524,120,37,상행,해도119안전센터,314.4,2026-05-12
302,문덕-한동대-문덕(기본),문덕행,문덕행,한동대행,151,67524,120,38,상행,고속버스터미널,437.6,2026-05-12
302,문덕-한동대-문덕(기본),문덕행,문덕행,한동대행,151,67524,120,39,상행,오거리,547.2,2026-05-12
302,문덕-한동대-문덕(기본),문덕행,문덕행,한동대행,151,67524,120,40,상행,죽도시장,439.2,2026-05-12
302,문덕-한동대-문덕(기본),문덕행,문덕행,한동대행,151,67524,120,41,상행,육거리,469.2,2026-05-12
302,문덕-한동대-문덕(기본),문덕행,문덕행,한동대행,151,67524,120,42,상행,북부시장,701.1,2026-05-12
302,문덕-한동대-문덕(기본),문덕행,문덕행,한동대행,151,67524,120,43,상행,선린병원,153.5,2026-05-12
302,문덕-한동대-문덕(기본),문덕행,문덕행,한동대행,151,67524,120,44,상행,선린병원후문,404.5,2026-05-12
302,문덕-한동대-문덕(기본),문덕행,문덕행,한동대행,151,67524,120,45,상행,대동우방아파트,425.2,2026-05-12
302,문덕-한동대-문덕(기본),문덕행,문덕행,한동대행,151,67524,120,46,상행,우창동행정복지센터,504,2026-05-12
302,문덕-한동대-문덕(기본),문덕행,문덕행,한동대행,151,67524,120,47,상행,포항시여성문화관,185.3,2026-05-12
302,문덕-한동대-문덕(기본),문덕행,문덕행,한동대행,151,67524,120,48,상행,포항고(무정차),568.1,2026-05-12
302,문덕-한동대-문덕(기본),문덕행,문덕행,한동대행,151,67524,120,49,상행,우방신천지타운,215,2026-05-12
302,문덕-한동대-문덕(기본),문덕행,문덕행,한동대행,151,67524,120,50,상행,창포사거리,364.8,2026-05-12
302,문덕-한동대-문덕(기본),문덕행,문덕행,한동대행,151,67524,120,51,상행,두호초등학교,333.4,2026-05-12
302,문덕-한동대-문덕(기본),문덕행,문덕행,한동대행,151,67524,120,52,상행,장성초등학교,393,2026-05-12
302,문덕-한동대-문덕(기본),문덕행,문덕행,한동대행,151,67524,120,53,상행,HCN경북방송,808.5,2026-05-12
302,문덕-한동대-문덕(기본),문덕행,문덕행,한동대행,151,67524,120,54,상행,북구치매안심센터,324.6,2026-05-12
302,문덕-한동대-문덕(기본),문덕행,문덕행,한동대행,151,67524,120,55,상행,현진에버빌3단지,200.7,2026-05-12
302,문덕-한동대-문덕(기본),문덕행,문덕행,한동대행,151,67524,120,56,상행,럭키아파트,314.7,2026-05-12
302,문덕-한동대-문덕(기본),문덕행,문덕행,한동대행,151,67524,120,57,상행,동부초등학교후문,313.3,2026-05-12
302,문덕-한동대-문덕(기본),문덕행,문덕행,한동대행,151,67524,120,58,상행,설머리물회지구,524.7,2026-05-12
302,문덕-한동대-문덕(기본),문덕행,문덕행,한동대행,151,67524,120,59,상행,노인복지회관,276,2026-05-12
302,문덕-한동대-문덕(기본),문덕행,문덕행,한동대행,151,67524,120,60,상행,환호해맞이그린빌,366.9,2026-05-12
302,문덕-한동대-문덕(기본),문덕행,문덕행,한동대행,151,67524,120,61,상행,환호공원,314.5,2026-05-12
302,문덕-한동대-문덕(기본),문덕행,문덕행,한동대행,151,67524,120,62,상행,라메르웨딩컨벤션,296.2,2026-05-12
302,문덕-한동대-문덕(기본),문덕행,문덕행,한동대행,151,67524,120,63,상행,환호여중,315.5,2026-05-12
302,문덕-한동대-문덕(기본),문덕행,문덕행,한동대행,151,67524,120,64,상행,청소년수련관,280.9,2026-05-12
302,문덕-한동대-문덕(기본),문덕행,문덕행,한동대행,151,67524,120,65,상행,농협 양덕지점,734,2026-05-12
302,문덕-한동대-문덕(기본),문덕행,문덕행,한동대행,151,67524,120,66,상행,남광하우스토리,434.9,2026-05-12
302,문덕-한동대-문덕(기본),문덕행,문덕행,한동대행,151,67524,120,67,상행,삼구3차,308.5,2026-05-12
302,문덕-한동대-문덕(기본),문덕행,문덕행,한동대행,151,67524,120,68,상행,장량5단지,310.7,2026-05-12
302,문덕-한동대-문덕(기본),문덕행,문덕행,한동대행,151,67524,120,69,상행,천마저수지,987.1,2026-05-12
302,문덕-한동대-문덕(기본),문덕행,문덕행,한동대행,151,67524,120,70,상행,우전지앤에프,451.9,2026-05-12
302,문덕-한동대-문덕(기본),문덕행,문덕행,한동대행,151,67524,120,71,상행,에코프로머티리얼즈,582.7,2026-05-12
302,문덕-한동대-문덕(기본),문덕행,문덕행,한동대행,151,67524,120,72,상행,에코프로AP,759.5,2026-05-12
302,문덕-한동대-문덕(기본),문덕행,문덕행,한동대행,151,67524,120,73,상행,에코프로EM,397.5,2026-05-12
302,문덕-한동대-문덕(기본),문덕행,문덕행,한동대행,151,67524,120,74,상행,한동대학교입구,517.2,2026-05-12
302,문덕-한동대-문덕(기본),문덕행,문덕행,한동대행,151,67524,120,75,하행,한동대학교,748.1,2026-05-12
302,문덕-한동대-문덕(기본),문덕행,문덕행,한동대행,151,67524,120,76,하행,한동대학교입구,750.4,2026-05-12
302,문덕-한동대-문덕(기본),문덕행,문덕행,한동대행,151,67524,120,77,하행,에코프로EM,511.9,2026-05-12
302,문덕-한동대-문덕(기본),문덕행,문덕행,한동대행,151,67524,120,78,하행,에코프로AP,404.2,2026-05-12
302,문덕-한동대-문덕(기본),문덕행,문덕행,한동대행,151,67524,120,79,하행,에코프로머티리얼즈,765,2026-05-12
302,문덕-한동대-문덕(기본),문덕행,문덕행,한동대행,151,67524,120,80,하행,우전지앤에프,575.9,2026-05-12
302,문덕-한동대-문덕(기본),문덕행,문덕행,한동대행,151,67524,120,81,하행,천마저수지,453.1,2026-05-12
302,문덕-한동대-문덕(기본),문덕행,문덕행,한동대행,151,67524,120,82,하행,장량5단지,1008.4,2026-05-12
302,문덕-한동대-문덕(기본),문덕행,문덕행,한동대행,151,67524,120,83,하행,삼구3차,197.7,2026-05-12
302,문덕-한동대-문덕(기본),문덕행,문덕행,한동대행,151,67524,120,84,하행,남광하우스토리,409.6,2026-05-12
302,문덕-한동대-문덕(기본),문덕행,문덕행,한동대행,151,67524,120,85,하행,농협 양덕지점,440.4,2026-05-12
302,문덕-한동대-문덕(기본),문덕행,문덕행,한동대행,151,67524,120,86,하행,청소년수련관,742.5,2026-05-12
302,문덕-한동대-문덕(기본),문덕행,문덕행,한동대행,151,67524,120,87,하행,환호여중,280.9,2026-05-12
302,문덕-한동대-문덕(기본),문덕행,문덕행,한동대행,151,67524,120,88,하행,라메르웨딩컨벤션,394.1,2026-05-12
302,문덕-한동대-문덕(기본),문덕행,문덕행,한동대행,151,67524,120,89,하행,환호해맞이그린빌,384.7,2026-05-12
302,문덕-한동대-문덕(기본),문덕행,문덕행,한동대행,151,67524,120,90,하행,노인복지회관,587.9,2026-05-12
302,문덕-한동대-문덕(기본),문덕행,문덕행,한동대행,151,67524,120,91,하행,설머리물회지구,201.2,2026-05-12
302,문덕-한동대-문덕(기본),문덕행,문덕행,한동대행,151,67524,120,92,하행,동부초등학교후문,493.3,2026-05-12
302,문덕-한동대-문덕(기본),문덕행,문덕행,한동대행,151,67524,120,93,하행,럭키아파트,264.9,2026-05-12
302,문덕-한동대-문덕(기본),문덕행,문덕행,한동대행,151,67524,120,94,하행,장성럭키2차,219.4,2026-05-12
302,문덕-한동대-문덕(기본),문덕행,문덕행,한동대행,151,67524,120,95,하행,북구치매안심센터,361,2026-05-12
302,문덕-한동대-문덕(기본),문덕행,문덕행,한동대행,151,67524,120,96,하행,HCN경북방송,374,2026-05-12
302,문덕-한동대-문덕(기본),문덕행,문덕행,한동대행,151,67524,120,97,하행,장성초등학교,777.9,2026-05-12
302,문덕-한동대-문덕(기본),문덕행,문덕행,한동대행,151,67524,120,98,하행,두호초등학교,484.7,2026-05-12
302,문덕-한동대-문덕(기본),문덕행,문덕행,한동대행,151,67524,120,99,하행,창포사거리,416.1,2026-05-12
302,문덕-한동대-문덕(기본),문덕행,문덕행,한동대행,151,67524,120,100,하행,포항고등학교,305.2,2026-05-12
302,문덕-한동대-문덕(기본),문덕행,문덕행,한동대행,151,67524,120,101,하행,포항시여성문화관,601.1,2026-05-12
302,문덕-한동대-문덕(기본),문덕행,문덕행,한동대행,151,67524,120,102,하행,우창동행정복지센터,188.7,2026-05-12
302,문덕-한동대-문덕(기본),문덕행,문덕행,한동대행,151,67524,120,103,하행,우방아이유쉘아파트,565.9,2026-05-12
302,문덕-한동대-문덕(기본),문덕행,문덕행,한동대행,151,67524,120,104,하행,대동우방아파트,288.2,2026-05-12
302,문덕-한동대-문덕(기본),문덕행,문덕행,한동대행,151,67524,120,105,하행,선린병원후문,420.8,2026-05-12
302,문덕-한동대-문덕(기본),문덕행,문덕행,한동대행,151,67524,120,106,하행,선린병원,335.5,2026-05-12
302,문덕-한동대-문덕(기본),문덕행,문덕행,한동대행,151,67524,120,107,하행,북부시장,292.4,2026-05-12
302,문덕-한동대-문덕(기본),문덕행,문덕행,한동대행,151,67524,120,108,하행,국민건강보험공단,382,2026-05-12
302,문덕-한동대-문덕(기본),문덕행,문덕행,한동대행,151,67524,120,109,하행,중앙상가,477.6,2026-05-12
302,문덕-한동대-문덕(기본),문덕행,문덕행,한동대행,151,67524,120,110,하행,죽도시장,426,2026-05-12
302,문덕-한동대-문덕(기본),문덕행,문덕행,한동대행,151,67524,120,111,하행,오거리,320.9,2026-05-12
302,문덕-한동대-문덕(기본),문덕행,문덕행,한동대행,151,67524,120,112,하행,고속버스터미널,317.7,2026-05-12
302,문덕-한동대-문덕(기본),문덕행,문덕행,한동대행,151,67524,120,113,하행,해도119안전센터,571,2026-05-12
302,문덕-한동대-문덕(기본),문덕행,문덕행,한동대행,151,67524,120,114,하행,대해초등학교,406.4,2026-05-12
302,문덕-한동대-문덕(기본),문덕행,문덕행,한동대행,151,67524,120,115,하행,상대시장,449.3,2026-05-12
302,문덕-한동대-문덕(기본),문덕행,문덕행,한동대행,151,67524,120,116,하행,KT(세명기독병원),287.2,2026-05-12
302,문덕-한동대-문덕(기본),문덕행,문덕행,한동대행,151,67524,120,117,하행,상대지구대,219.5,2026-05-12
302,문덕-한동대-문덕(기본),문덕행,문덕행,한동대행,151,67524,120,118,하행,쌍용사거리,552.2,2026-05-12
302,문덕-한동대-문덕(기본),문덕행,문덕행,한동대행,151,67524,120,119,하행,교보생명,279.1,2026-05-12
302,문덕-한동대-문덕(기본),문덕행,문덕행,한동대행,151,67524,120,120,하행,시외버스터미널,320.4,2026-05-12
302,문덕-한동대-문덕(기본),문덕행,문덕행,한동대행,151,67524,120,121,하행,상도코아루,647.6,2026-05-12
302,문덕-한동대-문덕(기본),문덕행,문덕행,한동대행,151,67524,120,122,하행,포항남부경찰서,344,2026-05-12
302,문덕-한동대-문덕(기본),문덕행,문덕행,한동대행,151,67524,120,123,하행,경북자동차학원,699,2026-05-12
302,문덕-한동대-문덕(기본),문덕행,문덕행,한동대행,151,67524,120,124,하행,연일파출소,312.2,2026-05-12
302,문덕-한동대-문덕(기본),문덕행,문덕행,한동대행,151,67524,120,125,하행,연일전통시장,322.6,2026-05-12
302,문덕-한동대-문덕(기본),문덕행,문덕행,한동대행,151,67524,120,126,하행,영일고등학교,378.8,2026-05-12
302,문덕-한동대-문덕(기본),문덕행,문덕행,한동대행,151,67524,120,127,하행,에코코아루,379.6,2026-05-12
302,문덕-한동대-문덕(기본),문덕행,문덕행,한동대행,151,67524,120,128,하행,삼도한솔타운,199.8,2026-05-12
302,문덕-한동대-문덕(기본),문덕행,문덕행,한동대행,151,67524,120,129,하행,오천리,409.6,2026-05-12
302,문덕-한동대-문덕(기본),문덕행,문덕행,한동대행,151,67524,120,130,하행,덕천빌딩,279.5,2026-05-12
302,문덕-한동대-문덕(기본),문덕행,문덕행,한동대행,151,67524,120,131,하행,장흥동사거리,362.7,2026-05-12
302,문덕-한동대-문덕(기본),문덕행,문덕행,한동대행,151,67524,120,132,하행,신한은행공단출장소,403.5,2026-05-12
302,문덕-한동대-문덕(기본),문덕행,문덕행,한동대행,151,67524,120,133,하행,포항변전소,409.2,2026-05-12
302,문덕-한동대-문덕(기본),문덕행,문덕행,한동대행,151,67524,120,134,하행,공단정수장,782.4,2026-05-12
302,문덕-한동대-문덕(기본),문덕행,문덕행,한동대행,151,67524,120,135,하행,호동근로자종합복지관,603.1,2026-05-12
302,문덕-한동대-문덕(기본),문덕행,문덕행,한동대행,151,67524,120,136,하행,현대성우캐스팅,606.6,2026-05-12
302,문덕-한동대-문덕(기본),문덕행,문덕행,한동대행,151,67524,120,137,하행,한일철강,622.4,2026-05-12
302,문덕-한동대-문덕(기본),문덕행,문덕행,한동대행,151,67524,120,138,하행,준양참마을,1574.2,2026-05-12
302,문덕-한동대-문덕(기본),문덕행,문덕행,한동대행,151,67524,120,139,하행,문덕사거리,309.1,2026-05-12
302,문덕-한동대-문덕(기본),문덕행,문덕행,한동대행,151,67524,120,140,하행,문덕온천,283.6,2026-05-12
302,문덕-한동대-문덕(기본),문덕행,문덕행,한동대행,151,67524,120,141,하행,문덕초등학교,535.7,2026-05-12
302,문덕-한동대-문덕(기본),문덕행,문덕행,한동대행,151,67524,120,142,하행,오천웰메이드홈,444.6,2026-05-12
302,문덕-한동대-문덕(기본),문덕행,문덕행,한동대행,151,67524,120,143,하행,신문덕코아루,311.2,2026-05-12
302,문덕-한동대-문덕(기본),문덕행,문덕행,한동대행,151,67524,120,144,하행,남포항 태왕아너스,351.5,2026-05-12
302,문덕-한동대-문덕(기본),문덕행,문덕행,한동대행,151,67524,120,145,하행,포항아이파크 정문,536.9,2026-05-12
302,문덕-한동대-문덕(기본),문덕행,문덕행,한동대행,151,67524,120,146,하행,용산2리,247.8,2026-05-12
302,문덕-한동대-문덕(기본),문덕행,문덕행,한동대행,151,67524,120,147,하행,용산1리,731.3,2026-05-12
302,문덕-한동대-문덕(기본),문덕행,문덕행,한동대행,151,67524,120,148,하행,용산아파트,315.2,2026-05-12
302,문덕-한동대-문덕(기본),문덕행,문덕행,한동대행,151,67524,120,149,하행,문충삼거리,522.8,2026-05-12
302,문덕-한동대-문덕(기본),문덕행,문덕행,한동대행,151,67524,120,150,하행,문덕2리,227.3,2026-05-12
302,문덕-한동대-문덕(기본),문덕행,문덕행,한동대행,151,67524,120,151,하행,문덕차고지,215.9,2026-05-12
305,문덕-달전-문덕(기본),문덕행,문덕행,달전행,133,58602,120,1,상행,문덕차고지,0,2026-05-12
305,문덕-달전-문덕(기본),문덕행,문덕행,달전행,133,58602,120,2,상행,문덕2리,226.7,2026-05-12
305,문덕-달전-문덕(기본),문덕행,문덕행,달전행,133,58602,120,3,상행,운전면허시험장,335.5,2026-05-12
305,문덕-달전-문덕(기본),문덕행,문덕행,달전행,133,58602,120,4,상행,오천읍민운동장,489.1,2026-05-12
305,문덕-달전-문덕(기본),문덕행,문덕행,달전행,133,58602,120,5,상행,문덕마을회관,1222.2,2026-05-12
305,문덕-달전-문덕(기본),문덕행,문덕행,달전행,133,58602,120,6,상행,문덕1리,436.1,2026-05-12
305,문덕-달전-문덕(기본),문덕행,문덕행,달전행,133,58602,120,7,상행,국민빌라,299.8,2026-05-12
305,문덕-달전-문덕(기본),문덕행,문덕행,달전행,133,58602,120,8,상행,준양주택3차,365.5,2026-05-12
305,문덕-달전-문덕(기본),문덕행,문덕행,달전행,133,58602,120,9,상행,문덕사거리,346.9,2026-05-12
305,문덕-달전-문덕(기본),문덕행,문덕행,달전행,133,58602,120,10,상행,문덕온천,283.6,2026-05-12
305,문덕-달전-문덕(기본),문덕행,문덕행,달전행,133,58602,120,11,상행,문덕초등학교,326.3,2026-05-12
305,문덕-달전-문덕(기본),문덕행,문덕행,달전행,133,58602,120,12,상행,오천읍행정복지센터,444.7,2026-05-12
305,문덕-달전-문덕(기본),문덕행,문덕행,달전행,133,58602,120,13,상행,오천환승센터,324.7,2026-05-12
305,문덕-달전-문덕(기본),문덕행,문덕행,달전행,133,58602,120,14,상행,오천농협세계지점,237.6,2026-05-12
305,문덕-달전-문덕(기본),문덕행,문덕행,달전행,133,58602,120,15,상행,오천초등학교,307.4,2026-05-12
305,문덕-달전-문덕(기본),문덕행,문덕행,달전행,133,58602,120,16,상행,용덕사거리,303.7,2026-05-12
305,문덕-달전-문덕(기본),문덕행,문덕행,달전행,133,58602,120,17,상행,해병대서문,335.4,2026-05-12
305,문덕-달전-문덕(기본),문덕행,문덕행,달전행,133,58602,120,18,상행,구정3리,356.3,2026-05-12
305,문덕-달전-문덕(기본),문덕행,문덕행,달전행,133,58602,120,19,상행,구정1리,425.2,2026-05-12
305,문덕-달전-문덕(기본),문덕행,문덕행,달전행,133,58602,120,20,상행,구정리,266.7,2026-05-12
305,문덕-달전-문덕(기본),문덕행,문덕행,달전행,133,58602,120,21,상행,청림진달래아파트,677,2026-05-12
305,문덕-달전-문덕(기본),문덕행,문덕행,달전행,133,58602,120,22,상행,청림동,320,2026-05-12
305,문덕-달전-문덕(기본),문덕행,문덕행,달전행,133,58602,120,23,상행,청림초등학교,222.8,2026-05-12
305,문덕-달전-문덕(기본),문덕행,문덕행,달전행,133,58602,120,24,상행,청림삼거리,390.3,2026-05-12
305,문덕-달전-문덕(기본),문덕행,문덕행,달전행,133,58602,120,25,상행,남구보건소,591.4,2026-05-12
305,문덕-달전-문덕(기본),문덕행,문덕행,달전행,133,58602,120,26,상행,남보건소(무정차),258.2,2026-05-12
305,문덕-달전-문덕(기본),문덕행,문덕행,달전행,133,58602,120,27,상행,포스코2문,264.5,2026-05-12
305,문덕-달전-문덕(기본),문덕행,문덕행,달전행,133,58602,120,28,상행,포항스틸야드,510.9,2026-05-12
305,문덕-달전-문덕(기본),문덕행,문덕행,달전행,133,58602,120,29,상행,포스코본사,361.7,2026-05-12
305,문덕-달전-문덕(기본),문덕행,문덕행,달전행,133,58602,120,30,상행,단지주유소,573.8,2026-05-12
305,문덕-달전-문덕(기본),문덕행,문덕행,달전행,133,58602,120,31,상행,현대제철,453.2,2026-05-12
305,문덕-달전-문덕(기본),문덕행,문덕행,달전행,133,58602,120,32,상행,형산로터리(무정차),626.9,2026-05-12
305,문덕-달전-문덕(기본),문덕행,문덕행,달전행,133,58602,120,33,상행,형산로터리,452.4,2026-05-12
305,문덕-달전-문덕(기본),문덕행,문덕행,달전행,133,58602,120,34,상행,문화예술회관,273.5,2026-05-12
305,문덕-달전-문덕(기본),문덕행,문덕행,달전행,133,58602,120,35,상행,종합운동장,255.3,2026-05-12
305,문덕-달전-문덕(기본),문덕행,문덕행,달전행,133,58602,120,36,상행,남구청(야구장),390.2,2026-05-12
305,문덕-달전-문덕(기본),문덕행,문덕행,달전행,133,58602,120,37,상행,포항대도교회,344.3,2026-05-12
305,문덕-달전-문덕(기본),문덕행,문덕행,달전행,133,58602,120,38,상행,남부시장,358.6,2026-05-12
305,문덕-달전-문덕(기본),문덕행,문덕행,달전행,133,58602,120,39,상행,상대지구대,327.8,2026-05-12
305,문덕-달전-문덕(기본),문덕행,문덕행,달전행,133,58602,120,40,상행,KT(세명기독병원),263.2,2026-05-12
305,문덕-달전-문덕(기본),문덕행,문덕행,달전행,133,58602,120,41,상행,상대시장,317.9,2026-05-12
305,문덕-달전-문덕(기본),문덕행,문덕행,달전행,133,58602,120,42,상행,대해초등학교,461.3,2026-05-12
305,문덕-달전-문덕(기본),문덕행,문덕행,달전행,133,58602,120,43,상행,해도119안전센터,314.4,2026-05-12
305,문덕-달전-문덕(기본),문덕행,문덕행,달전행,133,58602,120,44,상행,고속버스터미널,437.6,2026-05-12
305,문덕-달전-문덕(기본),문덕행,문덕행,달전행,133,58602,120,45,상행,오거리,547.2,2026-05-12
305,문덕-달전-문덕(기본),문덕행,문덕행,달전행,133,58602,120,46,상행,죽도시장,439.2,2026-05-12
305,문덕-달전-문덕(기본),문덕행,문덕행,달전행,133,58602,120,47,상행,육거리,469.2,2026-05-12
305,문덕-달전-문덕(기본),문덕행,문덕행,달전행,133,58602,120,48,상행,북부시장,701.1,2026-05-12
305,문덕-달전-문덕(기본),문덕행,문덕행,달전행,133,58602,120,49,상행,선린병원,153.5,2026-05-12
305,문덕-달전-문덕(기본),문덕행,문덕행,달전행,133,58602,120,50,상행,선린병원후문,404.5,2026-05-12
305,문덕-달전-문덕(기본),문덕행,문덕행,달전행,133,58602,120,51,상행,대동우방아파트,425.2,2026-05-12
305,문덕-달전-문덕(기본),문덕행,문덕행,달전행,133,58602,120,52,상행,유성여자고등학교,722.4,2026-05-12
305,문덕-달전-문덕(기본),문덕행,문덕행,달전행,133,58602,120,53,상행,영신고등학교,825.1,2026-05-12
305,문덕-달전-문덕(기본),문덕행,문덕행,달전행,133,58602,120,54,상행,포항 중앙고등학교,318.7,2026-05-12
305,문덕-달전-문덕(기본),문덕행,문덕행,달전행,133,58602,120,55,상행,중앙고-달전(무정차),1092.8,2026-05-12
305,문덕-달전-문덕(기본),문덕행,문덕행,달전행,133,58602,120,56,상행,달전(무정차),602.1,2026-05-12
305,문덕-달전-문덕(기본),문덕행,문덕행,달전행,133,58602,120,57,상행,흥해농협달전지점,253.5,2026-05-12
305,문덕-달전-문덕(기본),문덕행,문덕행,달전행,133,58602,120,58,상행,삼도드림파크,270.3,2026-05-12
305,문덕-달전-문덕(기본),문덕행,문덕행,달전행,133,58602,120,59,상행,포항역(흥해행),597.3,2026-05-12
305,문덕-달전-문덕(기본),문덕행,문덕행,달전행,133,58602,120,60,상행,대유아파트입구,976.6,2026-05-12
305,문덕-달전-문덕(기본),문덕행,문덕행,달전행,133,58602,120,61,상행,대유아파트,483.5,2026-05-12
305,문덕-달전-문덕(기본),문덕행,문덕행,달전행,133,58602,120,62,상행,한화포레나 후문,588,2026-05-12
305,문덕-달전-문덕(기본),문덕행,문덕행,달전행,133,58602,120,63,상행,한화포레나 정문,163.4,2026-05-12
305,문덕-달전-문덕(기본),문덕행,문덕행,달전행,133,58602,120,64,상행,포항역삼구트리니엔,315.6,2026-05-12
305,문덕-달전-문덕(기본),문덕행,문덕행,달전행,133,58602,120,65,상행,학천교차로,720.9,2026-05-12
305,문덕-달전-문덕(기본),문덕행,문덕행,달전행,133,58602,120,66,상행,삼도미래2단지,190.7,2026-05-12
305,문덕-달전-문덕(기본),문덕행,문덕행,달전행,133,58602,120,67,상행,삼도미래1단지,333.5,2026-05-12
305,문덕-달전-문덕(기본),문덕행,문덕행,달전행,133,58602,120,68,상행,학천초등학교,357.5,2026-05-12
305,문덕-달전-문덕(기본),문덕행,문덕행,달전행,133,58602,120,69,하행,학천초등학교,238.5,2026-05-12
305,문덕-달전-문덕(기본),문덕행,문덕행,달전행,133,58602,120,70,하행,삼도미래1단지,341.4,2026-05-12
305,문덕-달전-문덕(기본),문덕행,문덕행,달전행,133,58602,120,71,하행,삼도미래2단지,288.2,2026-05-12
305,문덕-달전-문덕(기본),문덕행,문덕행,달전행,133,58602,120,72,하행,학천교차로,254.7,2026-05-12
305,문덕-달전-문덕(기본),문덕행,문덕행,달전행,133,58602,120,73,하행,포항역삼구트리니엔,699.8,2026-05-12
305,문덕-달전-문덕(기본),문덕행,문덕행,달전행,133,58602,120,74,하행,한화포레나 정문,315.4,2026-05-12
305,문덕-달전-문덕(기본),문덕행,문덕행,달전행,133,58602,120,75,하행,한화포레나 후문,168.7,2026-05-12
305,문덕-달전-문덕(기본),문덕행,문덕행,달전행,133,58602,120,76,하행,대유아파트,505.5,2026-05-12
305,문덕-달전-문덕(기본),문덕행,문덕행,달전행,133,58602,120,77,하행,대유아파트입구,573.8,2026-05-12
305,문덕-달전-문덕(기본),문덕행,문덕행,달전행,133,58602,120,78,하행,포항역(시내행),856.2,2026-05-12
305,문덕-달전-문덕(기본),문덕행,문덕행,달전행,133,58602,120,79,하행,삼도드림파크,701.4,2026-05-12
305,문덕-달전-문덕(기본),문덕행,문덕행,달전행,133,58602,120,80,하행,흥해농협달전지점,258.5,2026-05-12
305,문덕-달전-문덕(기본),문덕행,문덕행,달전행,133,58602,120,81,하행,달전-중앙고(무정차),848.7,2026-05-12
305,문덕-달전-문덕(기본),문덕행,문덕행,달전행,133,58602,120,82,하행,포항 중앙고등학교,1088.4,2026-05-12
305,문덕-달전-문덕(기본),문덕행,문덕행,달전행,133,58602,120,83,하행,영신고등학교,457.9,2026-05-12
305,문덕-달전-문덕(기본),문덕행,문덕행,달전행,133,58602,120,84,하행,유성여자고등학교,833.2,2026-05-12
305,문덕-달전-문덕(기본),문덕행,문덕행,달전행,133,58602,120,85,하행,대동우방아파트,593.9,2026-05-12
305,문덕-달전-문덕(기본),문덕행,문덕행,달전행,133,58602,120,86,하행,선린병원후문,420.8,2026-05-12
305,문덕-달전-문덕(기본),문덕행,문덕행,달전행,133,58602,120,87,하행,선린병원,335.5,2026-05-12
305,문덕-달전-문덕(기본),문덕행,문덕행,달전행,133,58602,120,88,하행,북부시장,292.4,2026-05-12
305,문덕-달전-문덕(기본),문덕행,문덕행,달전행,133,58602,120,89,하행,국민건강보험공단,382,2026-05-12
305,문덕-달전-문덕(기본),문덕행,문덕행,달전행,133,58602,120,90,하행,중앙상가,477.6,2026-05-12
305,문덕-달전-문덕(기본),문덕행,문덕행,달전행,133,58602,120,91,하행,죽도시장,426,2026-05-12
305,문덕-달전-문덕(기본),문덕행,문덕행,달전행,133,58602,120,92,하행,오거리,320.9,2026-05-12
305,문덕-달전-문덕(기본),문덕행,문덕행,달전행,133,58602,120,93,하행,고속버스터미널,317.7,2026-05-12
305,문덕-달전-문덕(기본),문덕행,문덕행,달전행,133,58602,120,94,하행,해도119안전센터,571,2026-05-12
305,문덕-달전-문덕(기본),문덕행,문덕행,달전행,133,58602,120,95,하행,대해초등학교,406.4,2026-05-12
305,문덕-달전-문덕(기본),문덕행,문덕행,달전행,133,58602,120,96,하행,상대시장,449.3,2026-05-12
305,문덕-달전-문덕(기본),문덕행,문덕행,달전행,133,58602,120,97,하행,KT(세명기독병원),287.2,2026-05-12
305,문덕-달전-문덕(기본),문덕행,문덕행,달전행,133,58602,120,98,하행,상대지구대,219.5,2026-05-12
305,문덕-달전-문덕(기본),문덕행,문덕행,달전행,133,58602,120,99,하행,남부시장,299.1,2026-05-12
305,문덕-달전-문덕(기본),문덕행,문덕행,달전행,133,58602,120,100,하행,포항대도교회,429.1,2026-05-12
305,문덕-달전-문덕(기본),문덕행,문덕행,달전행,133,58602,120,101,하행,남구청(야구장),438.8,2026-05-12
305,문덕-달전-문덕(기본),문덕행,문덕행,달전행,133,58602,120,102,하행,문화예술회관,546.3,2026-05-12
305,문덕-달전-문덕(기본),문덕행,문덕행,달전행,133,58602,120,103,하행,형산로타리,343.8,2026-05-12
305,문덕-달전-문덕(기본),문덕행,문덕행,달전행,133,58602,120,104,하행,현대제철,1037.5,2026-05-12
305,문덕-달전-문덕(기본),문덕행,문덕행,달전행,133,58602,120,105,하행,단지주유소,480.6,2026-05-12
305,문덕-달전-문덕(기본),문덕행,문덕행,달전행,133,58602,120,106,하행,포스코본사,537,2026-05-12
305,문덕-달전-문덕(기본),문덕행,문덕행,달전행,133,58602,120,107,하행,포항스틸야드,491.5,2026-05-12
305,문덕-달전-문덕(기본),문덕행,문덕행,달전행,133,58602,120,108,하행,포스코2문,397.9,2026-05-12
305,문덕-달전-문덕(기본),문덕행,문덕행,달전행,133,58602,120,109,하행,남구보건소,507.3,2026-05-12
305,문덕-달전-문덕(기본),문덕행,문덕행,달전행,133,58602,120,110,하행,청림삼거리,616.7,2026-05-12
305,문덕-달전-문덕(기본),문덕행,문덕행,달전행,133,58602,120,111,하행,청림초등학교,474.4,2026-05-12
305,문덕-달전-문덕(기본),문덕행,문덕행,달전행,133,58602,120,112,하행,청림진달래아파트,420.8,2026-05-12
305,문덕-달전-문덕(기본),문덕행,문덕행,달전행,133,58602,120,113,하행,구정리,715.3,2026-05-12
305,문덕-달전-문덕(기본),문덕행,문덕행,달전행,133,58602,120,114,하행,구정1리,259.7,2026-05-12
305,문덕-달전-문덕(기본),문덕행,문덕행,달전행,133,58602,120,115,하행,구정3리,373.2,2026-05-12
305,문덕-달전-문덕(기본),문덕행,문덕행,달전행,133,58602,120,116,하행,해병대서문,295.7,2026-05-12
305,문덕-달전-문덕(기본),문덕행,문덕행,달전행,133,58602,120,117,하행,용덕사거리,393.8,2026-05-12
305,문덕-달전-문덕(기본),문덕행,문덕행,달전행,133,58602,120,118,하행,오천초등학교,218.8,2026-05-12
305,문덕-달전-문덕(기본),문덕행,문덕행,달전행,133,58602,120,119,하행,오천농협세계지점,403.2,2026-05-12
305,문덕-달전-문덕(기본),문덕행,문덕행,달전행,133,58602,120,120,하행,오천시장,168.3,2026-05-12
305,문덕-달전-문덕(기본),문덕행,문덕행,달전행,133,58602,120,121,하행,신흥중학교,659.6,2026-05-12
305,문덕-달전-문덕(기본),문덕행,문덕행,달전행,133,58602,120,122,하행,오천읍행정복지센터,435.1,2026-05-12
305,문덕-달전-문덕(기본),문덕행,문덕행,달전행,133,58602,120,123,하행,문덕초등학교,523.5,2026-05-12
305,문덕-달전-문덕(기본),문덕행,문덕행,달전행,133,58602,120,124,하행,문덕온천,369.6,2026-05-12
305,문덕-달전-문덕(기본),문덕행,문덕행,달전행,133,58602,120,125,하행,문덕사거리,332.9,2026-05-12
305,문덕-달전-문덕(기본),문덕행,문덕행,달전행,133,58602,120,126,하행,준양주택3차,255.2,2026-05-12
305,문덕-달전-문덕(기본),문덕행,문덕행,달전행,133,58602,120,127,하행,국민빌라,287.7,2026-05-12
305,문덕-달전-문덕(기본),문덕행,문덕행,달전행,133,58602,120,128,하행,문덕1리,406,2026-05-12
305,문덕-달전-문덕(기본),문덕행,문덕행,달전행,133,58602,120,129,하행,문덕마을회관,396.4,2026-05-12
305,문덕-달전-문덕(기본),문덕행,문덕행,달전행,133,58602,120,130,하행,오천읍민운동장,1251.8,2026-05-12
305,문덕-달전-문덕(기본),문덕행,문덕행,달전행,133,58602,120,131,하행,운전면허시험장,458.9,2026-05-12
305,문덕-달전-문덕(기본),문덕행,문덕행,달전행,133,58602,120,132,하행,문덕2리,364.7,2026-05-12
305,문덕-달전-문덕(기본),문덕행,문덕행,달전행,133,58602,120,133,하행,문덕차고지,215.9,2026-05-12
306,문덕-유강-문덕(기본),문덕행,문덕행,유강행,132,57928,120,1,상행,문덕차고지,0,2026-05-12
306,문덕-유강-문덕(기본),문덕행,문덕행,유강행,132,57928,120,2,상행,문덕2리,226.7,2026-05-12
306,문덕-유강-문덕(기본),문덕행,문덕행,유강행,132,57928,120,3,상행,운전면허시험장,335.5,2026-05-12
306,문덕-유강-문덕(기본),문덕행,문덕행,유강행,132,57928,120,4,상행,오천읍민운동장,489.1,2026-05-12
306,문덕-유강-문덕(기본),문덕행,문덕행,유강행,132,57928,120,5,상행,문덕마을회관,1222.2,2026-05-12
306,문덕-유강-문덕(기본),문덕행,문덕행,유강행,132,57928,120,6,상행,문덕1리,436.1,2026-05-12
306,문덕-유강-문덕(기본),문덕행,문덕행,유강행,132,57928,120,7,상행,국민빌라,299.8,2026-05-12
306,문덕-유강-문덕(기본),문덕행,문덕행,유강행,132,57928,120,8,상행,준양주택3차,365.5,2026-05-12
306,문덕-유강-문덕(기본),문덕행,문덕행,유강행,132,57928,120,9,상행,문덕사거리,242.1,2026-05-12
306,문덕-유강-문덕(기본),문덕행,문덕행,유강행,132,57928,120,10,상행,포은중학교,338.3,2026-05-12
306,문덕-유강-문덕(기본),문덕행,문덕행,유강행,132,57928,120,11,상행,새마을금고원동지점,208.4,2026-05-12
306,문덕-유강-문덕(기본),문덕행,문덕행,유강행,132,57928,120,12,상행,오천농협원동지점,310.2,2026-05-12
306,문덕-유강-문덕(기본),문덕행,문덕행,유강행,132,57928,120,13,상행,부영사랑3차,335.2,2026-05-12
306,문덕-유강-문덕(기본),문덕행,문덕행,유강행,132,57928,120,14,상행,원리,405.3,2026-05-12
306,문덕-유강-문덕(기본),문덕행,문덕행,유강행,132,57928,120,15,상행,힐스테이트포항,173.6,2026-05-12
306,문덕-유강-문덕(기본),문덕행,문덕행,유강행,132,57928,120,16,상행,원용교,377.3,2026-05-12
306,문덕-유강-문덕(기본),문덕행,문덕행,유강행,132,57928,120,17,상행,여성장애인복지관,443.8,2026-05-12
306,문덕-유강-문덕(기본),문덕행,문덕행,유강행,132,57928,120,18,상행,냉천수변공원,356.4,2026-05-12
306,문덕-유강-문덕(기본),문덕행,문덕행,유강행,132,57928,120,19,상행,대궁꿈마을아파트,617.9,2026-05-12
306,문덕-유강-문덕(기본),문덕행,문덕행,유강행,132,57928,120,20,상행,문덕초등학교,382.2,2026-05-12
306,문덕-유강-문덕(기본),문덕행,문덕행,유강행,132,57928,120,21,상행,오천읍행정복지센터,444.7,2026-05-12
306,문덕-유강-문덕(기본),문덕행,문덕행,유강행,132,57928,120,22,상행,오천환승센터,324.7,2026-05-12
306,문덕-유강-문덕(기본),문덕행,문덕행,유강행,132,57928,120,23,상행,오천농협세계지점,237.6,2026-05-12
306,문덕-유강-문덕(기본),문덕행,문덕행,유강행,132,57928,120,24,상행,오천초등학교,307.4,2026-05-12
306,문덕-유강-문덕(기본),문덕행,문덕행,유강행,132,57928,120,25,상행,용덕사거리,303.7,2026-05-12
306,문덕-유강-문덕(기본),문덕행,문덕행,유강행,132,57928,120,26,상행,해병대서문,335.4,2026-05-12
306,문덕-유강-문덕(기본),문덕행,문덕행,유강행,132,57928,120,27,상행,구정3리,356.3,2026-05-12
306,문덕-유강-문덕(기본),문덕행,문덕행,유강행,132,57928,120,28,상행,구정1리,425.2,2026-05-12
306,문덕-유강-문덕(기본),문덕행,문덕행,유강행,132,57928,120,29,상행,구정리,266.7,2026-05-12
306,문덕-유강-문덕(기본),문덕행,문덕행,유강행,132,57928,120,30,상행,청림진달래아파트,677,2026-05-12
306,문덕-유강-문덕(기본),문덕행,문덕행,유강행,132,57928,120,31,상행,청림동,320,2026-05-12
306,문덕-유강-문덕(기본),문덕행,문덕행,유강행,132,57928,120,32,상행,청림초등학교,222.8,2026-05-12
306,문덕-유강-문덕(기본),문덕행,문덕행,유강행,132,57928,120,33,상행,청림삼거리,390.3,2026-05-12
306,문덕-유강-문덕(기본),문덕행,문덕행,유강행,132,57928,120,34,상행,남구보건소,591.4,2026-05-12
306,문덕-유강-문덕(기본),문덕행,문덕행,유강행,132,57928,120,35,상행,남보건소(무정차),258.2,2026-05-12
306,문덕-유강-문덕(기본),문덕행,문덕행,유강행,132,57928,120,36,상행,포스코2문,264.5,2026-05-12
306,문덕-유강-문덕(기본),문덕행,문덕행,유강행,132,57928,120,37,상행,포항스틸야드,510.9,2026-05-12
306,문덕-유강-문덕(기본),문덕행,문덕행,유강행,132,57928,120,38,상행,포스코본사,361.7,2026-05-12
306,문덕-유강-문덕(기본),문덕행,문덕행,유강행,132,57928,120,39,상행,단지주유소,573.8,2026-05-12
306,문덕-유강-문덕(기본),문덕행,문덕행,유강행,132,57928,120,40,상행,현대제철,453.2,2026-05-12
306,문덕-유강-문덕(기본),문덕행,문덕행,유강행,132,57928,120,41,상행,형산로터리(무정차),626.9,2026-05-12
306,문덕-유강-문덕(기본),문덕행,문덕행,유강행,132,57928,120,42,상행,협력회관,405.3,2026-05-12
306,문덕-유강-문덕(기본),문덕행,문덕행,유강행,132,57928,120,43,상행,초원아파트,239.8,2026-05-12
306,문덕-유강-문덕(기본),문덕행,문덕행,유강행,132,57928,120,44,상행,세명기독병원,594.4,2026-05-12
306,문덕-유강-문덕(기본),문덕행,문덕행,유강행,132,57928,120,45,상행,산업은행,913.7,2026-05-12
306,문덕-유강-문덕(기본),문덕행,문덕행,유강행,132,57928,120,46,상행,교보생명,271.3,2026-05-12
306,문덕-유강-문덕(기본),문덕행,문덕행,유강행,132,57928,120,47,상행,시외버스터미널,320.4,2026-05-12
306,문덕-유강-문덕(기본),문덕행,문덕행,유강행,132,57928,120,48,상행,대잠사거리,755.9,2026-05-12
306,문덕-유강-문덕(기본),문덕행,문덕행,유강행,132,57928,120,49,상행,포항성모병원,623.9,2026-05-12
306,문덕-유강-문덕(기본),문덕행,문덕행,유강행,132,57928,120,50,상행,시청,349.4,2026-05-12
306,문덕-유강-문덕(기본),문덕행,문덕행,유강행,132,57928,120,51,상행,대잠그린파크,305.7,2026-05-12
306,문덕-유강-문덕(기본),문덕행,문덕행,유강행,132,57928,120,52,상행,대잠센트럴하이츠,271.9,2026-05-12
306,문덕-유강-문덕(기본),문덕행,문덕행,유강행,132,57928,120,53,상행,이동사거리,664.5,2026-05-12
306,문덕-유강-문덕(기본),문덕행,문덕행,유강행,132,57928,120,54,상행,포항건강랜드,389.8,2026-05-12
306,문덕-유강-문덕(기본),문덕행,문덕행,유강행,132,57928,120,55,상행,롯데마트,873.7,2026-05-12
306,문덕-유강-문덕(기본),문덕행,문덕행,유강행,132,57928,120,56,상행,포항제철유치원,221.8,2026-05-12
306,문덕-유강-문덕(기본),문덕행,문덕행,유강행,132,57928,120,57,상행,현대그린아파트,479.9,2026-05-12
306,문덕-유강-문덕(기본),문덕행,문덕행,유강행,132,57928,120,58,상행,포항테크노파크,268.6,2026-05-12
306,문덕-유강-문덕(기본),문덕행,문덕행,유강행,132,57928,120,59,상행,LG빌라,581.7,2026-05-12
306,문덕-유강-문덕(기본),문덕행,문덕행,유강행,132,57928,120,60,상행,LG빌라입구,276.7,2026-05-12
306,문덕-유강-문덕(기본),문덕행,문덕행,유강행,132,57928,120,61,상행,산책로,335.6,2026-05-12
306,문덕-유강-문덕(기본),문덕행,문덕행,유강행,132,57928,120,62,상행,교수아파트,795.5,2026-05-12
306,문덕-유강-문덕(기본),문덕행,문덕행,유강행,132,57928,120,63,상행,포항제철공고,366.4,2026-05-12
306,문덕-유강-문덕(기본),문덕행,문덕행,유강행,132,57928,120,64,상행,포스텍,372.2,2026-05-12
306,문덕-유강-문덕(기본),문덕행,문덕행,유강행,132,57928,120,65,상행,생명공학연구소,514.8,2026-05-12
306,문덕-유강-문덕(기본),문덕행,문덕행,유강행,132,57928,120,66,상행,승리아파트,410.1,2026-05-12
306,문덕-유강-문덕(기본),문덕행,문덕행,유강행,132,57928,120,67,상행,효자동,432.1,2026-05-12
306,문덕-유강-문덕(기본),문덕행,문덕행,유강행,132,57928,120,68,상행,유강코아루,676,2026-05-12
306,문덕-유강-문덕(기본),문덕행,문덕행,유강행,132,57928,120,69,하행,유강청구타운,357.7,2026-05-12
306,문덕-유강-문덕(기본),문덕행,문덕행,유강행,132,57928,120,70,하행,유강코아루,177.3,2026-05-12
306,문덕-유강-문덕(기본),문덕행,문덕행,유강행,132,57928,120,71,하행,효자동,491.1,2026-05-12
306,문덕-유강-문덕(기본),문덕행,문덕행,유강행,132,57928,120,72,하행,승리아파트,446.2,2026-05-12
306,문덕-유강-문덕(기본),문덕행,문덕행,유강행,132,57928,120,73,하행,생명공학연구소,496.7,2026-05-12
306,문덕-유강-문덕(기본),문덕행,문덕행,유강행,132,57928,120,74,하행,포스텍,315.7,2026-05-12
306,문덕-유강-문덕(기본),문덕행,문덕행,유강행,132,57928,120,75,하행,포항제철공고,660.7,2026-05-12
306,문덕-유강-문덕(기본),문덕행,문덕행,유강행,132,57928,120,76,하행,산책로,930,2026-05-12
306,문덕-유강-문덕(기본),문덕행,문덕행,유강행,132,57928,120,77,하행,LG빌라입구,345.8,2026-05-12
306,문덕-유강-문덕(기본),문덕행,문덕행,유강행,132,57928,120,78,하행,LG빌라,234,2026-05-12
306,문덕-유강-문덕(기본),문덕행,문덕행,유강행,132,57928,120,79,하행,포항테크노파크,602.3,2026-05-12
306,문덕-유강-문덕(기본),문덕행,문덕행,유강행,132,57928,120,80,하행,삼성그린아파트,322.2,2026-05-12
306,문덕-유강-문덕(기본),문덕행,문덕행,유강행,132,57928,120,81,하행,포항제철유치원,453.1,2026-05-12
306,문덕-유강-문덕(기본),문덕행,문덕행,유강행,132,57928,120,82,하행,롯데마트,255.5,2026-05-12
306,문덕-유강-문덕(기본),문덕행,문덕행,유강행,132,57928,120,83,하행,포스코 교육재단,397.4,2026-05-12
306,문덕-유강-문덕(기본),문덕행,문덕행,유강행,132,57928,120,84,하행,포항건강랜드,754.5,2026-05-12
306,문덕-유강-문덕(기본),문덕행,문덕행,유강행,132,57928,120,85,하행,이동사거리,618.8,2026-05-12
306,문덕-유강-문덕(기본),문덕행,문덕행,유강행,132,57928,120,86,하행,대잠센트럴하이츠,433.9,2026-05-12
306,문덕-유강-문덕(기본),문덕행,문덕행,유강행,132,57928,120,87,하행,대잠그린파크,264.9,2026-05-12
306,문덕-유강-문덕(기본),문덕행,문덕행,유강행,132,57928,120,88,하행,시청,321,2026-05-12
306,문덕-유강-문덕(기본),문덕행,문덕행,유강행,132,57928,120,89,하행,포항성모병원,367,2026-05-12
306,문덕-유강-문덕(기본),문덕행,문덕행,유강행,132,57928,120,90,하행,시외버스터미널,1392.8,2026-05-12
306,문덕-유강-문덕(기본),문덕행,문덕행,유강행,132,57928,120,91,하행,교보생명,257.2,2026-05-12
306,문덕-유강-문덕(기본),문덕행,문덕행,유강행,132,57928,120,92,하행,산업은행,382.1,2026-05-12
306,문덕-유강-문덕(기본),문덕행,문덕행,유강행,132,57928,120,93,하행,KT포항지사,890,2026-05-12
306,문덕-유강-문덕(기본),문덕행,문덕행,유강행,132,57928,120,94,하행,초원아파트,552.4,2026-05-12
306,문덕-유강-문덕(기본),문덕행,문덕행,유강행,132,57928,120,95,하행,협력회관,257.5,2026-05-12
306,문덕-유강-문덕(기본),문덕행,문덕행,유강행,132,57928,120,96,하행,현대제철,1020.2,2026-05-12
306,문덕-유강-문덕(기본),문덕행,문덕행,유강행,132,57928,120,97,하행,단지주유소,480.6,2026-05-12
306,문덕-유강-문덕(기본),문덕행,문덕행,유강행,132,57928,120,98,하행,포스코본사,537,2026-05-12
306,문덕-유강-문덕(기본),문덕행,문덕행,유강행,132,57928,120,99,하행,포항스틸야드,491.5,2026-05-12
306,문덕-유강-문덕(기본),문덕행,문덕행,유강행,132,57928,120,100,하행,포스코2문,397.9,2026-05-12
306,문덕-유강-문덕(기본),문덕행,문덕행,유강행,132,57928,120,101,하행,남구보건소,507.3,2026-05-12
306,문덕-유강-문덕(기본),문덕행,문덕행,유강행,132,57928,120,102,하행,청림삼거리,616.7,2026-05-12
306,문덕-유강-문덕(기본),문덕행,문덕행,유강행,132,57928,120,103,하행,청림초등학교,474.4,2026-05-12
306,문덕-유강-문덕(기본),문덕행,문덕행,유강행,132,57928,120,104,하행,청림진달래아파트,420.8,2026-05-12
306,문덕-유강-문덕(기본),문덕행,문덕행,유강행,132,57928,120,105,하행,구정리,715.3,2026-05-12
306,문덕-유강-문덕(기본),문덕행,문덕행,유강행,132,57928,120,106,하행,구정1리,259.7,2026-05-12
306,문덕-유강-문덕(기본),문덕행,문덕행,유강행,132,57928,120,107,하행,구정3리,373.2,2026-05-12
306,문덕-유강-문덕(기본),문덕행,문덕행,유강행,132,57928,120,108,하행,해병대서문,295.7,2026-05-12
306,문덕-유강-문덕(기본),문덕행,문덕행,유강행,132,57928,120,109,하행,용덕사거리,393.8,2026-05-12
306,문덕-유강-문덕(기본),문덕행,문덕행,유강행,132,57928,120,110,하행,오천초등학교,218.8,2026-05-12
306,문덕-유강-문덕(기본),문덕행,문덕행,유강행,132,57928,120,111,하행,오천농협세계지점,403.2,2026-05-12
306,문덕-유강-문덕(기본),문덕행,문덕행,유강행,132,57928,120,112,하행,오천환승센터(간선),286.5,2026-05-12
306,문덕-유강-문덕(기본),문덕행,문덕행,유강행,132,57928,120,113,하행,오천읍행정복지센터,315.8,2026-05-12
306,문덕-유강-문덕(기본),문덕행,문덕행,유강행,132,57928,120,114,하행,문덕초등학교,484.9,2026-05-12
306,문덕-유강-문덕(기본),문덕행,문덕행,유강행,132,57928,120,115,하행,대궁꿈마을아파트,388.2,2026-05-12
306,문덕-유강-문덕(기본),문덕행,문덕행,유강행,132,57928,120,116,하행,냉천수변공원,606.4,2026-05-12
306,문덕-유강-문덕(기본),문덕행,문덕행,유강행,132,57928,120,117,하행,여성장애인복지관,386.9,2026-05-12
306,문덕-유강-문덕(기본),문덕행,문덕행,유강행,132,57928,120,118,하행,힐스테이트포항,615.8,2026-05-12
306,문덕-유강-문덕(기본),문덕행,문덕행,유강행,132,57928,120,119,하행,원리,491.4,2026-05-12
306,문덕-유강-문덕(기본),문덕행,문덕행,유강행,132,57928,120,120,하행,부영사랑3차,295.9,2026-05-12
306,문덕-유강-문덕(기본),문덕행,문덕행,유강행,132,57928,120,121,하행,오천농협원동지점,350.9,2026-05-12
306,문덕-유강-문덕(기본),문덕행,문덕행,유강행,132,57928,120,122,하행,새마을금고원동지점,275.1,2026-05-12
306,문덕-유강-문덕(기본),문덕행,문덕행,유강행,132,57928,120,123,하행,원동초등학교,214.2,2026-05-12
306,문덕-유강-문덕(기본),문덕행,문덕행,유강행,132,57928,120,124,하행,문덕사거리,333.6,2026-05-12
306,문덕-유강-문덕(기본),문덕행,문덕행,유강행,132,57928,120,125,하행,준양주택3차,255.2,2026-05-12
306,문덕-유강-문덕(기본),문덕행,문덕행,유강행,132,57928,120,126,하행,국민빌라,287.7,2026-05-12
306,문덕-유강-문덕(기본),문덕행,문덕행,유강행,132,57928,120,127,하행,문덕1리,406,2026-05-12
306,문덕-유강-문덕(기본),문덕행,문덕행,유강행,132,57928,120,128,하행,문덕마을회관,396.4,2026-05-12
306,문덕-유강-문덕(기본),문덕행,문덕행,유강행,132,57928,120,129,하행,오천읍민운동장,1251.8,2026-05-12
306,문덕-유강-문덕(기본),문덕행,문덕행,유강행,132,57928,120,130,하행,운전면허시험장,458.9,2026-05-12
306,문덕-유강-문덕(기본),문덕행,문덕행,유강행,132,57928,120,131,하행,문덕2리,364.7,2026-05-12
306,문덕-유강-문덕(기본),문덕행,문덕행,유강행,132,57928,120,132,하행,문덕차고지,215.9,2026-05-12
308,문덕-신광-문덕(기본),문덕행,문덕행,신광행,153,73209,120,1,상행,문덕차고지,0,2026-05-12
308,문덕-신광-문덕(기본),문덕행,문덕행,신광행,153,73209,120,2,상행,문덕2리,226.7,2026-05-12
308,문덕-신광-문덕(기본),문덕행,문덕행,신광행,153,73209,120,3,상행,문충삼거리,198.4,2026-05-12
308,문덕-신광-문덕(기본),문덕행,문덕행,신광행,153,73209,120,4,상행,용산아파트,523.5,2026-05-12
308,문덕-신광-문덕(기본),문덕행,문덕행,신광행,153,73209,120,5,상행,용산1리,315.9,2026-05-12
308,문덕-신광-문덕(기본),문덕행,문덕행,신광행,153,73209,120,6,상행,용산2리,718,2026-05-12
308,문덕-신광-문덕(기본),문덕행,문덕행,신광행,153,73209,120,7,상행,포항아이파크아파트,353.8,2026-05-12
308,문덕-신광-문덕(기본),문덕행,문덕행,신광행,153,73209,120,8,상행,천마아파트,283.3,2026-05-12
308,문덕-신광-문덕(기본),문덕행,문덕행,신광행,153,73209,120,9,상행,신문덕코아루,250.6,2026-05-12
308,문덕-신광-문덕(기본),문덕행,문덕행,신광행,153,73209,120,10,상행,문덕3리,396.1,2026-05-12
308,문덕-신광-문덕(기본),문덕행,문덕행,신광행,153,73209,120,11,상행,청호하이츠,513.5,2026-05-12
308,문덕-신광-문덕(기본),문덕행,문덕행,신광행,153,73209,120,12,상행,오천읍행정복지센터,495.4,2026-05-12
308,문덕-신광-문덕(기본),문덕행,문덕행,신광행,153,73209,120,13,상행,오천환승센터,324.7,2026-05-12
308,문덕-신광-문덕(기본),문덕행,문덕행,신광행,153,73209,120,14,상행,오천농협세계지점,237.6,2026-05-12
308,문덕-신광-문덕(기본),문덕행,문덕행,신광행,153,73209,120,15,상행,오천초등학교,307.4,2026-05-12
308,문덕-신광-문덕(기본),문덕행,문덕행,신광행,153,73209,120,16,상행,용덕사거리,303.7,2026-05-12
308,문덕-신광-문덕(기본),문덕행,문덕행,신광행,153,73209,120,17,상행,해병대서문,335.4,2026-05-12
308,문덕-신광-문덕(기본),문덕행,문덕행,신광행,153,73209,120,18,상행,구정3리,356.3,2026-05-12
308,문덕-신광-문덕(기본),문덕행,문덕행,신광행,153,73209,120,19,상행,구정1리,425.2,2026-05-12
308,문덕-신광-문덕(기본),문덕행,문덕행,신광행,153,73209,120,20,상행,구정리,266.7,2026-05-12
308,문덕-신광-문덕(기본),문덕행,문덕행,신광행,153,73209,120,21,상행,청림진달래아파트,677,2026-05-12
308,문덕-신광-문덕(기본),문덕행,문덕행,신광행,153,73209,120,22,상행,청림동,320,2026-05-12
308,문덕-신광-문덕(기본),문덕행,문덕행,신광행,153,73209,120,23,상행,청림초등학교,222.8,2026-05-12
308,문덕-신광-문덕(기본),문덕행,문덕행,신광행,153,73209,120,24,상행,청림삼거리,390.3,2026-05-12
308,문덕-신광-문덕(기본),문덕행,문덕행,신광행,153,73209,120,25,상행,남구보건소,591.4,2026-05-12
308,문덕-신광-문덕(기본),문덕행,문덕행,신광행,153,73209,120,26,상행,남보건소(무정차),258.2,2026-05-12
308,문덕-신광-문덕(기본),문덕행,문덕행,신광행,153,73209,120,27,상행,포스코2문,264.5,2026-05-12
308,문덕-신광-문덕(기본),문덕행,문덕행,신광행,153,73209,120,28,상행,포항스틸야드,510.9,2026-05-12
308,문덕-신광-문덕(기본),문덕행,문덕행,신광행,153,73209,120,29,상행,포스코본사,361.7,2026-05-12
308,문덕-신광-문덕(기본),문덕행,문덕행,신광행,153,73209,120,30,상행,단지주유소,573.8,2026-05-12
308,문덕-신광-문덕(기본),문덕행,문덕행,신광행,153,73209,120,31,상행,현대제철,453.2,2026-05-12
308,문덕-신광-문덕(기본),문덕행,문덕행,신광행,153,73209,120,32,상행,형산로터리(무정차),626.9,2026-05-12
308,문덕-신광-문덕(기본),문덕행,문덕행,신광행,153,73209,120,33,상행,형산로터리,368.2,2026-05-12
308,문덕-신광-문덕(기본),문덕행,문덕행,신광행,153,73209,120,34,상행,장애인생산품판매시설,184.7,2026-05-12
308,문덕-신광-문덕(기본),문덕행,문덕행,신광행,153,73209,120,35,상행,대해시장,379.5,2026-05-12
308,문덕-신광-문덕(기본),문덕행,문덕행,신광행,153,73209,120,36,상행,해도119안전센터,495.2,2026-05-12
308,문덕-신광-문덕(기본),문덕행,문덕행,신광행,153,73209,120,37,상행,고속버스터미널,437.6,2026-05-12
308,문덕-신광-문덕(기본),문덕행,문덕행,신광행,153,73209,120,38,상행,오거리,547.2,2026-05-12
308,문덕-신광-문덕(기본),문덕행,문덕행,신광행,153,73209,120,39,상행,죽도시장,439.2,2026-05-12
308,문덕-신광-문덕(기본),문덕행,문덕행,신광행,153,73209,120,40,상행,육거리,469.2,2026-05-12
308,문덕-신광-문덕(기본),문덕행,문덕행,신광행,153,73209,120,41,상행,북부시장,701.1,2026-05-12
308,문덕-신광-문덕(기본),문덕행,문덕행,신광행,153,73209,120,42,상행,선린병원,153.5,2026-05-12
308,문덕-신광-문덕(기본),문덕행,문덕행,신광행,153,73209,120,43,상행,선린병원후문,404.5,2026-05-12
308,문덕-신광-문덕(기본),문덕행,문덕행,신광행,153,73209,120,44,상행,우방아이유쉘아파트,716.1,2026-05-12
308,문덕-신광-문덕(기본),문덕행,문덕행,신광행,153,73209,120,45,상행,유성여자고등학교,707.5,2026-05-12
308,문덕-신광-문덕(기본),문덕행,문덕행,신광행,153,73209,120,46,상행,영신고등학교,825.1,2026-05-12
308,문덕-신광-문덕(기본),문덕행,문덕행,신광행,153,73209,120,47,상행,포항 중앙고등학교,318.7,2026-05-12
308,문덕-신광-문덕(기본),문덕행,문덕행,신광행,153,73209,120,48,상행,중앙고-달전(무정차),1092.8,2026-05-12
308,문덕-신광-문덕(기본),문덕행,문덕행,신광행,153,73209,120,49,상행,달전(무정차),602.1,2026-05-12
308,문덕-신광-문덕(기본),문덕행,문덕행,신광행,153,73209,120,50,상행,달전리,262.5,2026-05-12
308,문덕-신광-문덕(기본),문덕행,문덕행,신광행,153,73209,120,51,상행,성곡검문소,456.9,2026-05-12
308,문덕-신광-문덕(기본),문덕행,문덕행,신광행,153,73209,120,52,상행,선린대학교입구,676.2,2026-05-12
308,문덕-신광-문덕(기본),문덕행,문덕행,신광행,153,73209,120,53,상행,성곡1리,425,2026-05-12
308,문덕-신광-문덕(기본),문덕행,문덕행,신광행,153,73209,120,54,상행,초곡삼구트리니엔,1550.5,2026-05-12
308,문덕-신광-문덕(기본),문덕행,문덕행,신광행,153,73209,120,55,상행,초곡초등학교,186.1,2026-05-12
308,문덕-신광-문덕(기본),문덕행,문덕행,신광행,153,73209,120,56,상행,초곡리슈빌,218.1,2026-05-12
308,문덕-신광-문덕(기본),문덕행,문덕행,신광행,153,73209,120,57,상행,초서초등학교,351.6,2026-05-12
308,문덕-신광-문덕(기본),문덕행,문덕행,신광행,153,73209,120,58,상행,지엔하임아파트,411.9,2026-05-12
308,문덕-신광-문덕(기본),문덕행,문덕행,신광행,153,73209,120,59,상행,초곡지구,406.8,2026-05-12
308,문덕-신광-문덕(기본),문덕행,문덕행,신광행,153,73209,120,60,상행,흥해공고,1022.6,2026-05-12
308,문덕-신광-문덕(기본),문덕행,문덕행,신광행,153,73209,120,61,상행,남성리,563.2,2026-05-12
308,문덕-신광-문덕(기본),문덕행,문덕행,신광행,153,73209,120,62,상행,흥해환승센터,301.6,2026-05-12
308,문덕-신광-문덕(기본),문덕행,문덕행,신광행,153,73209,120,63,상행,마산사거리(방통대),391.1,2026-05-12
308,문덕-신광-문덕(기본),문덕행,문덕행,신광행,153,73209,120,64,상행,한동맨션,415.9,2026-05-12
308,문덕-신광-문덕(기본),문덕행,문덕행,신광행,153,73209,120,65,상행,북송리,1502.7,2026-05-12
308,문덕-신광-문덕(기본),문덕행,문덕행,신광행,153,73209,120,66,상행,흥해서부초등학교,429.2,2026-05-12
308,문덕-신광-문덕(기본),문덕행,문덕행,신광행,153,73209,120,67,상행,매산리,597.2,2026-05-12
308,문덕-신광-문덕(기본),문덕행,문덕행,신광행,153,73209,120,68,상행,농업기술센터,466.1,2026-05-12
308,문덕-신광-문덕(기본),문덕행,문덕행,신광행,153,73209,120,69,상행,백련마을,328.9,2026-05-12
308,문덕-신광-문덕(기본),문덕행,문덕행,신광행,153,73209,120,70,상행,용연지입구,630.5,2026-05-12
308,문덕-신광-문덕(기본),문덕행,문덕행,신광행,153,73209,120,71,상행,용연저수지,739.8,2026-05-12
308,문덕-신광-문덕(기본),문덕행,문덕행,신광행,153,73209,120,72,상행,아랫범촌,697,2026-05-12
308,문덕-신광-문덕(기본),문덕행,문덕행,신광행,153,73209,120,73,상행,호리,556.5,2026-05-12
308,문덕-신광-문덕(기본),문덕행,문덕행,신광행,153,73209,120,74,상행,가척,576.6,2026-05-12
308,문덕-신광-문덕(기본),문덕행,문덕행,신광행,153,73209,120,75,상행,사정1리,466.9,2026-05-12
308,문덕-신광-문덕(기본),문덕행,문덕행,신광행,153,73209,120,76,상행,토성2리,403.1,2026-05-12
308,문덕-신광-문덕(기본),문덕행,문덕행,신광행,153,73209,120,77,상행,신광면행정복지센터,458.8,2026-05-12
308,문덕-신광-문덕(기본),문덕행,문덕행,신광행,153,73209,120,78,하행,신광면행정복지센터,43.1,2026-05-12
308,문덕-신광-문덕(기본),문덕행,문덕행,신광행,153,73209,120,79,하행,토성2리,452.8,2026-05-12
308,문덕-신광-문덕(기본),문덕행,문덕행,신광행,153,73209,120,80,하행,사정1리,507.6,2026-05-12
308,문덕-신광-문덕(기본),문덕행,문덕행,신광행,153,73209,120,81,하행,가척,394.3,2026-05-12
308,문덕-신광-문덕(기본),문덕행,문덕행,신광행,153,73209,120,82,하행,호리,581.1,2026-05-12
308,문덕-신광-문덕(기본),문덕행,문덕행,신광행,153,73209,120,83,하행,아랫범촌,600.8,2026-05-12
308,문덕-신광-문덕(기본),문덕행,문덕행,신광행,153,73209,120,84,하행,용연저수지,637.5,2026-05-12
308,문덕-신광-문덕(기본),문덕행,문덕행,신광행,153,73209,120,85,하행,용연지입구,740.9,2026-05-12
308,문덕-신광-문덕(기본),문덕행,문덕행,신광행,153,73209,120,86,하행,백련마을,647.5,2026-05-12
308,문덕-신광-문덕(기본),문덕행,문덕행,신광행,153,73209,120,87,하행,농업기술센터,270.9,2026-05-12
308,문덕-신광-문덕(기본),문덕행,문덕행,신광행,153,73209,120,88,하행,매산리,521.1,2026-05-12
308,문덕-신광-문덕(기본),문덕행,문덕행,신광행,153,73209,120,89,하행,흥해서부초등학교,597.2,2026-05-12
308,문덕-신광-문덕(기본),문덕행,문덕행,신광행,153,73209,120,90,하행,북송리,467.7,2026-05-12
308,문덕-신광-문덕(기본),문덕행,문덕행,신광행,153,73209,120,91,하행,한동맨션,1446.8,2026-05-12
308,문덕-신광-문덕(기본),문덕행,문덕행,신광행,153,73209,120,92,하행,마산사거리(방통대),369.7,2026-05-12
308,문덕-신광-문덕(기본),문덕행,문덕행,신광행,153,73209,120,93,하행,흥해환승센터,466.4,2026-05-12
308,문덕-신광-문덕(기본),문덕행,문덕행,신광행,153,73209,120,94,하행,남성리,351.1,2026-05-12
308,문덕-신광-문덕(기본),문덕행,문덕행,신광행,153,73209,120,95,하행,흥해읍행정복지센터,303.1,2026-05-12
308,문덕-신광-문덕(기본),문덕행,문덕행,신광행,153,73209,120,96,하행,흥해공고,438.7,2026-05-12
308,문덕-신광-문덕(기본),문덕행,문덕행,신광행,153,73209,120,97,하행,초곡지구,998.6,2026-05-12
308,문덕-신광-문덕(기본),문덕행,문덕행,신광행,153,73209,120,98,하행,지엔하임아파트,411.5,2026-05-12
308,문덕-신광-문덕(기본),문덕행,문덕행,신광행,153,73209,120,99,하행,초서초등학교,428.6,2026-05-12
308,문덕-신광-문덕(기본),문덕행,문덕행,신광행,153,73209,120,100,하행,초곡리슈빌,330.1,2026-05-12
308,문덕-신광-문덕(기본),문덕행,문덕행,신광행,153,73209,120,101,하행,초곡초등학교,174,2026-05-12
308,문덕-신광-문덕(기본),문덕행,문덕행,신광행,153,73209,120,102,하행,초곡삼구트리니엔,254.5,2026-05-12
308,문덕-신광-문덕(기본),문덕행,문덕행,신광행,153,73209,120,103,하행,성곡1리,1538.9,2026-05-12
308,문덕-신광-문덕(기본),문덕행,문덕행,신광행,153,73209,120,104,하행,선린대학교입구,227.3,2026-05-12
308,문덕-신광-문덕(기본),문덕행,문덕행,신광행,153,73209,120,105,하행,성곡검문소,986,2026-05-12
308,문덕-신광-문덕(기본),문덕행,문덕행,신광행,153,73209,120,106,하행,달전리,262.9,2026-05-12
308,문덕-신광-문덕(기본),문덕행,문덕행,신광행,153,73209,120,107,하행,달전-중앙고(무정차),785.6,2026-05-12
308,문덕-신광-문덕(기본),문덕행,문덕행,신광행,153,73209,120,108,하행,포항 중앙고등학교,1088.4,2026-05-12
308,문덕-신광-문덕(기본),문덕행,문덕행,신광행,153,73209,120,109,하행,영신고등학교,457.9,2026-05-12
308,문덕-신광-문덕(기본),문덕행,문덕행,신광행,153,73209,120,110,하행,유성여자고등학교,833.2,2026-05-12
308,문덕-신광-문덕(기본),문덕행,문덕행,신광행,153,73209,120,111,하행,우방아이유쉘아파트,590.9,2026-05-12
308,문덕-신광-문덕(기본),문덕행,문덕행,신광행,153,73209,120,112,하행,대동우방아파트,288.2,2026-05-12
308,문덕-신광-문덕(기본),문덕행,문덕행,신광행,153,73209,120,113,하행,선린병원후문,420.8,2026-05-12
308,문덕-신광-문덕(기본),문덕행,문덕행,신광행,153,73209,120,114,하행,선린병원,335.5,2026-05-12
308,문덕-신광-문덕(기본),문덕행,문덕행,신광행,153,73209,120,115,하행,북부시장,292.4,2026-05-12
308,문덕-신광-문덕(기본),문덕행,문덕행,신광행,153,73209,120,116,하행,국민건강보험공단,382,2026-05-12
308,문덕-신광-문덕(기본),문덕행,문덕행,신광행,153,73209,120,117,하행,중앙상가,477.6,2026-05-12
308,문덕-신광-문덕(기본),문덕행,문덕행,신광행,153,73209,120,118,하행,죽도시장,426,2026-05-12
308,문덕-신광-문덕(기본),문덕행,문덕행,신광행,153,73209,120,119,하행,오거리,320.9,2026-05-12
308,문덕-신광-문덕(기본),문덕행,문덕행,신광행,153,73209,120,120,하행,고속버스터미널,317.7,2026-05-12
308,문덕-신광-문덕(기본),문덕행,문덕행,신광행,153,73209,120,121,하행,해도119안전센터,571,2026-05-12
308,문덕-신광-문덕(기본),문덕행,문덕행,신광행,153,73209,120,122,하행,대해시장,423.9,2026-05-12
308,문덕-신광-문덕(기본),문덕행,문덕행,신광행,153,73209,120,123,하행,장애인생산품판매시설,417.9,2026-05-12
308,문덕-신광-문덕(기본),문덕행,문덕행,신광행,153,73209,120,124,하행,형산로타리,292,2026-05-12
308,문덕-신광-문덕(기본),문덕행,문덕행,신광행,153,73209,120,125,하행,현대제철,976.3,2026-05-12
308,문덕-신광-문덕(기본),문덕행,문덕행,신광행,153,73209,120,126,하행,단지주유소,480.6,2026-05-12
308,문덕-신광-문덕(기본),문덕행,문덕행,신광행,153,73209,120,127,하행,포스코본사,537,2026-05-12
308,문덕-신광-문덕(기본),문덕행,문덕행,신광행,153,73209,120,128,하행,포항스틸야드,491.5,2026-05-12
308,문덕-신광-문덕(기본),문덕행,문덕행,신광행,153,73209,120,129,하행,포스코2문,397.9,2026-05-12
308,문덕-신광-문덕(기본),문덕행,문덕행,신광행,153,73209,120,130,하행,남구보건소,507.3,2026-05-12
308,문덕-신광-문덕(기본),문덕행,문덕행,신광행,153,73209,120,131,하행,청림삼거리,616.7,2026-05-12
308,문덕-신광-문덕(기본),문덕행,문덕행,신광행,153,73209,120,132,하행,청림초등학교,474.4,2026-05-12
308,문덕-신광-문덕(기본),문덕행,문덕행,신광행,153,73209,120,133,하행,청림진달래아파트,420.8,2026-05-12
308,문덕-신광-문덕(기본),문덕행,문덕행,신광행,153,73209,120,134,하행,구정리,715.3,2026-05-12
308,문덕-신광-문덕(기본),문덕행,문덕행,신광행,153,73209,120,135,하행,구정1리,259.7,2026-05-12
308,문덕-신광-문덕(기본),문덕행,문덕행,신광행,153,73209,120,136,하행,구정3리,373.2,2026-05-12
308,문덕-신광-문덕(기본),문덕행,문덕행,신광행,153,73209,120,137,하행,해병대서문,295.7,2026-05-12
308,문덕-신광-문덕(기본),문덕행,문덕행,신광행,153,73209,120,138,하행,용덕사거리,393.8,2026-05-12
308,문덕-신광-문덕(기본),문덕행,문덕행,신광행,153,73209,120,139,하행,오천초등학교,218.8,2026-05-12
308,문덕-신광-문덕(기본),문덕행,문덕행,신광행,153,73209,120,140,하행,오천농협세계지점,403.2,2026-05-12
308,문덕-신광-문덕(기본),문덕행,문덕행,신광행,153,73209,120,141,하행,오천환승센터(간선),286.5,2026-05-12
308,문덕-신광-문덕(기본),문덕행,문덕행,신광행,153,73209,120,142,하행,오천읍행정복지센터,315.8,2026-05-12
308,문덕-신광-문덕(기본),문덕행,문덕행,신광행,153,73209,120,143,하행,청호하이츠,575.8,2026-05-12
308,문덕-신광-문덕(기본),문덕행,문덕행,신광행,153,73209,120,144,하행,문덕3리,460,2026-05-12
308,문덕-신광-문덕(기본),문덕행,문덕행,신광행,153,73209,120,145,하행,신문덕코아루,344.7,2026-05-12
308,문덕-신광-문덕(기본),문덕행,문덕행,신광행,153,73209,120,146,하행,천마아파트,300.3,2026-05-12
308,문덕-신광-문덕(기본),문덕행,문덕행,신광행,153,73209,120,147,하행,포항아이파크아파트,249.5,2026-05-12
308,문덕-신광-문덕(기본),문덕행,문덕행,신광행,153,73209,120,148,하행,용산2리,377.4,2026-05-12
308,문덕-신광-문덕(기본),문덕행,문덕행,신광행,153,73209,120,149,하행,용산1리,731.3,2026-05-12
308,문덕-신광-문덕(기본),문덕행,문덕행,신광행,153,73209,120,150,하행,용산아파트,315.2,2026-05-12
308,문덕-신광-문덕(기본),문덕행,문덕행,신광행,153,73209,120,151,하행,문충삼거리,522.8,2026-05-12
308,문덕-신광-문덕(기본),문덕행,문덕행,신광행,153,73209,120,152,하행,문덕2리,227.3,2026-05-12
308,문덕-신광-문덕(기본),문덕행,문덕행,신광행,153,73209,120,153,하행,문덕차고지,215.9,2026-05-12
5000,문덕-보경사(하송1리)-문덕,문덕행,문덕행,보경사행,134,103464,125,1,상행,문덕차고지,0,2026-05-12
5000,문덕-보경사(하송1리)-문덕,문덕행,문덕행,보경사행,134,103464,125,2,상행,운전면허시험장,562.2,2026-05-12
5000,문덕-보경사(하송1리)-문덕,문덕행,문덕행,보경사행,134,103464,125,3,상행,문덕마을회관,1711.3,2026-05-12
5000,문덕-보경사(하송1리)-문덕,문덕행,문덕행,보경사행,134,103464,125,4,상행,문덕교,840.3,2026-05-12
5000,문덕-보경사(하송1리)-문덕,문덕행,문덕행,보경사행,134,103464,125,5,상행,문덕사거리,504.7,2026-05-12
5000,문덕-보경사(하송1리)-문덕,문덕행,문덕행,보경사행,134,103464,125,6,상행,준양참마을,330.2,2026-05-12
5000,문덕-보경사(하송1리)-문덕,문덕행,문덕행,보경사행,134,103464,125,7,상행,호동근로자종합복지관,2763.2,2026-05-12
5000,문덕-보경사(하송1리)-문덕,문덕행,문덕행,보경사행,134,103464,125,8,상행,장흥동사거리,2067,2026-05-12
5000,문덕-보경사(하송1리)-문덕,문덕행,문덕행,보경사행,134,103464,125,9,상행,삼도한솔타운,1239.4,2026-05-12
5000,문덕-보경사(하송1리)-문덕,문덕행,문덕행,보경사행,134,103464,125,10,상행,동해주유소,726,2026-05-12
5000,문덕-보경사(하송1리)-문덕,문덕행,문덕행,보경사행,134,103464,125,11,상행,경북자동차학원,479.2,2026-05-12
5000,문덕-보경사(하송1리)-문덕,문덕행,문덕행,보경사행,134,103464,125,12,상행,포항남부경찰서,1101.7,2026-05-12
5000,문덕-보경사(하송1리)-문덕,문덕행,문덕행,보경사행,134,103464,125,13,상행,시외버스터미널,728.9,2026-05-12
5000,문덕-보경사(하송1리)-문덕,문덕행,문덕행,보경사행,134,103464,125,14,상행,산업은행,639.3,2026-05-12
5000,문덕-보경사(하송1리)-문덕,문덕행,문덕행,보경사행,134,103464,125,15,상행,고용복지플러스센터,644.9,2026-05-12
5000,문덕-보경사(하송1리)-문덕,문덕행,문덕행,보경사행,134,103464,125,16,상행,GS슈퍼마켓,351.9,2026-05-12
5000,문덕-보경사(하송1리)-문덕,문덕행,문덕행,보경사행,134,103464,125,17,상행,죽도파출소,352.5,2026-05-12
5000,문덕-보경사(하송1리)-문덕,문덕행,문덕행,보경사행,134,103464,125,18,상행,홈플러스(오거리),351.7,2026-05-12
5000,문덕-보경사(하송1리)-문덕,문덕행,문덕행,보경사행,134,103464,125,19,상행,죽도시장,556.7,2026-05-12
5000,문덕-보경사(하송1리)-문덕,문덕행,문덕행,보경사행,134,103464,125,20,상행,육거리,413,2026-05-12
5000,문덕-보경사(하송1리)-문덕,문덕행,문덕행,보경사행,134,103464,125,21,상행,수인사,291.7,2026-05-12
5000,문덕-보경사(하송1리)-문덕,문덕행,문덕행,보경사행,134,103464,125,22,상행,도심환승센터,366.8,2026-05-12
5000,문덕-보경사(하송1리)-문덕,문덕행,문덕행,보경사행,134,103464,125,23,상행,나루끝,502.4,2026-05-12
5000,문덕-보경사(하송1리)-문덕,문덕행,문덕행,보경사행,134,103464,125,24,상행,대동우방아파트,317.1,2026-05-12
5000,문덕-보경사(하송1리)-문덕,문덕행,문덕행,보경사행,134,103464,125,25,상행,유성여자고등학교,722.4,2026-05-12
5000,문덕-보경사(하송1리)-문덕,문덕행,문덕행,보경사행,134,103464,125,26,상행,포항 중앙고등학교,1143.8,2026-05-12
5000,문덕-보경사(하송1리)-문덕,문덕행,문덕행,보경사행,134,103464,125,27,상행,흥해농협달전지점,1948.4,2026-05-12
5000,문덕-보경사(하송1리)-문덕,문덕행,문덕행,보경사행,134,103464,125,28,상행,삼도드림파크,270.3,2026-05-12
5000,문덕-보경사(하송1리)-문덕,문덕행,문덕행,보경사행,134,103464,125,29,상행,포항역(흥해행),597.3,2026-05-12
5000,문덕-보경사(하송1리)-문덕,문덕행,문덕행,보경사행,134,103464,125,30,상행,삼도드림파크,740.4,2026-05-12
5000,문덕-보경사(하송1리)-문덕,문덕행,문덕행,보경사행,134,103464,125,31,상행,흥해농협달전지점,258.5,2026-05-12
5000,문덕-보경사(하송1리)-문덕,문덕행,문덕행,보경사행,134,103464,125,32,상행,달전리,138.1,2026-05-12
5000,문덕-보경사(하송1리)-문덕,문덕행,문덕행,보경사행,134,103464,125,33,상행,선린대학교입구,1185.7,2026-05-12
5000,문덕-보경사(하송1리)-문덕,문덕행,문덕행,보경사행,134,103464,125,34,상행,흥해공고,1762,2026-05-12
5000,문덕-보경사(하송1리)-문덕,문덕행,문덕행,보경사행,134,103464,125,35,상행,흥해환승센터,864.3,2026-05-12
5000,문덕-보경사(하송1리)-문덕,문덕행,문덕행,보경사행,134,103464,125,36,상행,마산사거리(방통대),394.6,2026-05-12
5000,문덕-보경사(하송1리)-문덕,문덕행,문덕행,보경사행,134,103464,125,37,상행,곡강리,1969.6,2026-05-12
5000,문덕-보경사(하송1리)-문덕,문덕행,문덕행,보경사행,134,103464,125,38,상행,선그린,865.3,2026-05-12
5000,문덕-보경사(하송1리)-문덕,문덕행,문덕행,보경사행,134,103464,125,39,상행,덕장리,658.1,2026-05-12
5000,문덕-보경사(하송1리)-문덕,문덕행,문덕행,보경사행,134,103464,125,40,상행,소동리,2443.5,2026-05-12
5000,문덕-보경사(하송1리)-문덕,문덕행,문덕행,보경사행,134,103464,125,41,상행,고현리,370.3,2026-05-12
5000,문덕-보경사(하송1리)-문덕,문덕행,문덕행,보경사행,134,103464,125,42,상행,청하농공단지,1265.8,2026-05-12
5000,문덕-보경사(하송1리)-문덕,문덕행,문덕행,보경사행,134,103464,125,43,상행,청하삼거리,701.3,2026-05-12
5000,문덕-보경사(하송1리)-문덕,문덕행,문덕행,보경사행,134,103464,125,44,상행,하대리,907.2,2026-05-12
5000,문덕-보경사(하송1리)-문덕,문덕행,문덕행,보경사행,134,103464,125,45,상행,청하환승센터,610.6,2026-05-12
5000,문덕-보경사(하송1리)-문덕,문덕행,문덕행,보경사행,134,103464,125,46,상행,청하시장,320.6,2026-05-12
5000,문덕-보경사(하송1리)-문덕,문덕행,문덕행,보경사행,134,103464,125,47,상행,청하초등학교,194.1,2026-05-12
5000,문덕-보경사(하송1리)-문덕,문덕행,문덕행,보경사행,134,103464,125,48,상행,청하면민복지회관,320.3,2026-05-12
5000,문덕-보경사(하송1리)-문덕,문덕행,문덕행,보경사행,134,103464,125,49,상행,청하사거리,802.9,2026-05-12
5000,문덕-보경사(하송1리)-문덕,문덕행,문덕행,보경사행,134,103464,125,50,상행,필화2리,632.1,2026-05-12
5000,문덕-보경사(하송1리)-문덕,문덕행,문덕행,보경사행,134,103464,125,51,상행,월포역,863.3,2026-05-12
5000,문덕-보경사(하송1리)-문덕,문덕행,문덕행,보경사행,134,103464,125,52,상행,월포회차지,282.9,2026-05-12
5000,문덕-보경사(하송1리)-문덕,문덕행,문덕행,보경사행,134,103464,125,53,상행,월포역,368.6,2026-05-12
5000,문덕-보경사(하송1리)-문덕,문덕행,문덕행,보경사행,134,103464,125,54,상행,필화2리,894.6,2026-05-12
5000,문덕-보경사(하송1리)-문덕,문덕행,문덕행,보경사행,134,103464,125,55,상행,청하사거리,611.6,2026-05-12
5000,문덕-보경사(하송1리)-문덕,문덕행,문덕행,보경사행,134,103464,125,56,상행,덕성리,668.4,2026-05-12
5000,문덕-보경사(하송1리)-문덕,문덕행,문덕행,보경사행,134,103464,125,57,상행,하송1리,879.2,2026-05-12
5000,문덕-보경사(하송1리)-문덕,문덕행,문덕행,보경사행,134,103464,125,58,상행,하송2리,761.6,2026-05-12
5000,문덕-보경사(하송1리)-문덕,문덕행,문덕행,보경사행,134,103464,125,59,상행,포스코 스포츠랜드,786.3,2026-05-12
5000,문덕-보경사(하송1리)-문덕,문덕행,문덕행,보경사행,134,103464,125,60,상행,송라정류소,950,2026-05-12
5000,문덕-보경사(하송1리)-문덕,문덕행,문덕행,보경사행,134,103464,125,61,상행,송라입구,500.8,2026-05-12
5000,문덕-보경사(하송1리)-문덕,문덕행,문덕행,보경사행,134,103464,125,62,상행,송라면행정복지센터,540.5,2026-05-12
5000,문덕-보경사(하송1리)-문덕,문덕행,문덕행,보경사행,134,103464,125,63,상행,광천2리,329.8,2026-05-12
5000,문덕-보경사(하송1리)-문덕,문덕행,문덕행,보경사행,134,103464,125,64,상행,광천1리,1092,2026-05-12
5000,문덕-보경사(하송1리)-문덕,문덕행,문덕행,보경사행,134,103464,125,65,상행,중산1리,453.1,2026-05-12
5000,문덕-보경사(하송1리)-문덕,문덕행,문덕행,보경사행,134,103464,125,66,상행,중산2리,906.3,2026-05-12
5000,문덕-보경사(하송1리)-문덕,문덕행,문덕행,보경사행,134,103464,125,67,하행,보경사,1201.1,2026-05-12
5000,문덕-보경사(하송1리)-문덕,문덕행,문덕행,보경사행,134,103464,125,68,하행,중산2리,1239.2,2026-05-12
5000,문덕-보경사(하송1리)-문덕,문덕행,문덕행,보경사행,134,103464,125,69,하행,중산1리,889.9,2026-05-12
5000,문덕-보경사(하송1리)-문덕,문덕행,문덕행,보경사행,134,103464,125,70,하행,광천1리,469.1,2026-05-12
5000,문덕-보경사(하송1리)-문덕,문덕행,문덕행,보경사행,134,103464,125,71,하행,광천2리,1105.6,2026-05-12
5000,문덕-보경사(하송1리)-문덕,문덕행,문덕행,보경사행,134,103464,125,72,하행,송라면행정복지센터,325.4,2026-05-12
5000,문덕-보경사(하송1리)-문덕,문덕행,문덕행,보경사행,134,103464,125,73,하행,포스코스포츠랜드,1185.9,2026-05-12
5000,문덕-보경사(하송1리)-문덕,문덕행,문덕행,보경사행,134,103464,125,74,하행,하송2리,694.8,2026-05-12
5000,문덕-보경사(하송1리)-문덕,문덕행,문덕행,보경사행,134,103464,125,75,하행,하송1리,802.5,2026-05-12
5000,문덕-보경사(하송1리)-문덕,문덕행,문덕행,보경사행,134,103464,125,76,하행,덕성리,896.4,2026-05-12
5000,문덕-보경사(하송1리)-문덕,문덕행,문덕행,보경사행,134,103464,125,77,하행,청하사거리,652,2026-05-12
5000,문덕-보경사(하송1리)-문덕,문덕행,문덕행,보경사행,134,103464,125,78,하행,필화2리,632.1,2026-05-12
5000,문덕-보경사(하송1리)-문덕,문덕행,문덕행,보경사행,134,103464,125,79,하행,월포역,863.3,2026-05-12
5000,문덕-보경사(하송1리)-문덕,문덕행,문덕행,보경사행,134,103464,125,80,하행,월포회차지,282.9,2026-05-12
5000,문덕-보경사(하송1리)-문덕,문덕행,문덕행,보경사행,134,103464,125,81,하행,월포역,368.6,2026-05-12
5000,문덕-보경사(하송1리)-문덕,문덕행,문덕행,보경사행,134,103464,125,82,하행,필화2리,894.6,2026-05-12
5000,문덕-보경사(하송1리)-문덕,문덕행,문덕행,보경사행,134,103464,125,83,하행,청하사거리,611.6,2026-05-12
5000,문덕-보경사(하송1리)-문덕,문덕행,문덕행,보경사행,134,103464,125,84,하행,덕성리,668.4,2026-05-12
5000,문덕-보경사(하송1리)-문덕,문덕행,문덕행,보경사행,134,103464,125,85,하행,청하면민복지회관,180.2,2026-05-12
5000,문덕-보경사(하송1리)-문덕,문덕행,문덕행,보경사행,134,103464,125,86,하행,청하초등학교,265,2026-05-12
5000,문덕-보경사(하송1리)-문덕,문덕행,문덕행,보경사행,134,103464,125,87,하행,청하시장,230.6,2026-05-12
5000,문덕-보경사(하송1리)-문덕,문덕행,문덕행,보경사행,134,103464,125,88,하행,청하환승센터,288.1,2026-05-12
5000,문덕-보경사(하송1리)-문덕,문덕행,문덕행,보경사행,134,103464,125,89,하행,하대리,620.8,2026-05-12
5000,문덕-보경사(하송1리)-문덕,문덕행,문덕행,보경사행,134,103464,125,90,하행,청하삼거리,884.1,2026-05-12
5000,문덕-보경사(하송1리)-문덕,문덕행,문덕행,보경사행,134,103464,125,91,하행,청하농공단지,756.3,2026-05-12
5000,문덕-보경사(하송1리)-문덕,문덕행,문덕행,보경사행,134,103464,125,92,하행,고현리,1261.9,2026-05-12
5000,문덕-보경사(하송1리)-문덕,문덕행,문덕행,보경사행,134,103464,125,93,하행,소동리,353.2,2026-05-12
5000,문덕-보경사(하송1리)-문덕,문덕행,문덕행,보경사행,134,103464,125,94,하행,덕장리,2568.1,2026-05-12
5000,문덕-보경사(하송1리)-문덕,문덕행,문덕행,보경사행,134,103464,125,95,하행,선그린,509.1,2026-05-12
5000,문덕-보경사(하송1리)-문덕,문덕행,문덕행,보경사행,134,103464,125,96,하행,곡강리,892.1,2026-05-12
5000,문덕-보경사(하송1리)-문덕,문덕행,문덕행,보경사행,134,103464,125,97,하행,마산사거리(방통대),1908.7,2026-05-12
5000,문덕-보경사(하송1리)-문덕,문덕행,문덕행,보경사행,134,103464,125,98,하행,흥해환승센터,474.2,2026-05-12
5000,문덕-보경사(하송1리)-문덕,문덕행,문덕행,보경사행,134,103464,125,99,하행,흥해읍행정복지센터,645.3,2026-05-12
5000,문덕-보경사(하송1리)-문덕,문덕행,문덕행,보경사행,134,103464,125,100,하행,흥해공고,438.7,2026-05-12
5000,문덕-보경사(하송1리)-문덕,문덕행,문덕행,보경사행,134,103464,125,101,하행,선린대학교입구,1744.4,2026-05-12
5000,문덕-보경사(하송1리)-문덕,문덕행,문덕행,보경사행,134,103464,125,102,하행,흥해농협달전지점,1330.6,2026-05-12
5000,문덕-보경사(하송1리)-문덕,문덕행,문덕행,보경사행,134,103464,125,103,하행,삼도드림파크,270.3,2026-05-12
5000,문덕-보경사(하송1리)-문덕,문덕행,문덕행,보경사행,134,103464,125,104,하행,포항역(시내행),636.3,2026-05-12
5000,문덕-보경사(하송1리)-문덕,문덕행,문덕행,보경사행,134,103464,125,105,하행,삼도드림파크,701.4,2026-05-12
5000,문덕-보경사(하송1리)-문덕,문덕행,문덕행,보경사행,134,103464,125,106,하행,흥해농협달전지점,258.5,2026-05-12
5000,문덕-보경사(하송1리)-문덕,문덕행,문덕행,보경사행,134,103464,125,107,하행,포항 중앙고등학교,1937.1,2026-05-12
5000,문덕-보경사(하송1리)-문덕,문덕행,문덕행,보경사행,134,103464,125,108,하행,유성여자고등학교,1291.1,2026-05-12
5000,문덕-보경사(하송1리)-문덕,문덕행,문덕행,보경사행,134,103464,125,109,하행,대동우방아파트,593.9,2026-05-12
5000,문덕-보경사(하송1리)-문덕,문덕행,문덕행,보경사행,134,103464,125,110,하행,나루끝,351.8,2026-05-12
5000,문덕-보경사(하송1리)-문덕,문덕행,문덕행,보경사행,134,103464,125,111,하행,도심환승센터,471.9,2026-05-12
5000,문덕-보경사(하송1리)-문덕,문덕행,문덕행,보경사행,134,103464,125,112,하행,포항꿈트리센터,179.9,2026-05-12
5000,문덕-보경사(하송1리)-문덕,문덕행,문덕행,보경사행,134,103464,125,113,하행,중앙상가,502.9,2026-05-12
5000,문덕-보경사(하송1리)-문덕,문덕행,문덕행,보경사행,134,103464,125,114,하행,죽도시장,429.3,2026-05-12
5000,문덕-보경사(하송1리)-문덕,문덕행,문덕행,보경사행,134,103464,125,115,하행,홈플러스,307.5,2026-05-12
5000,문덕-보경사(하송1리)-문덕,문덕행,문덕행,보경사행,134,103464,125,116,하행,죽도파출소,377.9,2026-05-12
5000,문덕-보경사(하송1리)-문덕,문덕행,문덕행,보경사행,134,103464,125,117,하행,GS슈퍼마켓,365.7,2026-05-12
5000,문덕-보경사(하송1리)-문덕,문덕행,문덕행,보경사행,134,103464,125,118,하행,고용복지플러스센터,352.3,2026-05-12
5000,문덕-보경사(하송1리)-문덕,문덕행,문덕행,보경사행,134,103464,125,119,하행,산업은행,696.5,2026-05-12
5000,문덕-보경사(하송1리)-문덕,문덕행,문덕행,보경사행,134,103464,125,120,하행,시외버스터미널,591.7,2026-05-12
5000,문덕-보경사(하송1리)-문덕,문덕행,문덕행,보경사행,134,103464,125,121,하행,상도코아루,647.6,2026-05-12
5000,문덕-보경사(하송1리)-문덕,문덕행,문덕행,보경사행,134,103464,125,122,하행,포항남부경찰서,344,2026-05-12
5000,문덕-보경사(하송1리)-문덕,문덕행,문덕행,보경사행,134,103464,125,123,하행,경북자동차학원,699,2026-05-12
5000,문덕-보경사(하송1리)-문덕,문덕행,문덕행,보경사행,134,103464,125,124,하행,연일읍행정복지센터,779.7,2026-05-12
5000,문덕-보경사(하송1리)-문덕,문덕행,문덕행,보경사행,134,103464,125,125,하행,삼도한솔타운,653.6,2026-05-12
5000,문덕-보경사(하송1리)-문덕,문덕행,문덕행,보경사행,134,103464,125,126,하행,장흥동사거리,998.2,2026-05-12
5000,문덕-보경사(하송1리)-문덕,문덕행,문덕행,보경사행,134,103464,125,127,하행,신한은행공단출장소,403.5,2026-05-12
5000,문덕-보경사(하송1리)-문덕,문덕행,문덕행,보경사행,134,103464,125,128,하행,호동근로자종합복지관,1794.7,2026-05-12
5000,문덕-보경사(하송1리)-문덕,문덕행,문덕행,보경사행,134,103464,125,129,하행,준양참마을,2803.2,2026-05-12
5000,문덕-보경사(하송1리)-문덕,문덕행,문덕행,보경사행,134,103464,125,130,하행,문덕사거리,309.1,2026-05-12
5000,문덕-보경사(하송1리)-문덕,문덕행,문덕행,보경사행,134,103464,125,131,하행,문덕교,524.5,2026-05-12
5000,문덕-보경사(하송1리)-문덕,문덕행,문덕행,보경사행,134,103464,125,132,하행,문덕마을회관,813.6,2026-05-12
5000,문덕-보경사(하송1리)-문덕,문덕행,문덕행,보경사행,134,103464,125,133,하행,운전면허시험장,1710.7,2026-05-12
5000,문덕-보경사(하송1리)-문덕,문덕행,문덕행,보경사행,134,103464,125,134,하행,문덕차고지,580.6,2026-05-12
5000,문덕-보경사-문덕(기본),문덕행,문덕행,보경사행,127,101010,250,1,상행,문덕차고지,0,2026-05-12
5000,문덕-보경사-문덕(기본),문덕행,문덕행,보경사행,127,101010,250,2,상행,운전면허시험장,562.2,2026-05-12
5000,문덕-보경사-문덕(기본),문덕행,문덕행,보경사행,127,101010,250,3,상행,문덕마을회관,1711.3,2026-05-12
5000,문덕-보경사-문덕(기본),문덕행,문덕행,보경사행,127,101010,250,4,상행,문덕교,840.3,2026-05-12
5000,문덕-보경사-문덕(기본),문덕행,문덕행,보경사행,127,101010,250,5,상행,문덕사거리,504.7,2026-05-12
5000,문덕-보경사-문덕(기본),문덕행,문덕행,보경사행,127,101010,250,6,상행,준양참마을,330.2,2026-05-12
5000,문덕-보경사-문덕(기본),문덕행,문덕행,보경사행,127,101010,250,7,상행,호동근로자종합복지관,2763.2,2026-05-12
5000,문덕-보경사-문덕(기본),문덕행,문덕행,보경사행,127,101010,250,8,상행,장흥동사거리,2067,2026-05-12
5000,문덕-보경사-문덕(기본),문덕행,문덕행,보경사행,127,101010,250,9,상행,삼도한솔타운,1239.4,2026-05-12
5000,문덕-보경사-문덕(기본),문덕행,문덕행,보경사행,127,101010,250,10,상행,동해주유소,726,2026-05-12
5000,문덕-보경사-문덕(기본),문덕행,문덕행,보경사행,127,101010,250,11,상행,경북자동차학원,479.2,2026-05-12
5000,문덕-보경사-문덕(기본),문덕행,문덕행,보경사행,127,101010,250,12,상행,포항남부경찰서,1101.7,2026-05-12
5000,문덕-보경사-문덕(기본),문덕행,문덕행,보경사행,127,101010,250,13,상행,시외버스터미널,728.9,2026-05-12
5000,문덕-보경사-문덕(기본),문덕행,문덕행,보경사행,127,101010,250,14,상행,산업은행,639.3,2026-05-12
5000,문덕-보경사-문덕(기본),문덕행,문덕행,보경사행,127,101010,250,15,상행,고용복지플러스센터,644.9,2026-05-12
5000,문덕-보경사-문덕(기본),문덕행,문덕행,보경사행,127,101010,250,16,상행,GS슈퍼마켓,351.9,2026-05-12
5000,문덕-보경사-문덕(기본),문덕행,문덕행,보경사행,127,101010,250,17,상행,죽도파출소,352.5,2026-05-12
5000,문덕-보경사-문덕(기본),문덕행,문덕행,보경사행,127,101010,250,18,상행,홈플러스(오거리),351.7,2026-05-12
5000,문덕-보경사-문덕(기본),문덕행,문덕행,보경사행,127,101010,250,19,상행,죽도시장,556.7,2026-05-12
5000,문덕-보경사-문덕(기본),문덕행,문덕행,보경사행,127,101010,250,20,상행,육거리,413,2026-05-12
5000,문덕-보경사-문덕(기본),문덕행,문덕행,보경사행,127,101010,250,21,상행,수인사,291.7,2026-05-12
5000,문덕-보경사-문덕(기본),문덕행,문덕행,보경사행,127,101010,250,22,상행,도심환승센터,366.8,2026-05-12
5000,문덕-보경사-문덕(기본),문덕행,문덕행,보경사행,127,101010,250,23,상행,나루끝,502.4,2026-05-12
5000,문덕-보경사-문덕(기본),문덕행,문덕행,보경사행,127,101010,250,24,상행,대동우방아파트,317.1,2026-05-12
5000,문덕-보경사-문덕(기본),문덕행,문덕행,보경사행,127,101010,250,25,상행,유성여자고등학교,722.4,2026-05-12
5000,문덕-보경사-문덕(기본),문덕행,문덕행,보경사행,127,101010,250,26,상행,포항 중앙고등학교,1143.8,2026-05-12
5000,문덕-보경사-문덕(기본),문덕행,문덕행,보경사행,127,101010,250,27,상행,흥해농협달전지점,1948.4,2026-05-12
5000,문덕-보경사-문덕(기본),문덕행,문덕행,보경사행,127,101010,250,28,상행,삼도드림파크,270.3,2026-05-12
5000,문덕-보경사-문덕(기본),문덕행,문덕행,보경사행,127,101010,250,29,상행,포항역(흥해행),597.3,2026-05-12
5000,문덕-보경사-문덕(기본),문덕행,문덕행,보경사행,127,101010,250,30,상행,삼도드림파크,740.4,2026-05-12
5000,문덕-보경사-문덕(기본),문덕행,문덕행,보경사행,127,101010,250,31,상행,흥해농협달전지점,258.5,2026-05-12
5000,문덕-보경사-문덕(기본),문덕행,문덕행,보경사행,127,101010,250,32,상행,달전리,138.1,2026-05-12
5000,문덕-보경사-문덕(기본),문덕행,문덕행,보경사행,127,101010,250,33,상행,선린대학교입구,1185.7,2026-05-12
5000,문덕-보경사-문덕(기본),문덕행,문덕행,보경사행,127,101010,250,34,상행,흥해공고,1762,2026-05-12
5000,문덕-보경사-문덕(기본),문덕행,문덕행,보경사행,127,101010,250,35,상행,흥해환승센터,864.3,2026-05-12
5000,문덕-보경사-문덕(기본),문덕행,문덕행,보경사행,127,101010,250,36,상행,마산사거리(방통대),394.6,2026-05-12
5000,문덕-보경사-문덕(기본),문덕행,문덕행,보경사행,127,101010,250,37,상행,곡강리,1969.6,2026-05-12
5000,문덕-보경사-문덕(기본),문덕행,문덕행,보경사행,127,101010,250,38,상행,선그린,865.3,2026-05-12
5000,문덕-보경사-문덕(기본),문덕행,문덕행,보경사행,127,101010,250,39,상행,덕장리,658.1,2026-05-12
5000,문덕-보경사-문덕(기본),문덕행,문덕행,보경사행,127,101010,250,40,상행,소동리,2443.5,2026-05-12
5000,문덕-보경사-문덕(기본),문덕행,문덕행,보경사행,127,101010,250,41,상행,고현리,370.3,2026-05-12
5000,문덕-보경사-문덕(기본),문덕행,문덕행,보경사행,127,101010,250,42,상행,청하농공단지,1265.8,2026-05-12
5000,문덕-보경사-문덕(기본),문덕행,문덕행,보경사행,127,101010,250,43,상행,청하삼거리,701.3,2026-05-12
5000,문덕-보경사-문덕(기본),문덕행,문덕행,보경사행,127,101010,250,44,상행,하대리,907.2,2026-05-12
5000,문덕-보경사-문덕(기본),문덕행,문덕행,보경사행,127,101010,250,45,상행,청하환승센터,610.6,2026-05-12
5000,문덕-보경사-문덕(기본),문덕행,문덕행,보경사행,127,101010,250,46,상행,청하시장,320.6,2026-05-12
5000,문덕-보경사-문덕(기본),문덕행,문덕행,보경사행,127,101010,250,47,상행,청하초등학교,194.1,2026-05-12
5000,문덕-보경사-문덕(기본),문덕행,문덕행,보경사행,127,101010,250,48,상행,청하면민복지회관,320.3,2026-05-12
5000,문덕-보경사-문덕(기본),문덕행,문덕행,보경사행,127,101010,250,49,상행,청하사거리,802.9,2026-05-12
5000,문덕-보경사-문덕(기본),문덕행,문덕행,보경사행,127,101010,250,50,상행,필화2리,632.1,2026-05-12
5000,문덕-보경사-문덕(기본),문덕행,문덕행,보경사행,127,101010,250,51,상행,월포역,863.3,2026-05-12
5000,문덕-보경사-문덕(기본),문덕행,문덕행,보경사행,127,101010,250,52,상행,월포회차지,282.9,2026-05-12
5000,문덕-보경사-문덕(기본),문덕행,문덕행,보경사행,127,101010,250,53,상행,월포역,368.6,2026-05-12
5000,문덕-보경사-문덕(기본),문덕행,문덕행,보경사행,127,101010,250,54,상행,필화2리,894.6,2026-05-12
5000,문덕-보경사-문덕(기본),문덕행,문덕행,보경사행,127,101010,250,55,상행,하송2리,1705.7,2026-05-12
5000,문덕-보경사-문덕(기본),문덕행,문덕행,보경사행,127,101010,250,56,상행,포스코 스포츠랜드,786.3,2026-05-12
5000,문덕-보경사-문덕(기본),문덕행,문덕행,보경사행,127,101010,250,57,상행,송라정류소,950,2026-05-12
5000,문덕-보경사-문덕(기본),문덕행,문덕행,보경사행,127,101010,250,58,상행,송라입구,500.8,2026-05-12
5000,문덕-보경사-문덕(기본),문덕행,문덕행,보경사행,127,101010,250,59,상행,송라면행정복지센터,540.5,2026-05-12
5000,문덕-보경사-문덕(기본),문덕행,문덕행,보경사행,127,101010,250,60,상행,광천2리,329.8,2026-05-12
5000,문덕-보경사-문덕(기본),문덕행,문덕행,보경사행,127,101010,250,61,상행,광천1리,1092,2026-05-12
5000,문덕-보경사-문덕(기본),문덕행,문덕행,보경사행,127,101010,250,62,상행,중산1리,453.1,2026-05-12
5000,문덕-보경사-문덕(기본),문덕행,문덕행,보경사행,127,101010,250,63,상행,중산2리,906.3,2026-05-12
5000,문덕-보경사-문덕(기본),문덕행,문덕행,보경사행,127,101010,250,64,하행,보경사,1201.1,2026-05-12
5000,문덕-보경사-문덕(기본),문덕행,문덕행,보경사행,127,101010,250,65,하행,중산2리,1239.2,2026-05-12
5000,문덕-보경사-문덕(기본),문덕행,문덕행,보경사행,127,101010,250,66,하행,중산1리,889.9,2026-05-12
5000,문덕-보경사-문덕(기본),문덕행,문덕행,보경사행,127,101010,250,67,하행,광천1리,469.1,2026-05-12
5000,문덕-보경사-문덕(기본),문덕행,문덕행,보경사행,127,101010,250,68,하행,광천2리,1105.6,2026-05-12
5000,문덕-보경사-문덕(기본),문덕행,문덕행,보경사행,127,101010,250,69,하행,송라면행정복지센터,325.4,2026-05-12
5000,문덕-보경사-문덕(기본),문덕행,문덕행,보경사행,127,101010,250,70,하행,포스코스포츠랜드,1185.9,2026-05-12
5000,문덕-보경사-문덕(기본),문덕행,문덕행,보경사행,127,101010,250,71,하행,하송2리,694.8,2026-05-12
5000,문덕-보경사-문덕(기본),문덕행,문덕행,보경사행,127,101010,250,72,하행,필화2리,1743.4,2026-05-12
5000,문덕-보경사-문덕(기본),문덕행,문덕행,보경사행,127,101010,250,73,하행,월포역,863.3,2026-05-12
5000,문덕-보경사-문덕(기본),문덕행,문덕행,보경사행,127,101010,250,74,하행,월포회차지,282.9,2026-05-12
5000,문덕-보경사-문덕(기본),문덕행,문덕행,보경사행,127,101010,250,75,하행,월포역,368.6,2026-05-12
5000,문덕-보경사-문덕(기본),문덕행,문덕행,보경사행,127,101010,250,76,하행,필화2리,894.6,2026-05-12
5000,문덕-보경사-문덕(기본),문덕행,문덕행,보경사행,127,101010,250,77,하행,청하사거리,611.6,2026-05-12
5000,문덕-보경사-문덕(기본),문덕행,문덕행,보경사행,127,101010,250,78,하행,청하면민복지회관,848.6,2026-05-12
5000,문덕-보경사-문덕(기본),문덕행,문덕행,보경사행,127,101010,250,79,하행,청하초등학교,265,2026-05-12
5000,문덕-보경사-문덕(기본),문덕행,문덕행,보경사행,127,101010,250,80,하행,청하시장,230.6,2026-05-12
5000,문덕-보경사-문덕(기본),문덕행,문덕행,보경사행,127,101010,250,81,하행,청하환승센터,288.1,2026-05-12
5000,문덕-보경사-문덕(기본),문덕행,문덕행,보경사행,127,101010,250,82,하행,하대리,620.8,2026-05-12
5000,문덕-보경사-문덕(기본),문덕행,문덕행,보경사행,127,101010,250,83,하행,청하삼거리,884.1,2026-05-12
5000,문덕-보경사-문덕(기본),문덕행,문덕행,보경사행,127,101010,250,84,하행,청하농공단지,756.3,2026-05-12
5000,문덕-보경사-문덕(기본),문덕행,문덕행,보경사행,127,101010,250,85,하행,고현리,1261.9,2026-05-12
5000,문덕-보경사-문덕(기본),문덕행,문덕행,보경사행,127,101010,250,86,하행,소동리,353.2,2026-05-12
5000,문덕-보경사-문덕(기본),문덕행,문덕행,보경사행,127,101010,250,87,하행,덕장리,2568.1,2026-05-12
5000,문덕-보경사-문덕(기본),문덕행,문덕행,보경사행,127,101010,250,88,하행,선그린,509.1,2026-05-12
5000,문덕-보경사-문덕(기본),문덕행,문덕행,보경사행,127,101010,250,89,하행,곡강리,892.1,2026-05-12
5000,문덕-보경사-문덕(기본),문덕행,문덕행,보경사행,127,101010,250,90,하행,마산사거리(방통대),1908.7,2026-05-12
5000,문덕-보경사-문덕(기본),문덕행,문덕행,보경사행,127,101010,250,91,하행,흥해환승센터,474.2,2026-05-12
5000,문덕-보경사-문덕(기본),문덕행,문덕행,보경사행,127,101010,250,92,하행,흥해읍행정복지센터,645.3,2026-05-12
5000,문덕-보경사-문덕(기본),문덕행,문덕행,보경사행,127,101010,250,93,하행,흥해공고,438.7,2026-05-12
5000,문덕-보경사-문덕(기본),문덕행,문덕행,보경사행,127,101010,250,94,하행,선린대학교입구,1744.4,2026-05-12
5000,문덕-보경사-문덕(기본),문덕행,문덕행,보경사행,127,101010,250,95,하행,흥해농협달전지점,1330.6,2026-05-12
5000,문덕-보경사-문덕(기본),문덕행,문덕행,보경사행,127,101010,250,96,하행,삼도드림파크,270.3,2026-05-12
5000,문덕-보경사-문덕(기본),문덕행,문덕행,보경사행,127,101010,250,97,하행,포항역(시내행),636.3,2026-05-12
5000,문덕-보경사-문덕(기본),문덕행,문덕행,보경사행,127,101010,250,98,하행,삼도드림파크,701.4,2026-05-12
5000,문덕-보경사-문덕(기본),문덕행,문덕행,보경사행,127,101010,250,99,하행,흥해농협달전지점,258.5,2026-05-12
5000,문덕-보경사-문덕(기본),문덕행,문덕행,보경사행,127,101010,250,100,하행,포항 중앙고등학교,1937.1,2026-05-12
5000,문덕-보경사-문덕(기본),문덕행,문덕행,보경사행,127,101010,250,101,하행,유성여자고등학교,1291.1,2026-05-12
5000,문덕-보경사-문덕(기본),문덕행,문덕행,보경사행,127,101010,250,102,하행,대동우방아파트,593.9,2026-05-12
5000,문덕-보경사-문덕(기본),문덕행,문덕행,보경사행,127,101010,250,103,하행,나루끝,351.8,2026-05-12
5000,문덕-보경사-문덕(기본),문덕행,문덕행,보경사행,127,101010,250,104,하행,도심환승센터,471.9,2026-05-12
5000,문덕-보경사-문덕(기본),문덕행,문덕행,보경사행,127,101010,250,105,하행,포항꿈트리센터,179.9,2026-05-12
5000,문덕-보경사-문덕(기본),문덕행,문덕행,보경사행,127,101010,250,106,하행,중앙상가,502.9,2026-05-12
5000,문덕-보경사-문덕(기본),문덕행,문덕행,보경사행,127,101010,250,107,하행,죽도시장,429.3,2026-05-12
5000,문덕-보경사-문덕(기본),문덕행,문덕행,보경사행,127,101010,250,108,하행,홈플러스,307.5,2026-05-12
5000,문덕-보경사-문덕(기본),문덕행,문덕행,보경사행,127,101010,250,109,하행,죽도파출소,377.9,2026-05-12
5000,문덕-보경사-문덕(기본),문덕행,문덕행,보경사행,127,101010,250,110,하행,GS슈퍼마켓,365.7,2026-05-12
5000,문덕-보경사-문덕(기본),문덕행,문덕행,보경사행,127,101010,250,111,하행,고용복지플러스센터,352.3,2026-05-12
5000,문덕-보경사-문덕(기본),문덕행,문덕행,보경사행,127,101010,250,112,하행,산업은행,696.5,2026-05-12
5000,문덕-보경사-문덕(기본),문덕행,문덕행,보경사행,127,101010,250,113,하행,시외버스터미널,591.7,2026-05-12
5000,문덕-보경사-문덕(기본),문덕행,문덕행,보경사행,127,101010,250,114,하행,상도코아루,647.6,2026-05-12
5000,문덕-보경사-문덕(기본),문덕행,문덕행,보경사행,127,101010,250,115,하행,포항남부경찰서,344,2026-05-12
5000,문덕-보경사-문덕(기본),문덕행,문덕행,보경사행,127,101010,250,116,하행,경북자동차학원,699,2026-05-12
5000,문덕-보경사-문덕(기본),문덕행,문덕행,보경사행,127,101010,250,117,하행,연일읍행정복지센터,779.7,2026-05-12
5000,문덕-보경사-문덕(기본),문덕행,문덕행,보경사행,127,101010,250,118,하행,삼도한솔타운,653.6,2026-05-12
5000,문덕-보경사-문덕(기본),문덕행,문덕행,보경사행,127,101010,250,119,하행,장흥동사거리,998.2,2026-05-12
5000,문덕-보경사-문덕(기본),문덕행,문덕행,보경사행,127,101010,250,120,하행,신한은행공단출장소,403.5,2026-05-12
5000,문덕-보경사-문덕(기본),문덕행,문덕행,보경사행,127,101010,250,121,하행,호동근로자종합복지관,1794.7,2026-05-12
5000,문덕-보경사-문덕(기본),문덕행,문덕행,보경사행,127,101010,250,122,하행,준양참마을,2803.2,2026-05-12
5000,문덕-보경사-문덕(기본),문덕행,문덕행,보경사행,127,101010,250,123,하행,문덕사거리,309.1,2026-05-12
5000,문덕-보경사-문덕(기본),문덕행,문덕행,보경사행,127,101010,250,124,하행,문덕교,524.5,2026-05-12
5000,문덕-보경사-문덕(기본),문덕행,문덕행,보경사행,127,101010,250,125,하행,문덕마을회관,813.6,2026-05-12
5000,문덕-보경사-문덕(기본),문덕행,문덕행,보경사행,127,101010,250,126,하행,운전면허시험장,1710.7,2026-05-12
5000,문덕-보경사-문덕(기본),문덕행,문덕행,보경사행,127,101010,250,127,하행,문덕차고지,580.6,2026-05-12
580,1회 흥해-청하-하옥-명안-청하,흥해행,청하행,하옥행,61,76525,120,1,상행,흥해환승센터,0,2026-05-12
580,1회 흥해-청하-하옥-명안-청하,흥해행,청하행,하옥행,61,76525,120,2,상행,흥해파출소,229.5,2026-05-12
580,1회 흥해-청하-하옥-명안-청하,흥해행,청하행,하옥행,61,76525,120,3,상행,곡강리,2004.9,2026-05-12
580,1회 흥해-청하-하옥-명안-청하,흥해행,청하행,하옥행,61,76525,120,4,상행,선그린,865.3,2026-05-12
580,1회 흥해-청하-하옥-명안-청하,흥해행,청하행,하옥행,61,76525,120,5,상행,덕장리,658.1,2026-05-12
580,1회 흥해-청하-하옥-명안-청하,흥해행,청하행,하옥행,61,76525,120,6,상행,소동리,2443.5,2026-05-12
580,1회 흥해-청하-하옥-명안-청하,흥해행,청하행,하옥행,61,76525,120,7,상행,고현리,370.3,2026-05-12
580,1회 흥해-청하-하옥-명안-청하,흥해행,청하행,하옥행,61,76525,120,8,상행,청하농공단지,1265.8,2026-05-12
580,1회 흥해-청하-하옥-명안-청하,흥해행,청하행,하옥행,61,76525,120,9,상행,남천리,1958.4,2026-05-12
580,1회 흥해-청하-하옥-명안-청하,흥해행,청하행,하옥행,61,76525,120,10,상행,필화리,898.7,2026-05-12
580,1회 흥해-청하-하옥-명안-청하,흥해행,청하행,하옥행,61,76525,120,11,상행,청하사거리,503.2,2026-05-12
580,1회 흥해-청하-하옥-명안-청하,흥해행,청하행,하옥행,61,76525,120,12,상행,청하면민복지회관,848.6,2026-05-12
580,1회 흥해-청하-하옥-명안-청하,흥해행,청하행,하옥행,61,76525,120,13,상행,청하초등학교,265,2026-05-12
580,1회 흥해-청하-하옥-명안-청하,흥해행,청하행,하옥행,61,76525,120,14,상행,청하면사무소,248.4,2026-05-12
580,1회 흥해-청하-하옥-명안-청하,흥해행,청하행,하옥행,61,76525,120,15,상행,서정2리입구,1076,2026-05-12
580,1회 흥해-청하-하옥-명안-청하,흥해행,청하행,하옥행,61,76525,120,16,상행,서정2리,247.9,2026-05-12
580,1회 흥해-청하-하옥-명안-청하,흥해행,청하행,하옥행,61,76525,120,17,상행,상대리,637.4,2026-05-12
580,1회 흥해-청하-하옥-명안-청하,흥해행,청하행,하옥행,61,76525,120,18,상행,서정1리,710.1,2026-05-12
580,1회 흥해-청하-하옥-명안-청하,흥해행,청하행,하옥행,61,76525,120,19,상행,유계리,653.9,2026-05-12
580,1회 흥해-청하-하옥-명안-청하,흥해행,청하행,하옥행,61,76525,120,20,상행,유계리종점,389.8,2026-05-12
580,1회 흥해-청하-하옥-명안-청하,흥해행,청하행,하옥행,61,76525,120,21,상행,수목원,7375,2026-05-12
580,1회 흥해-청하-하옥-명안-청하,흥해행,청하행,하옥행,61,76525,120,22,상행,배빗재,5588.2,2026-05-12
580,1회 흥해-청하-하옥-명안-청하,흥해행,청하행,하옥행,61,76525,120,23,상행,무새골,425.4,2026-05-12
580,1회 흥해-청하-하옥-명안-청하,흥해행,청하행,하옥행,61,76525,120,24,상행,상옥1리,409.3,2026-05-12
580,1회 흥해-청하-하옥-명안-청하,흥해행,청하행,하옥행,61,76525,120,25,상행,거리마을,150.3,2026-05-12
580,1회 흥해-청하-하옥-명안-청하,흥해행,청하행,하옥행,61,76525,120,26,상행,상옥복지회관,962,2026-05-12
580,1회 흥해-청하-하옥-명안-청하,흥해행,청하행,하옥행,61,76525,120,27,상행,상옥보건소,358.4,2026-05-12
580,1회 흥해-청하-하옥-명안-청하,흥해행,청하행,하옥행,61,76525,120,28,상행,상옥2리,436.2,2026-05-12
580,1회 흥해-청하-하옥-명안-청하,흥해행,청하행,하옥행,61,76525,120,29,상행,먹방골,870.7,2026-05-12
580,1회 흥해-청하-하옥-명안-청하,흥해행,청하행,하옥행,61,76525,120,30,상행,뒷머리,690.2,2026-05-12
580,1회 흥해-청하-하옥-명안-청하,흥해행,청하행,하옥행,61,76525,120,31,상행,윗마두밭,4186.5,2026-05-12
580,1회 흥해-청하-하옥-명안-청하,흥해행,청하행,하옥행,61,76525,120,32,상행,아래마두밭,1075.4,2026-05-12
580,1회 흥해-청하-하옥-명안-청하,흥해행,청하행,하옥행,61,76525,120,33,상행,하옥산장,940.4,2026-05-12
580,1회 흥해-청하-하옥-명안-청하,흥해행,청하행,하옥행,61,76525,120,34,하행,하옥종점,2032.7,2026-05-12
580,1회 흥해-청하-하옥-명안-청하,흥해행,청하행,하옥행,61,76525,120,35,하행,하옥산장,2166.4,2026-05-12
580,1회 흥해-청하-하옥-명안-청하,흥해행,청하행,하옥행,61,76525,120,36,하행,아래마두밭,945.8,2026-05-12
580,1회 흥해-청하-하옥-명안-청하,흥해행,청하행,하옥행,61,76525,120,37,하행,윗마두밭,1081.2,2026-05-12
580,1회 흥해-청하-하옥-명안-청하,흥해행,청하행,하옥행,61,76525,120,38,하행,뒷머리,4257.4,2026-05-12
580,1회 흥해-청하-하옥-명안-청하,흥해행,청하행,하옥행,61,76525,120,39,하행,먹방골,594.9,2026-05-12
580,1회 흥해-청하-하옥-명안-청하,흥해행,청하행,하옥행,61,76525,120,40,하행,상옥2리,937.2,2026-05-12
580,1회 흥해-청하-하옥-명안-청하,흥해행,청하행,하옥행,61,76525,120,41,하행,상옥보건소,343.5,2026-05-12
580,1회 흥해-청하-하옥-명안-청하,흥해행,청하행,하옥행,61,76525,120,42,하행,상옥복지회관,446.6,2026-05-12
580,1회 흥해-청하-하옥-명안-청하,흥해행,청하행,하옥행,61,76525,120,43,하행,거리마을,962.6,2026-05-12
580,1회 흥해-청하-하옥-명안-청하,흥해행,청하행,하옥행,61,76525,120,44,하행,상옥1리,139.5,2026-05-12
580,1회 흥해-청하-하옥-명안-청하,흥해행,청하행,하옥행,61,76525,120,45,하행,무새골,391.9,2026-05-12
580,1회 흥해-청하-하옥-명안-청하,흥해행,청하행,하옥행,61,76525,120,46,하행,배빗재,435,2026-05-12
580,1회 흥해-청하-하옥-명안-청하,흥해행,청하행,하옥행,61,76525,120,47,하행,수목원,5604.6,2026-05-12
580,1회 흥해-청하-하옥-명안-청하,흥해행,청하행,하옥행,61,76525,120,48,하행,유계리 교회,7488.8,2026-05-12
580,1회 흥해-청하-하옥-명안-청하,흥해행,청하행,하옥행,61,76525,120,49,하행,유계리,246.5,2026-05-12
580,1회 흥해-청하-하옥-명안-청하,흥해행,청하행,하옥행,61,76525,120,50,하행,안심저수지,1197.2,2026-05-12
580,1회 흥해-청하-하옥-명안-청하,흥해행,청하행,하옥행,61,76525,120,51,하행,명안1리,758.4,2026-05-12
580,1회 흥해-청하-하옥-명안-청하,흥해행,청하행,하옥행,61,76525,120,52,하행,명안리마을회관,724.7,2026-05-12
580,1회 흥해-청하-하옥-명안-청하,흥해행,청하행,하옥행,61,76525,120,53,하행,명안1리,652.9,2026-05-12
580,1회 흥해-청하-하옥-명안-청하,흥해행,청하행,하옥행,61,76525,120,54,하행,안심저수지,726.7,2026-05-12
580,1회 흥해-청하-하옥-명안-청하,흥해행,청하행,하옥행,61,76525,120,55,하행,서정1리,1104.7,2026-05-12
580,1회 흥해-청하-하옥-명안-청하,흥해행,청하행,하옥행,61,76525,120,56,하행,상대리,750.3,2026-05-12
580,1회 흥해-청하-하옥-명안-청하,흥해행,청하행,하옥행,61,76525,120,57,하행,서정2리,644,2026-05-12
580,1회 흥해-청하-하옥-명안-청하,흥해행,청하행,하옥행,61,76525,120,58,하행,서정2리입구,241.4,2026-05-12
580,1회 흥해-청하-하옥-명안-청하,흥해행,청하행,하옥행,61,76525,120,59,하행,청하면사무소,1069.7,2026-05-12
580,1회 흥해-청하-하옥-명안-청하,흥해행,청하행,하옥행,61,76525,120,60,하행,청하시장,470.8,2026-05-12
580,1회 흥해-청하-하옥-명안-청하,흥해행,청하행,하옥행,61,76525,120,61,하행,청하환승센터,288.1,2026-05-12
580,2회 죽도-청하-하옥-청하,농협포항시지부행,청하행,하옥행,75,85679,180,1,상행,농협포항시지부,0,2026-05-12
580,2회 죽도-청하-하옥-청하,농협포항시지부행,청하행,하옥행,75,85679,180,2,상행,롯데시네마,471.8,2026-05-12
580,2회 죽도-청하-하옥-청하,농협포항시지부행,청하행,하옥행,75,85679,180,3,상행,서산사거리,268,2026-05-12
580,2회 죽도-청하-하옥-청하,농협포항시지부행,청하행,하옥행,75,85679,180,4,상행,도심환승센터,433.8,2026-05-12
580,2회 죽도-청하-하옥-청하,농협포항시지부행,청하행,하옥행,75,85679,180,5,상행,나루끝,502.4,2026-05-12
580,2회 죽도-청하-하옥-청하,농협포항시지부행,청하행,하옥행,75,85679,180,6,상행,대동우방아파트,317.1,2026-05-12
580,2회 죽도-청하-하옥-청하,농협포항시지부행,청하행,하옥행,75,85679,180,7,상행,유성여자고등학교,722.4,2026-05-12
580,2회 죽도-청하-하옥-청하,농협포항시지부행,청하행,하옥행,75,85679,180,8,상행,영신고등학교,825.1,2026-05-12
580,2회 죽도-청하-하옥-청하,농협포항시지부행,청하행,하옥행,75,85679,180,9,상행,포항 중앙고등학교,318.7,2026-05-12
580,2회 죽도-청하-하옥-청하,농협포항시지부행,청하행,하옥행,75,85679,180,10,상행,중앙고-달전(무정차),1092.8,2026-05-12
580,2회 죽도-청하-하옥-청하,농협포항시지부행,청하행,하옥행,75,85679,180,11,상행,달전(무정차),602.1,2026-05-12
580,2회 죽도-청하-하옥-청하,농협포항시지부행,청하행,하옥행,75,85679,180,12,상행,달전리,262.5,2026-05-12
580,2회 죽도-청하-하옥-청하,농협포항시지부행,청하행,하옥행,75,85679,180,13,상행,성곡검문소,456.9,2026-05-12
580,2회 죽도-청하-하옥-청하,농협포항시지부행,청하행,하옥행,75,85679,180,14,상행,성곡1리,1068.7,2026-05-12
580,2회 죽도-청하-하옥-청하,농협포항시지부행,청하행,하옥행,75,85679,180,15,상행,흥해공고,1422.1,2026-05-12
580,2회 죽도-청하-하옥-청하,농협포항시지부행,청하행,하옥행,75,85679,180,16,상행,흥해읍행정복지센터,460.6,2026-05-12
580,2회 죽도-청하-하옥-청하,농협포항시지부행,청하행,하옥행,75,85679,180,17,상행,곡강리,2215.5,2026-05-12
580,2회 죽도-청하-하옥-청하,농협포항시지부행,청하행,하옥행,75,85679,180,18,상행,선그린,865.3,2026-05-12
580,2회 죽도-청하-하옥-청하,농협포항시지부행,청하행,하옥행,75,85679,180,19,상행,덕장리,658.1,2026-05-12
580,2회 죽도-청하-하옥-청하,농협포항시지부행,청하행,하옥행,75,85679,180,20,상행,소동리,2443.5,2026-05-12
580,2회 죽도-청하-하옥-청하,농협포항시지부행,청하행,하옥행,75,85679,180,21,상행,고현리,370.3,2026-05-12
580,2회 죽도-청하-하옥-청하,농협포항시지부행,청하행,하옥행,75,85679,180,22,상행,청하농공단지,1265.8,2026-05-12
580,2회 죽도-청하-하옥-청하,농협포항시지부행,청하행,하옥행,75,85679,180,23,상행,남천리,1958.4,2026-05-12
580,2회 죽도-청하-하옥-청하,농협포항시지부행,청하행,하옥행,75,85679,180,24,상행,필화리,898.7,2026-05-12
580,2회 죽도-청하-하옥-청하,농협포항시지부행,청하행,하옥행,75,85679,180,25,상행,청하사거리,503.2,2026-05-12
580,2회 죽도-청하-하옥-청하,농협포항시지부행,청하행,하옥행,75,85679,180,26,상행,청하면민복지회관,848.6,2026-05-12
580,2회 죽도-청하-하옥-청하,농협포항시지부행,청하행,하옥행,75,85679,180,27,상행,청하초등학교,265,2026-05-12
580,2회 죽도-청하-하옥-청하,농협포항시지부행,청하행,하옥행,75,85679,180,28,상행,청하면사무소,248.4,2026-05-12
580,2회 죽도-청하-하옥-청하,농협포항시지부행,청하행,하옥행,75,85679,180,29,상행,서정2리입구,1076,2026-05-12
580,2회 죽도-청하-하옥-청하,농협포항시지부행,청하행,하옥행,75,85679,180,30,상행,서정2리,247.9,2026-05-12
580,2회 죽도-청하-하옥-청하,농협포항시지부행,청하행,하옥행,75,85679,180,31,상행,상대리,637.4,2026-05-12
580,2회 죽도-청하-하옥-청하,농협포항시지부행,청하행,하옥행,75,85679,180,32,상행,서정1리,710.1,2026-05-12
580,2회 죽도-청하-하옥-청하,농협포항시지부행,청하행,하옥행,75,85679,180,33,상행,유계리,653.9,2026-05-12
580,2회 죽도-청하-하옥-청하,농협포항시지부행,청하행,하옥행,75,85679,180,34,상행,유계리종점,389.8,2026-05-12
580,2회 죽도-청하-하옥-청하,농협포항시지부행,청하행,하옥행,75,85679,180,35,상행,수목원,7375,2026-05-12
580,2회 죽도-청하-하옥-청하,농협포항시지부행,청하행,하옥행,75,85679,180,36,상행,배빗재,5588.2,2026-05-12
580,2회 죽도-청하-하옥-청하,농협포항시지부행,청하행,하옥행,75,85679,180,37,상행,무새골,425.4,2026-05-12
580,2회 죽도-청하-하옥-청하,농협포항시지부행,청하행,하옥행,75,85679,180,38,상행,상옥1리,409.3,2026-05-12
580,2회 죽도-청하-하옥-청하,농협포항시지부행,청하행,하옥행,75,85679,180,39,상행,거리마을,150.3,2026-05-12
580,2회 죽도-청하-하옥-청하,농협포항시지부행,청하행,하옥행,75,85679,180,40,상행,상옥복지회관,962,2026-05-12
580,2회 죽도-청하-하옥-청하,농협포항시지부행,청하행,하옥행,75,85679,180,41,상행,상옥보건소,358.4,2026-05-12
580,2회 죽도-청하-하옥-청하,농협포항시지부행,청하행,하옥행,75,85679,180,42,상행,상옥2리,436.2,2026-05-12
580,2회 죽도-청하-하옥-청하,농협포항시지부행,청하행,하옥행,75,85679,180,43,상행,먹방골,870.7,2026-05-12
580,2회 죽도-청하-하옥-청하,농협포항시지부행,청하행,하옥행,75,85679,180,44,상행,뒷머리,690.2,2026-05-12
580,2회 죽도-청하-하옥-청하,농협포항시지부행,청하행,하옥행,75,85679,180,45,상행,윗마두밭,4186.5,2026-05-12
580,2회 죽도-청하-하옥-청하,농협포항시지부행,청하행,하옥행,75,85679,180,46,상행,아래마두밭,1075.4,2026-05-12
580,2회 죽도-청하-하옥-청하,농협포항시지부행,청하행,하옥행,75,85679,180,47,상행,하옥산장,940.4,2026-05-12
580,2회 죽도-청하-하옥-청하,농협포항시지부행,청하행,하옥행,75,85679,180,48,하행,하옥종점,2032.7,2026-05-12
580,2회 죽도-청하-하옥-청하,농협포항시지부행,청하행,하옥행,75,85679,180,49,하행,하옥산장,2166.4,2026-05-12
580,2회 죽도-청하-하옥-청하,농협포항시지부행,청하행,하옥행,75,85679,180,50,하행,아래마두밭,945.8,2026-05-12
580,2회 죽도-청하-하옥-청하,농협포항시지부행,청하행,하옥행,75,85679,180,51,하행,윗마두밭,1081.2,2026-05-12
580,2회 죽도-청하-하옥-청하,농협포항시지부행,청하행,하옥행,75,85679,180,52,하행,뒷머리,4257.4,2026-05-12
580,2회 죽도-청하-하옥-청하,농협포항시지부행,청하행,하옥행,75,85679,180,53,하행,먹방골,594.9,2026-05-12
580,2회 죽도-청하-하옥-청하,농협포항시지부행,청하행,하옥행,75,85679,180,54,하행,상옥2리,937.2,2026-05-12
580,2회 죽도-청하-하옥-청하,농협포항시지부행,청하행,하옥행,75,85679,180,55,하행,상옥보건소,343.5,2026-05-12
580,2회 죽도-청하-하옥-청하,농협포항시지부행,청하행,하옥행,75,85679,180,56,하행,상옥복지회관,446.6,2026-05-12
580,2회 죽도-청하-하옥-청하,농협포항시지부행,청하행,하옥행,75,85679,180,57,하행,거리마을,962.6,2026-05-12
580,2회 죽도-청하-하옥-청하,농협포항시지부행,청하행,하옥행,75,85679,180,58,하행,상옥1리,139.5,2026-05-12
580,2회 죽도-청하-하옥-청하,농협포항시지부행,청하행,하옥행,75,85679,180,59,하행,무새골,391.9,2026-05-12
580,2회 죽도-청하-하옥-청하,농협포항시지부행,청하행,하옥행,75,85679,180,60,하행,배빗재,435,2026-05-12
580,2회 죽도-청하-하옥-청하,농협포항시지부행,청하행,하옥행,75,85679,180,61,하행,수목원,5604.6,2026-05-12
580,2회 죽도-청하-하옥-청하,농협포항시지부행,청하행,하옥행,75,85679,180,62,하행,유계리 교회,7488.8,2026-05-12
580,2회 죽도-청하-하옥-청하,농협포항시지부행,청하행,하옥행,75,85679,180,63,하행,유계리,246.5,2026-05-12
580,2회 죽도-청하-하옥-청하,농협포항시지부행,청하행,하옥행,75,85679,180,64,하행,안심저수지,1197.2,2026-05-12
580,2회 죽도-청하-하옥-청하,농협포항시지부행,청하행,하옥행,75,85679,180,65,하행,명안1리,758.4,2026-05-12
580,2회 죽도-청하-하옥-청하,농협포항시지부행,청하행,하옥행,75,85679,180,66,하행,명안리마을회관,724.7,2026-05-12
580,2회 죽도-청하-하옥-청하,농협포항시지부행,청하행,하옥행,75,85679,180,67,하행,명안1리,652.9,2026-05-12
580,2회 죽도-청하-하옥-청하,농협포항시지부행,청하행,하옥행,75,85679,180,68,하행,안심저수지,726.7,2026-05-12
580,2회 죽도-청하-하옥-청하,농협포항시지부행,청하행,하옥행,75,85679,180,69,하행,서정1리,1104.7,2026-05-12
580,2회 죽도-청하-하옥-청하,농협포항시지부행,청하행,하옥행,75,85679,180,70,하행,상대리,750.3,2026-05-12
580,2회 죽도-청하-하옥-청하,농협포항시지부행,청하행,하옥행,75,85679,180,71,하행,서정2리,644,2026-05-12
580,2회 죽도-청하-하옥-청하,농협포항시지부행,청하행,하옥행,75,85679,180,72,하행,서정2리입구,241.4,2026-05-12
580,2회 죽도-청하-하옥-청하,농협포항시지부행,청하행,하옥행,75,85679,180,73,하행,청하면사무소,1069.7,2026-05-12
580,2회 죽도-청하-하옥-청하,농협포항시지부행,청하행,하옥행,75,85679,180,74,하행,청하시장,470.8,2026-05-12
580,2회 죽도-청하-하옥-청하,농협포항시지부행,청하행,하옥행,75,85679,180,75,하행,청하환승센터,288.1,2026-05-12
580,3회 흥해-칠포-월포-청하,흥해행,청하행,,32,20717,50,1,상행,흥해환승센터,0,2026-05-12
580,3회 흥해-칠포-월포-청하,흥해행,청하행,,32,20717,50,2,상행,흥해파출소,229.5,2026-05-12
580,3회 흥해-칠포-월포-청하,흥해행,청하행,,32,20717,50,3,상행,곡강리,2004.9,2026-05-12
580,3회 흥해-칠포-월포-청하,흥해행,청하행,,32,20717,50,4,상행,곡강초등학교,387.4,2026-05-12
580,3회 흥해-칠포-월포-청하,흥해행,청하행,,32,20717,50,5,상행,포항요양병원,463.2,2026-05-12
580,3회 흥해-칠포-월포-청하,흥해행,청하행,,32,20717,50,6,상행,용천리,212.4,2026-05-12
580,3회 흥해-칠포-월포-청하,흥해행,청하행,,32,20717,50,7,상행,곡강2교,1016.1,2026-05-12
580,3회 흥해-칠포-월포-청하,흥해행,청하행,,32,20717,50,8,상행,흥안,767.9,2026-05-12
580,3회 흥해-칠포-월포-청하,흥해행,청하행,,32,20717,50,9,상행,들꽃마을,310.1,2026-05-12
580,3회 흥해-칠포-월포-청하,흥해행,청하행,,32,20717,50,10,상행,칠포삼거리,905.8,2026-05-12
580,3회 흥해-칠포-월포-청하,흥해행,청하행,,32,20717,50,11,상행,흥해하수처리장,471.2,2026-05-12
580,3회 흥해-칠포-월포-청하,흥해행,청하행,,32,20717,50,12,상행,칠포해수욕장,666.4,2026-05-12
580,3회 흥해-칠포-월포-청하,흥해행,청하행,,32,20717,50,13,상행,칠포2리,1221.5,2026-05-12
580,3회 흥해-칠포-월포-청하,흥해행,청하행,,32,20717,50,14,상행,칠포1리,536.5,2026-05-12
580,3회 흥해-칠포-월포-청하,흥해행,청하행,,32,20717,50,15,상행,오도1리,1371.3,2026-05-12
580,3회 흥해-칠포-월포-청하,흥해행,청하행,,32,20717,50,16,상행,소소정,538.7,2026-05-12
580,3회 흥해-칠포-월포-청하,흥해행,청하행,,32,20717,50,17,상행,오도2리,374.7,2026-05-12
580,3회 흥해-칠포-월포-청하,흥해행,청하행,,32,20717,50,18,상행,사방기념공원,413.4,2026-05-12
580,3회 흥해-칠포-월포-청하,흥해행,청하행,,32,20717,50,19,상행,청진3리,834.2,2026-05-12
580,3회 흥해-칠포-월포-청하,흥해행,청하행,,32,20717,50,20,상행,청진2리,435.2,2026-05-12
580,3회 흥해-칠포-월포-청하,흥해행,청하행,,32,20717,50,21,상행,청진1리,614.8,2026-05-12
580,3회 흥해-칠포-월포-청하,흥해행,청하행,,32,20717,50,22,상행,이가리,479.4,2026-05-12
580,3회 흥해-칠포-월포-청하,흥해행,청하행,,32,20717,50,23,상행,이가리 닻전망대,925.5,2026-05-12
580,3회 흥해-칠포-월포-청하,흥해행,청하행,,32,20717,50,24,상행,용두리,1116.3,2026-05-12
580,3회 흥해-칠포-월포-청하,흥해행,청하행,,32,20717,50,25,상행,월포,655.7,2026-05-12
580,3회 흥해-칠포-월포-청하,흥해행,청하행,,32,20717,50,26,상행,월포역,547.2,2026-05-12
580,3회 흥해-칠포-월포-청하,흥해행,청하행,,32,20717,50,27,상행,필화2리,894.6,2026-05-12
580,3회 흥해-칠포-월포-청하,흥해행,청하행,,32,20717,50,28,상행,청하사거리,611.6,2026-05-12
580,3회 흥해-칠포-월포-청하,흥해행,청하행,,32,20717,50,29,상행,청하면민복지회관,848.6,2026-05-12
580,3회 흥해-칠포-월포-청하,흥해행,청하행,,32,20717,50,30,상행,청하초등학교,265,2026-05-12
580,3회 흥해-칠포-월포-청하,흥해행,청하행,,32,20717,50,31,상행,청하시장,230.6,2026-05-12
580,3회 흥해-칠포-월포-청하,흥해행,청하행,,32,20717,50,32,상행,청하환승센터,288.1,2026-05-12
580,4회 청하-명안-청하,청하행,청하행,,19,12001,40,1,상행,청하환승센터,0,2026-05-12
580,4회 청하-명안-청하,청하행,청하행,,19,12001,40,2,상행,청하시장,320.6,2026-05-12
580,4회 청하-명안-청하,청하행,청하행,,19,12001,40,3,상행,청하면사무소,422.2,2026-05-12
580,4회 청하-명안-청하,청하행,청하행,,19,12001,40,4,상행,서정2리입구,1076,2026-05-12
580,4회 청하-명안-청하,청하행,청하행,,19,12001,40,5,상행,서정2리,247.9,2026-05-12
580,4회 청하-명안-청하,청하행,청하행,,19,12001,40,6,상행,상대리,637.4,2026-05-12
580,4회 청하-명안-청하,청하행,청하행,,19,12001,40,7,상행,서정1리,710.1,2026-05-12
580,4회 청하-명안-청하,청하행,청하행,,19,12001,40,8,상행,안심저수지,1122.6,2026-05-12
580,4회 청하-명안-청하,청하행,청하행,,19,12001,40,9,상행,명안1리,758.4,2026-05-12
580,4회 청하-명안-청하,청하행,청하행,,19,12001,40,10,상행,명안리마을회관,724.7,2026-05-12
580,4회 청하-명안-청하,청하행,청하행,,19,12001,40,11,상행,명안1리,652.9,2026-05-12
580,4회 청하-명안-청하,청하행,청하행,,19,12001,40,12,상행,안심저수지,726.7,2026-05-12
580,4회 청하-명안-청하,청하행,청하행,,19,12001,40,13,상행,서정1리,1104.7,2026-05-12
580,4회 청하-명안-청하,청하행,청하행,,19,12001,40,14,상행,상대리,750.3,2026-05-12
580,4회 청하-명안-청하,청하행,청하행,,19,12001,40,15,상행,서정2리,644,2026-05-12
580,4회 청하-명안-청하,청하행,청하행,,19,12001,40,16,상행,서정2리입구,241.4,2026-05-12
580,4회 청하-명안-청하,청하행,청하행,,19,12001,40,17,상행,청하면사무소,1069.7,2026-05-12
580,4회 청하-명안-청하,청하행,청하행,,19,12001,40,18,상행,청하시장,470.8,2026-05-12
580,4회 청하-명안-청하,청하행,청하행,,19,12001,40,19,상행,청하환승센터,288.1,2026-05-12
580,5회 청하-하옥-청하,청하행,청하행,하옥행,45,60088,80,1,상행,청하환승센터,0,2026-05-12
580,5회 청하-하옥-청하,청하행,청하행,하옥행,45,60088,80,2,상행,청하시장,320.6,2026-05-12
580,5회 청하-하옥-청하,청하행,청하행,하옥행,45,60088,80,3,상행,청하면사무소,422.2,2026-05-12
580,5회 청하-하옥-청하,청하행,청하행,하옥행,45,60088,80,4,상행,서정2리입구,1076,2026-05-12
580,5회 청하-하옥-청하,청하행,청하행,하옥행,45,60088,80,5,상행,서정2리,247.9,2026-05-12
580,5회 청하-하옥-청하,청하행,청하행,하옥행,45,60088,80,6,상행,상대리,637.4,2026-05-12
580,5회 청하-하옥-청하,청하행,청하행,하옥행,45,60088,80,7,상행,서정1리,710.1,2026-05-12
580,5회 청하-하옥-청하,청하행,청하행,하옥행,45,60088,80,8,상행,유계리,653.9,2026-05-12
580,5회 청하-하옥-청하,청하행,청하행,하옥행,45,60088,80,9,상행,유계리종점,389.8,2026-05-12
580,5회 청하-하옥-청하,청하행,청하행,하옥행,45,60088,80,10,상행,수목원,7375,2026-05-12
580,5회 청하-하옥-청하,청하행,청하행,하옥행,45,60088,80,11,상행,배빗재,5588.2,2026-05-12
580,5회 청하-하옥-청하,청하행,청하행,하옥행,45,60088,80,12,상행,무새골,425.4,2026-05-12
580,5회 청하-하옥-청하,청하행,청하행,하옥행,45,60088,80,13,상행,상옥1리,409.3,2026-05-12
580,5회 청하-하옥-청하,청하행,청하행,하옥행,45,60088,80,14,상행,거리마을,150.3,2026-05-12
580,5회 청하-하옥-청하,청하행,청하행,하옥행,45,60088,80,15,상행,상옥복지회관,962,2026-05-12
580,5회 청하-하옥-청하,청하행,청하행,하옥행,45,60088,80,16,상행,상옥보건소,358.4,2026-05-12
580,5회 청하-하옥-청하,청하행,청하행,하옥행,45,60088,80,17,상행,상옥2리,436.2,2026-05-12
580,5회 청하-하옥-청하,청하행,청하행,하옥행,45,60088,80,18,상행,먹방골,870.7,2026-05-12
580,5회 청하-하옥-청하,청하행,청하행,하옥행,45,60088,80,19,상행,뒷머리,690.2,2026-05-12
580,5회 청하-하옥-청하,청하행,청하행,하옥행,45,60088,80,20,상행,윗마두밭,4186.5,2026-05-12
580,5회 청하-하옥-청하,청하행,청하행,하옥행,45,60088,80,21,상행,아래마두밭,1075.4,2026-05-12
580,5회 청하-하옥-청하,청하행,청하행,하옥행,45,60088,80,22,상행,하옥산장,940.4,2026-05-12
580,5회 청하-하옥-청하,청하행,청하행,하옥행,45,60088,80,23,하행,하옥종점,2032.7,2026-05-12
580,5회 청하-하옥-청하,청하행,청하행,하옥행,45,60088,80,24,하행,하옥산장,2166.4,2026-05-12
580,5회 청하-하옥-청하,청하행,청하행,하옥행,45,60088,80,25,하행,아래마두밭,945.8,2026-05-12
580,5회 청하-하옥-청하,청하행,청하행,하옥행,45,60088,80,26,하행,윗마두밭,1081.2,2026-05-12
580,5회 청하-하옥-청하,청하행,청하행,하옥행,45,60088,80,27,하행,뒷머리,4257.4,2026-05-12
580,5회 청하-하옥-청하,청하행,청하행,하옥행,45,60088,80,28,하행,먹방골,594.9,2026-05-12
580,5회 청하-하옥-청하,청하행,청하행,하옥행,45,60088,80,29,하행,상옥2리,937.2,2026-05-12
580,5회 청하-하옥-청하,청하행,청하행,하옥행,45,60088,80,30,하행,상옥보건소,343.5,2026-05-12
580,5회 청하-하옥-청하,청하행,청하행,하옥행,45,60088,80,31,하행,상옥복지회관,446.6,2026-05-12
580,5회 청하-하옥-청하,청하행,청하행,하옥행,45,60088,80,32,하행,거리마을,962.6,2026-05-12
580,5회 청하-하옥-청하,청하행,청하행,하옥행,45,60088,80,33,하행,상옥1리,139.5,2026-05-12
580,5회 청하-하옥-청하,청하행,청하행,하옥행,45,60088,80,34,하행,무새골,391.9,2026-05-12
580,5회 청하-하옥-청하,청하행,청하행,하옥행,45,60088,80,35,하행,배빗재,435,2026-05-12
580,5회 청하-하옥-청하,청하행,청하행,하옥행,45,60088,80,36,하행,수목원,5604.6,2026-05-12
580,5회 청하-하옥-청하,청하행,청하행,하옥행,45,60088,80,37,하행,유계리 교회,7488.8,2026-05-12
580,5회 청하-하옥-청하,청하행,청하행,하옥행,45,60088,80,38,하행,유계리,246.5,2026-05-12
580,5회 청하-하옥-청하,청하행,청하행,하옥행,45,60088,80,39,하행,서정1리,590.5,2026-05-12
580,5회 청하-하옥-청하,청하행,청하행,하옥행,45,60088,80,40,하행,상대리,750.3,2026-05-12
580,5회 청하-하옥-청하,청하행,청하행,하옥행,45,60088,80,41,하행,서정2리,644,2026-05-12
580,5회 청하-하옥-청하,청하행,청하행,하옥행,45,60088,80,42,하행,서정2리입구,241.4,2026-05-12
580,5회 청하-하옥-청하,청하행,청하행,하옥행,45,60088,80,43,하행,청하면사무소,1069.7,2026-05-12
580,5회 청하-하옥-청하,청하행,청하행,하옥행,45,60088,80,44,하행,청하시장,470.8,2026-05-12
580,5회 청하-하옥-청하,청하행,청하행,하옥행,45,60088,80,45,하행,청하환승센터,288.1,2026-05-12
580,6회 죽도-흥해-칠포-월포-청하,농협포항시지부행,청하행,,48,30280,70,1,상행,농협포항시지부,0,2026-05-12
580,6회 죽도-흥해-칠포-월포-청하,농협포항시지부행,청하행,,48,30280,70,2,상행,롯데시네마,471.8,2026-05-12
580,6회 죽도-흥해-칠포-월포-청하,농협포항시지부행,청하행,,48,30280,70,3,상행,서산사거리,268,2026-05-12
580,6회 죽도-흥해-칠포-월포-청하,농협포항시지부행,청하행,,48,30280,70,4,상행,도심환승센터,433.8,2026-05-12
580,6회 죽도-흥해-칠포-월포-청하,농협포항시지부행,청하행,,48,30280,70,5,상행,나루끝,502.4,2026-05-12
580,6회 죽도-흥해-칠포-월포-청하,농협포항시지부행,청하행,,48,30280,70,6,상행,대동우방아파트,317.1,2026-05-12
580,6회 죽도-흥해-칠포-월포-청하,농협포항시지부행,청하행,,48,30280,70,7,상행,유성여자고등학교,722.4,2026-05-12
580,6회 죽도-흥해-칠포-월포-청하,농협포항시지부행,청하행,,48,30280,70,8,상행,영신고등학교,825.1,2026-05-12
580,6회 죽도-흥해-칠포-월포-청하,농협포항시지부행,청하행,,48,30280,70,9,상행,포항 중앙고등학교,318.7,2026-05-12
580,6회 죽도-흥해-칠포-월포-청하,농협포항시지부행,청하행,,48,30280,70,10,상행,중앙고-달전(무정차),1092.8,2026-05-12
580,6회 죽도-흥해-칠포-월포-청하,농협포항시지부행,청하행,,48,30280,70,11,상행,달전(무정차),602.1,2026-05-12
580,6회 죽도-흥해-칠포-월포-청하,농협포항시지부행,청하행,,48,30280,70,12,상행,달전리,262.5,2026-05-12
580,6회 죽도-흥해-칠포-월포-청하,농협포항시지부행,청하행,,48,30280,70,13,상행,성곡검문소,456.9,2026-05-12
580,6회 죽도-흥해-칠포-월포-청하,농협포항시지부행,청하행,,48,30280,70,14,상행,성곡1리,1068.7,2026-05-12
580,6회 죽도-흥해-칠포-월포-청하,농협포항시지부행,청하행,,48,30280,70,15,상행,흥해공고,1422.1,2026-05-12
580,6회 죽도-흥해-칠포-월포-청하,농협포항시지부행,청하행,,48,30280,70,16,상행,남성리,563.2,2026-05-12
580,6회 죽도-흥해-칠포-월포-청하,농협포항시지부행,청하행,,48,30280,70,17,상행,흥해환승센터,287.4,2026-05-12
580,6회 죽도-흥해-칠포-월포-청하,농협포항시지부행,청하행,,48,30280,70,18,상행,흥해파출소,229.5,2026-05-12
580,6회 죽도-흥해-칠포-월포-청하,농협포항시지부행,청하행,,48,30280,70,19,상행,곡강리,2004.9,2026-05-12
580,6회 죽도-흥해-칠포-월포-청하,농협포항시지부행,청하행,,48,30280,70,20,상행,곡강초등학교,387.4,2026-05-12
580,6회 죽도-흥해-칠포-월포-청하,농협포항시지부행,청하행,,48,30280,70,21,상행,포항요양병원,463.2,2026-05-12
580,6회 죽도-흥해-칠포-월포-청하,농협포항시지부행,청하행,,48,30280,70,22,상행,용천리,212.4,2026-05-12
580,6회 죽도-흥해-칠포-월포-청하,농협포항시지부행,청하행,,48,30280,70,23,상행,곡강2교,1016.1,2026-05-12
580,6회 죽도-흥해-칠포-월포-청하,농협포항시지부행,청하행,,48,30280,70,24,상행,흥안,767.9,2026-05-12
580,6회 죽도-흥해-칠포-월포-청하,농협포항시지부행,청하행,,48,30280,70,25,상행,들꽃마을,310.1,2026-05-12
580,6회 죽도-흥해-칠포-월포-청하,농협포항시지부행,청하행,,48,30280,70,26,상행,칠포삼거리,905.8,2026-05-12
580,6회 죽도-흥해-칠포-월포-청하,농협포항시지부행,청하행,,48,30280,70,27,상행,흥해하수처리장,471.2,2026-05-12
580,6회 죽도-흥해-칠포-월포-청하,농협포항시지부행,청하행,,48,30280,70,28,상행,칠포해수욕장,666.4,2026-05-12
580,6회 죽도-흥해-칠포-월포-청하,농협포항시지부행,청하행,,48,30280,70,29,상행,칠포2리,1221.5,2026-05-12
580,6회 죽도-흥해-칠포-월포-청하,농협포항시지부행,청하행,,48,30280,70,30,상행,칠포1리,536.5,2026-05-12
580,6회 죽도-흥해-칠포-월포-청하,농협포항시지부행,청하행,,48,30280,70,31,상행,오도1리,1371.3,2026-05-12
580,6회 죽도-흥해-칠포-월포-청하,농협포항시지부행,청하행,,48,30280,70,32,상행,소소정,538.7,2026-05-12
580,6회 죽도-흥해-칠포-월포-청하,농협포항시지부행,청하행,,48,30280,70,33,상행,오도2리,374.7,2026-05-12
580,6회 죽도-흥해-칠포-월포-청하,농협포항시지부행,청하행,,48,30280,70,34,상행,사방기념공원,413.4,2026-05-12
580,6회 죽도-흥해-칠포-월포-청하,농협포항시지부행,청하행,,48,30280,70,35,상행,청진3리,834.2,2026-05-12
580,6회 죽도-흥해-칠포-월포-청하,농협포항시지부행,청하행,,48,30280,70,36,상행,청진2리,435.2,2026-05-12
580,6회 죽도-흥해-칠포-월포-청하,농협포항시지부행,청하행,,48,30280,70,37,상행,청진1리,614.8,2026-05-12
580,6회 죽도-흥해-칠포-월포-청하,농협포항시지부행,청하행,,48,30280,70,38,상행,이가리,479.4,2026-05-12
580,6회 죽도-흥해-칠포-월포-청하,농협포항시지부행,청하행,,48,30280,70,39,상행,이가리 닻전망대,925.5,2026-05-12
580,6회 죽도-흥해-칠포-월포-청하,농협포항시지부행,청하행,,48,30280,70,40,상행,용두리,1116.3,2026-05-12
580,6회 죽도-흥해-칠포-월포-청하,농협포항시지부행,청하행,,48,30280,70,41,상행,월포,655.7,2026-05-12
580,6회 죽도-흥해-칠포-월포-청하,농협포항시지부행,청하행,,48,30280,70,42,상행,월포역,547.2,2026-05-12
580,6회 죽도-흥해-칠포-월포-청하,농협포항시지부행,청하행,,48,30280,70,43,상행,필화2리,894.6,2026-05-12
580,6회 죽도-흥해-칠포-월포-청하,농협포항시지부행,청하행,,48,30280,70,44,상행,청하사거리,611.6,2026-05-12
580,6회 죽도-흥해-칠포-월포-청하,농협포항시지부행,청하행,,48,30280,70,45,상행,청하면민복지회관,848.6,2026-05-12
580,6회 죽도-흥해-칠포-월포-청하,농협포항시지부행,청하행,,48,30280,70,46,상행,청하초등학교,265,2026-05-12
580,6회 죽도-흥해-칠포-월포-청하,농협포항시지부행,청하행,,48,30280,70,47,상행,청하시장,230.6,2026-05-12
580,6회 죽도-흥해-칠포-월포-청하,농협포항시지부행,청하행,,48,30280,70,48,상행,청하환승센터,288.1,2026-05-12
600,양덕-산대리-양덕(기본),양덕행,양덕행,안강행,116,56476,120,1,상행,양덕차고지,0,2026-05-12
600,양덕-산대리-양덕(기본),양덕행,양덕행,안강행,116,56476,120,2,상행,양덕교차로(무정차),383.5,2026-05-12
600,양덕-산대리-양덕(기본),양덕행,양덕행,안강행,116,56476,120,3,상행,청소년수련관,411.5,2026-05-12
600,양덕-산대리-양덕(기본),양덕행,양덕행,안강행,116,56476,120,4,상행,환호여중,280.9,2026-05-12
600,양덕-산대리-양덕(기본),양덕행,양덕행,안강행,116,56476,120,5,상행,라메르웨딩컨벤션,394.1,2026-05-12
600,양덕-산대리-양덕(기본),양덕행,양덕행,안강행,116,56476,120,6,상행,환호해맞이그린빌,384.7,2026-05-12
600,양덕-산대리-양덕(기본),양덕행,양덕행,안강행,116,56476,120,7,상행,노인복지회관,587.9,2026-05-12
600,양덕-산대리-양덕(기본),양덕행,양덕행,안강행,116,56476,120,8,상행,설머리물회지구,201.2,2026-05-12
600,양덕-산대리-양덕(기본),양덕행,양덕행,안강행,116,56476,120,9,상행,동부초등학교,536.2,2026-05-12
600,양덕-산대리-양덕(기본),양덕행,양덕행,안강행,116,56476,120,10,상행,두호동행정복지센터,264.2,2026-05-12
600,양덕-산대리-양덕(기본),양덕행,양덕행,안강행,116,56476,120,11,상행,롯데아파트,293.2,2026-05-12
600,양덕-산대리-양덕(기본),양덕행,양덕행,안강행,116,56476,120,12,상행,우방비치타운,367.9,2026-05-12
600,양덕-산대리-양덕(기본),양덕행,양덕행,안강행,116,56476,120,13,상행,영일대 해수욕장,241.3,2026-05-12
600,양덕-산대리-양덕(기본),양덕행,양덕행,안강행,116,56476,120,14,상행,포항세관,346.2,2026-05-12
600,양덕-산대리-양덕(기본),양덕행,양덕행,안강행,116,56476,120,15,상행,롯데백화점,293.8,2026-05-12
600,양덕-산대리-양덕(기본),양덕행,양덕행,안강행,116,56476,120,16,상행,선린병원후문,442.8,2026-05-12
600,양덕-산대리-양덕(기본),양덕행,양덕행,안강행,116,56476,120,17,상행,도심환승센터,569.9,2026-05-12
600,양덕-산대리-양덕(기본),양덕행,양덕행,안강행,116,56476,120,18,상행,서산사거리,361,2026-05-12
600,양덕-산대리-양덕(기본),양덕행,양덕행,안강행,116,56476,120,19,상행,롯데시네마,334.2,2026-05-12
600,양덕-산대리-양덕(기본),양덕행,양덕행,안강행,116,56476,120,20,상행,농협포항시지부,521.9,2026-05-12
600,양덕-산대리-양덕(기본),양덕행,양덕행,안강행,116,56476,120,21,상행,홈플러스,421.5,2026-05-12
600,양덕-산대리-양덕(기본),양덕행,양덕행,안강행,116,56476,120,22,상행,죽도파출소,377.9,2026-05-12
600,양덕-산대리-양덕(기본),양덕행,양덕행,안강행,116,56476,120,23,상행,GS슈퍼마켓,365.7,2026-05-12
600,양덕-산대리-양덕(기본),양덕행,양덕행,안강행,116,56476,120,24,상행,고용복지플러스센터,352.3,2026-05-12
600,양덕-산대리-양덕(기본),양덕행,양덕행,안강행,116,56476,120,25,상행,산업은행,696.5,2026-05-12
600,양덕-산대리-양덕(기본),양덕행,양덕행,안강행,116,56476,120,26,상행,교보생명,271.3,2026-05-12
600,양덕-산대리-양덕(기본),양덕행,양덕행,안강행,116,56476,120,27,상행,시외버스터미널,320.4,2026-05-12
600,양덕-산대리-양덕(기본),양덕행,양덕행,안강행,116,56476,120,28,상행,한전포항지사,544.7,2026-05-12
600,양덕-산대리-양덕(기본),양덕행,양덕행,안강행,116,56476,120,29,상행,효자사거리,985.2,2026-05-12
600,양덕-산대리-양덕(기본),양덕행,양덕행,안강행,116,56476,120,30,상행,SK뷰1차,254.1,2026-05-12
600,양덕-산대리-양덕(기본),양덕행,양덕행,안강행,116,56476,120,31,상행,유강리,1456.1,2026-05-12
600,양덕-산대리-양덕(기본),양덕행,양덕행,안강행,116,56476,120,32,상행,자명리,1292.8,2026-05-12
600,양덕-산대리-양덕(기본),양덕행,양덕행,안강행,116,56476,120,33,상행,형강마을,369.5,2026-05-12
600,양덕-산대리-양덕(기본),양덕행,양덕행,안강행,116,56476,120,34,상행,유금리,1160.8,2026-05-12
600,양덕-산대리-양덕(기본),양덕행,양덕행,안강행,116,56476,120,35,상행,유금리입구,416.1,2026-05-12
600,양덕-산대리-양덕(기본),양덕행,양덕행,안강행,116,56476,120,36,상행,강동,1528.5,2026-05-12
600,양덕-산대리-양덕(기본),양덕행,양덕행,안강행,116,56476,120,37,상행,인동리,1420.7,2026-05-12
600,양덕-산대리-양덕(기본),양덕행,양덕행,안강행,116,56476,120,38,상행,양동마을,580.7,2026-05-12
600,양덕-산대리-양덕(기본),양덕행,양덕행,안강행,116,56476,120,39,상행,안강중학교,2382.5,2026-05-12
600,양덕-산대리-양덕(기본),양덕행,양덕행,안강행,116,56476,120,40,상행,백년예식장,346.7,2026-05-12
600,양덕-산대리-양덕(기본),양덕행,양덕행,안강행,116,56476,120,41,상행,안강파출소,193.2,2026-05-12
600,양덕-산대리-양덕(기본),양덕행,양덕행,안강행,116,56476,120,42,상행,안강제일초등학교,347.4,2026-05-12
600,양덕-산대리-양덕(기본),양덕행,양덕행,안강행,116,56476,120,43,상행,안강LH아파트(상),446.9,2026-05-12
600,양덕-산대리-양덕(기본),양덕행,양덕행,안강행,116,56476,120,44,상행,경주예일고등학교,315,2026-05-12
600,양덕-산대리-양덕(기본),양덕행,양덕행,안강행,116,56476,120,45,상행,미루병원,242.2,2026-05-12
600,양덕-산대리-양덕(기본),양덕행,양덕행,안강행,116,56476,120,46,상행,한신청실아파트,198.5,2026-05-12
600,양덕-산대리-양덕(기본),양덕행,양덕행,안강행,116,56476,120,47,상행,표충각,253,2026-05-12
600,양덕-산대리-양덕(기본),양덕행,양덕행,안강행,116,56476,120,48,상행,안강시외버스정류장,168.6,2026-05-12
600,양덕-산대리-양덕(기본),양덕행,양덕행,안강행,116,56476,120,49,상행,풍산금속,597.3,2026-05-12
600,양덕-산대리-양덕(기본),양덕행,양덕행,안강행,116,56476,120,50,상행,산대리입구,110.9,2026-05-12
600,양덕-산대리-양덕(기본),양덕행,양덕행,안강행,116,56476,120,51,상행,산대초등학교,257.2,2026-05-12
600,양덕-산대리-양덕(기본),양덕행,양덕행,안강행,116,56476,120,52,상행,안강우방아파트,291.4,2026-05-12
600,양덕-산대리-양덕(기본),양덕행,양덕행,안강행,116,56476,120,53,상행,새터입구,194.5,2026-05-12
600,양덕-산대리-양덕(기본),양덕행,양덕행,안강행,116,56476,120,54,상행,에덴아파트,329,2026-05-12
600,양덕-산대리-양덕(기본),양덕행,양덕행,안강행,116,56476,120,55,상행,안강삼도타운,202.5,2026-05-12
600,양덕-산대리-양덕(기본),양덕행,양덕행,안강행,116,56476,120,56,상행,안강골프연습장,500.4,2026-05-12
600,양덕-산대리-양덕(기본),양덕행,양덕행,안강행,116,56476,120,57,하행,산대리한동아파트,693.1,2026-05-12
600,양덕-산대리-양덕(기본),양덕행,양덕행,안강행,116,56476,120,58,하행,안강골프연습장,680.7,2026-05-12
600,양덕-산대리-양덕(기본),양덕행,양덕행,안강행,116,56476,120,59,하행,안강삼도타운,466.4,2026-05-12
600,양덕-산대리-양덕(기본),양덕행,양덕행,안강행,116,56476,120,60,하행,에덴아파트,201.5,2026-05-12
600,양덕-산대리-양덕(기본),양덕행,양덕행,안강행,116,56476,120,61,하행,새터입구,299.1,2026-05-12
600,양덕-산대리-양덕(기본),양덕행,양덕행,안강행,116,56476,120,62,하행,안강우방아파트,195.8,2026-05-12
600,양덕-산대리-양덕(기본),양덕행,양덕행,안강행,116,56476,120,63,하행,산대초등학교,286,2026-05-12
600,양덕-산대리-양덕(기본),양덕행,양덕행,안강행,116,56476,120,64,하행,산대리입구,296,2026-05-12
600,양덕-산대리-양덕(기본),양덕행,양덕행,안강행,116,56476,120,65,하행,풍산금속,252.5,2026-05-12
600,양덕-산대리-양덕(기본),양덕행,양덕행,안강행,116,56476,120,66,하행,안강시외버스정류장,591.9,2026-05-12
600,양덕-산대리-양덕(기본),양덕행,양덕행,안강행,116,56476,120,67,하행,표충각,175.6,2026-05-12
600,양덕-산대리-양덕(기본),양덕행,양덕행,안강행,116,56476,120,68,하행,한신청실아파트,277.1,2026-05-12
600,양덕-산대리-양덕(기본),양덕행,양덕행,안강행,116,56476,120,69,하행,미루병원,234.3,2026-05-12
600,양덕-산대리-양덕(기본),양덕행,양덕행,안강행,116,56476,120,70,하행,경주예일고등학교,218.9,2026-05-12
600,양덕-산대리-양덕(기본),양덕행,양덕행,안강행,116,56476,120,71,하행,안강LH아파트(하),319.3,2026-05-12
600,양덕-산대리-양덕(기본),양덕행,양덕행,안강행,116,56476,120,72,하행,안강제일초등학교,426.7,2026-05-12
600,양덕-산대리-양덕(기본),양덕행,양덕행,안강행,116,56476,120,73,하행,안강시장,216.9,2026-05-12
600,양덕-산대리-양덕(기본),양덕행,양덕행,안강행,116,56476,120,74,하행,안강우체국,144.2,2026-05-12
600,양덕-산대리-양덕(기본),양덕행,양덕행,안강행,116,56476,120,75,하행,백년예식장,285.2,2026-05-12
600,양덕-산대리-양덕(기본),양덕행,양덕행,안강행,116,56476,120,76,하행,안강중학교,279.8,2026-05-12
600,양덕-산대리-양덕(기본),양덕행,양덕행,안강행,116,56476,120,77,하행,양동마을,2327.2,2026-05-12
600,양덕-산대리-양덕(기본),양덕행,양덕행,안강행,116,56476,120,78,하행,인동리,574.8,2026-05-12
600,양덕-산대리-양덕(기본),양덕행,양덕행,안강행,116,56476,120,79,하행,강동,1585.8,2026-05-12
600,양덕-산대리-양덕(기본),양덕행,양덕행,안강행,116,56476,120,80,하행,유금리입구,1431,2026-05-12
600,양덕-산대리-양덕(기본),양덕행,양덕행,안강행,116,56476,120,81,하행,유금리,406.6,2026-05-12
600,양덕-산대리-양덕(기본),양덕행,양덕행,안강행,116,56476,120,82,하행,형강마을,1156,2026-05-12
600,양덕-산대리-양덕(기본),양덕행,양덕행,안강행,116,56476,120,83,하행,자명리,453,2026-05-12
600,양덕-산대리-양덕(기본),양덕행,양덕행,안강행,116,56476,120,84,하행,유강터널출구,245.3,2026-05-12
600,양덕-산대리-양덕(기본),양덕행,양덕행,안강행,116,56476,120,85,하행,유강정수장인근,509.2,2026-05-12
600,양덕-산대리-양덕(기본),양덕행,양덕행,안강행,116,56476,120,86,하행,유강고가,380.2,2026-05-12
600,양덕-산대리-양덕(기본),양덕행,양덕행,안강행,116,56476,120,87,하행,효자건널목,462.1,2026-05-12
600,양덕-산대리-양덕(기본),양덕행,양덕행,안강행,116,56476,120,88,하행,SK뷰1차,1089.5,2026-05-12
600,양덕-산대리-양덕(기본),양덕행,양덕행,안강행,116,56476,120,89,하행,효자사거리,297.5,2026-05-12
600,양덕-산대리-양덕(기본),양덕행,양덕행,안강행,116,56476,120,90,하행,대잠사거리,751.6,2026-05-12
600,양덕-산대리-양덕(기본),양덕행,양덕행,안강행,116,56476,120,91,하행,시외버스터미널,753.4,2026-05-12
600,양덕-산대리-양덕(기본),양덕행,양덕행,안강행,116,56476,120,92,하행,교보생명,257.2,2026-05-12
600,양덕-산대리-양덕(기본),양덕행,양덕행,안강행,116,56476,120,93,하행,산업은행,382.1,2026-05-12
600,양덕-산대리-양덕(기본),양덕행,양덕행,안강행,116,56476,120,94,하행,고용복지플러스센터,644.9,2026-05-12
600,양덕-산대리-양덕(기본),양덕행,양덕행,안강행,116,56476,120,95,하행,GS슈퍼마켓,351.9,2026-05-12
600,양덕-산대리-양덕(기본),양덕행,양덕행,안강행,116,56476,120,96,하행,죽도파출소,352.5,2026-05-12
600,양덕-산대리-양덕(기본),양덕행,양덕행,안강행,116,56476,120,97,하행,홈플러스(오거리),351.7,2026-05-12
600,양덕-산대리-양덕(기본),양덕행,양덕행,안강행,116,56476,120,98,하행,농협포항시지부,476,2026-05-12
600,양덕-산대리-양덕(기본),양덕행,양덕행,안강행,116,56476,120,99,하행,롯데시네마,471.8,2026-05-12
600,양덕-산대리-양덕(기본),양덕행,양덕행,안강행,116,56476,120,100,하행,서산사거리,268,2026-05-12
600,양덕-산대리-양덕(기본),양덕행,양덕행,안강행,116,56476,120,101,하행,도심환승센터,433.8,2026-05-12
600,양덕-산대리-양덕(기본),양덕행,양덕행,안강행,116,56476,120,102,하행,세무서,178.2,2026-05-12
600,양덕-산대리-양덕(기본),양덕행,양덕행,안강행,116,56476,120,103,하행,선린병원후문,394,2026-05-12
600,양덕-산대리-양덕(기본),양덕행,양덕행,안강행,116,56476,120,104,하행,롯데백화점,545.1,2026-05-12
600,양덕-산대리-양덕(기본),양덕행,양덕행,안강행,116,56476,120,105,하행,포항세관,359.8,2026-05-12
600,양덕-산대리-양덕(기본),양덕행,양덕행,안강행,116,56476,120,106,하행,영일대 해수욕장,333.5,2026-05-12
600,양덕-산대리-양덕(기본),양덕행,양덕행,안강행,116,56476,120,107,하행,롯데아파트,360.9,2026-05-12
600,양덕-산대리-양덕(기본),양덕행,양덕행,안강행,116,56476,120,108,하행,두호동행정복지센터,528.1,2026-05-12
600,양덕-산대리-양덕(기본),양덕행,양덕행,안강행,116,56476,120,109,하행,설머리물회지구,658.7,2026-05-12
600,양덕-산대리-양덕(기본),양덕행,양덕행,안강행,116,56476,120,110,하행,노인복지회관,276,2026-05-12
600,양덕-산대리-양덕(기본),양덕행,양덕행,안강행,116,56476,120,111,하행,환호해맞이그린빌,366.9,2026-05-12
600,양덕-산대리-양덕(기본),양덕행,양덕행,안강행,116,56476,120,112,하행,환호공원,314.5,2026-05-12
600,양덕-산대리-양덕(기본),양덕행,양덕행,안강행,116,56476,120,113,하행,라메르웨딩컨벤션,296.2,2026-05-12
600,양덕-산대리-양덕(기본),양덕행,양덕행,안강행,116,56476,120,114,하행,환호여중,315.5,2026-05-12
600,양덕-산대리-양덕(기본),양덕행,양덕행,안강행,116,56476,120,115,하행,청소년수련관,280.9,2026-05-12
600,양덕-산대리-양덕(기본),양덕행,양덕행,안강행,116,56476,120,116,하행,양덕차고지,792.7,2026-05-12
600,양덕-안강-양덕(기본),양덕행,양덕행,안강행,88,47675,120,1,상행,양덕차고지,0,2026-05-12
600,양덕-안강-양덕(기본),양덕행,양덕행,안강행,88,47675,120,2,상행,양덕교차로(무정차),383.5,2026-05-12
600,양덕-안강-양덕(기본),양덕행,양덕행,안강행,88,47675,120,3,상행,청소년수련관,411.5,2026-05-12
600,양덕-안강-양덕(기본),양덕행,양덕행,안강행,88,47675,120,4,상행,환호여중,280.9,2026-05-12
600,양덕-안강-양덕(기본),양덕행,양덕행,안강행,88,47675,120,5,상행,라메르웨딩컨벤션,394.1,2026-05-12
600,양덕-안강-양덕(기본),양덕행,양덕행,안강행,88,47675,120,6,상행,환호해맞이그린빌,384.7,2026-05-12
600,양덕-안강-양덕(기본),양덕행,양덕행,안강행,88,47675,120,7,상행,노인복지회관,587.9,2026-05-12
600,양덕-안강-양덕(기본),양덕행,양덕행,안강행,88,47675,120,8,상행,설머리물회지구,201.2,2026-05-12
600,양덕-안강-양덕(기본),양덕행,양덕행,안강행,88,47675,120,9,상행,동부초등학교,536.2,2026-05-12
600,양덕-안강-양덕(기본),양덕행,양덕행,안강행,88,47675,120,10,상행,두호동행정복지센터,264.2,2026-05-12
600,양덕-안강-양덕(기본),양덕행,양덕행,안강행,88,47675,120,11,상행,롯데아파트,293.2,2026-05-12
600,양덕-안강-양덕(기본),양덕행,양덕행,안강행,88,47675,120,12,상행,우방비치타운,367.9,2026-05-12
600,양덕-안강-양덕(기본),양덕행,양덕행,안강행,88,47675,120,13,상행,영일대 해수욕장,241.3,2026-05-12
600,양덕-안강-양덕(기본),양덕행,양덕행,안강행,88,47675,120,14,상행,포항세관,346.2,2026-05-12
600,양덕-안강-양덕(기본),양덕행,양덕행,안강행,88,47675,120,15,상행,롯데백화점,293.8,2026-05-12
600,양덕-안강-양덕(기본),양덕행,양덕행,안강행,88,47675,120,16,상행,선린병원후문,442.8,2026-05-12
600,양덕-안강-양덕(기본),양덕행,양덕행,안강행,88,47675,120,17,상행,도심환승센터,569.9,2026-05-12
600,양덕-안강-양덕(기본),양덕행,양덕행,안강행,88,47675,120,18,상행,서산사거리,361,2026-05-12
600,양덕-안강-양덕(기본),양덕행,양덕행,안강행,88,47675,120,19,상행,롯데시네마,334.2,2026-05-12
600,양덕-안강-양덕(기본),양덕행,양덕행,안강행,88,47675,120,20,상행,농협포항시지부,521.9,2026-05-12
600,양덕-안강-양덕(기본),양덕행,양덕행,안강행,88,47675,120,21,상행,홈플러스,421.5,2026-05-12
600,양덕-안강-양덕(기본),양덕행,양덕행,안강행,88,47675,120,22,상행,죽도파출소,377.9,2026-05-12
600,양덕-안강-양덕(기본),양덕행,양덕행,안강행,88,47675,120,23,상행,GS슈퍼마켓,365.7,2026-05-12
600,양덕-안강-양덕(기본),양덕행,양덕행,안강행,88,47675,120,24,상행,고용복지플러스센터,352.3,2026-05-12
600,양덕-안강-양덕(기본),양덕행,양덕행,안강행,88,47675,120,25,상행,산업은행,696.5,2026-05-12
600,양덕-안강-양덕(기본),양덕행,양덕행,안강행,88,47675,120,26,상행,교보생명,271.3,2026-05-12
600,양덕-안강-양덕(기본),양덕행,양덕행,안강행,88,47675,120,27,상행,시외버스터미널,320.4,2026-05-12
600,양덕-안강-양덕(기본),양덕행,양덕행,안강행,88,47675,120,28,상행,한전포항지사,544.7,2026-05-12
600,양덕-안강-양덕(기본),양덕행,양덕행,안강행,88,47675,120,29,상행,효자사거리,985.2,2026-05-12
600,양덕-안강-양덕(기본),양덕행,양덕행,안강행,88,47675,120,30,상행,SK뷰1차,254.1,2026-05-12
600,양덕-안강-양덕(기본),양덕행,양덕행,안강행,88,47675,120,31,상행,유강리,1456.1,2026-05-12
600,양덕-안강-양덕(기본),양덕행,양덕행,안강행,88,47675,120,32,상행,자명리,1292.8,2026-05-12
600,양덕-안강-양덕(기본),양덕행,양덕행,안강행,88,47675,120,33,상행,형강마을,369.5,2026-05-12
600,양덕-안강-양덕(기본),양덕행,양덕행,안강행,88,47675,120,34,상행,유금리,1160.8,2026-05-12
600,양덕-안강-양덕(기본),양덕행,양덕행,안강행,88,47675,120,35,상행,유금리입구,416.1,2026-05-12
600,양덕-안강-양덕(기본),양덕행,양덕행,안강행,88,47675,120,36,상행,강동,1528.5,2026-05-12
600,양덕-안강-양덕(기본),양덕행,양덕행,안강행,88,47675,120,37,상행,인동리,1420.7,2026-05-12
600,양덕-안강-양덕(기본),양덕행,양덕행,안강행,88,47675,120,38,상행,양동마을,580.7,2026-05-12
600,양덕-안강-양덕(기본),양덕행,양덕행,안강행,88,47675,120,39,상행,안강중학교,2382.5,2026-05-12
600,양덕-안강-양덕(기본),양덕행,양덕행,안강행,88,47675,120,40,상행,백년예식장,346.7,2026-05-12
600,양덕-안강-양덕(기본),양덕행,양덕행,안강행,88,47675,120,41,상행,안강파출소,193.2,2026-05-12
600,양덕-안강-양덕(기본),양덕행,양덕행,안강행,88,47675,120,42,상행,안강제일초등학교,347.4,2026-05-12
600,양덕-안강-양덕(기본),양덕행,양덕행,안강행,88,47675,120,43,상행,안강LH아파트(상),446.9,2026-05-12
600,양덕-안강-양덕(기본),양덕행,양덕행,안강행,88,47675,120,44,하행,안강LH아파트(하),47.8,2026-05-12
600,양덕-안강-양덕(기본),양덕행,양덕행,안강행,88,47675,120,45,하행,안강제일초등학교,426.7,2026-05-12
600,양덕-안강-양덕(기본),양덕행,양덕행,안강행,88,47675,120,46,하행,안강시장,216.9,2026-05-12
600,양덕-안강-양덕(기본),양덕행,양덕행,안강행,88,47675,120,47,하행,안강우체국,144.2,2026-05-12
600,양덕-안강-양덕(기본),양덕행,양덕행,안강행,88,47675,120,48,하행,백년예식장,285.2,2026-05-12
600,양덕-안강-양덕(기본),양덕행,양덕행,안강행,88,47675,120,49,하행,안강중학교,279.8,2026-05-12
600,양덕-안강-양덕(기본),양덕행,양덕행,안강행,88,47675,120,50,하행,양동마을,2327.2,2026-05-12
600,양덕-안강-양덕(기본),양덕행,양덕행,안강행,88,47675,120,51,하행,인동리,574.8,2026-05-12
600,양덕-안강-양덕(기본),양덕행,양덕행,안강행,88,47675,120,52,하행,유금리입구,3017.1,2026-05-12
600,양덕-안강-양덕(기본),양덕행,양덕행,안강행,88,47675,120,53,하행,유금리,406.6,2026-05-12
600,양덕-안강-양덕(기본),양덕행,양덕행,안강행,88,47675,120,54,하행,형강마을,1156,2026-05-12
600,양덕-안강-양덕(기본),양덕행,양덕행,안강행,88,47675,120,55,하행,자명리,453,2026-05-12
600,양덕-안강-양덕(기본),양덕행,양덕행,안강행,88,47675,120,56,하행,유강터널출구,245.3,2026-05-12
600,양덕-안강-양덕(기본),양덕행,양덕행,안강행,88,47675,120,57,하행,유강정수장인근,509.2,2026-05-12
600,양덕-안강-양덕(기본),양덕행,양덕행,안강행,88,47675,120,58,하행,유강고가,380.2,2026-05-12
600,양덕-안강-양덕(기본),양덕행,양덕행,안강행,88,47675,120,59,하행,효자건널목,462.1,2026-05-12
600,양덕-안강-양덕(기본),양덕행,양덕행,안강행,88,47675,120,60,하행,SK뷰1차,1089.5,2026-05-12
600,양덕-안강-양덕(기본),양덕행,양덕행,안강행,88,47675,120,61,하행,효자사거리,297.5,2026-05-12
600,양덕-안강-양덕(기본),양덕행,양덕행,안강행,88,47675,120,62,하행,대잠사거리,751.6,2026-05-12
600,양덕-안강-양덕(기본),양덕행,양덕행,안강행,88,47675,120,63,하행,시외버스터미널,753.4,2026-05-12
600,양덕-안강-양덕(기본),양덕행,양덕행,안강행,88,47675,120,64,하행,교보생명,257.2,2026-05-12
600,양덕-안강-양덕(기본),양덕행,양덕행,안강행,88,47675,120,65,하행,산업은행,382.1,2026-05-12
600,양덕-안강-양덕(기본),양덕행,양덕행,안강행,88,47675,120,66,하행,고용복지플러스센터,644.9,2026-05-12
600,양덕-안강-양덕(기본),양덕행,양덕행,안강행,88,47675,120,67,하행,GS슈퍼마켓,351.9,2026-05-12
600,양덕-안강-양덕(기본),양덕행,양덕행,안강행,88,47675,120,68,하행,죽도파출소,352.5,2026-05-12
600,양덕-안강-양덕(기본),양덕행,양덕행,안강행,88,47675,120,69,하행,홈플러스(오거리),351.7,2026-05-12
600,양덕-안강-양덕(기본),양덕행,양덕행,안강행,88,47675,120,70,하행,농협포항시지부,476,2026-05-12
600,양덕-안강-양덕(기본),양덕행,양덕행,안강행,88,47675,120,71,하행,롯데시네마,471.8,2026-05-12
600,양덕-안강-양덕(기본),양덕행,양덕행,안강행,88,47675,120,72,하행,서산사거리,268,2026-05-12
600,양덕-안강-양덕(기본),양덕행,양덕행,안강행,88,47675,120,73,하행,도심환승센터,433.8,2026-05-12
600,양덕-안강-양덕(기본),양덕행,양덕행,안강행,88,47675,120,74,하행,세무서,178.2,2026-05-12
600,양덕-안강-양덕(기본),양덕행,양덕행,안강행,88,47675,120,75,하행,선린병원후문,394,2026-05-12
600,양덕-안강-양덕(기본),양덕행,양덕행,안강행,88,47675,120,76,하행,롯데백화점,545.1,2026-05-12
600,양덕-안강-양덕(기본),양덕행,양덕행,안강행,88,47675,120,77,하행,포항세관,359.8,2026-05-12
600,양덕-안강-양덕(기본),양덕행,양덕행,안강행,88,47675,120,78,하행,영일대 해수욕장,333.5,2026-05-12
600,양덕-안강-양덕(기본),양덕행,양덕행,안강행,88,47675,120,79,하행,롯데아파트,360.9,2026-05-12
600,양덕-안강-양덕(기본),양덕행,양덕행,안강행,88,47675,120,80,하행,두호동행정복지센터,528.1,2026-05-12
600,양덕-안강-양덕(기본),양덕행,양덕행,안강행,88,47675,120,81,하행,설머리물회지구,658.7,2026-05-12
600,양덕-안강-양덕(기본),양덕행,양덕행,안강행,88,47675,120,82,하행,노인복지회관,276,2026-05-12
600,양덕-안강-양덕(기본),양덕행,양덕행,안강행,88,47675,120,83,하행,환호해맞이그린빌,366.9,2026-05-12
600,양덕-안강-양덕(기본),양덕행,양덕행,안강행,88,47675,120,84,하행,환호공원,314.5,2026-05-12
600,양덕-안강-양덕(기본),양덕행,양덕행,안강행,88,47675,120,85,하행,라메르웨딩컨벤션,296.2,2026-05-12
600,양덕-안강-양덕(기본),양덕행,양덕행,안강행,88,47675,120,86,하행,환호여중,315.5,2026-05-12
600,양덕-안강-양덕(기본),양덕행,양덕행,안강행,88,47675,120,87,하행,청소년수련관,280.9,2026-05-12
600,양덕-안강-양덕(기본),양덕행,양덕행,안강행,88,47675,120,88,하행,양덕차고지,792.7,2026-05-12
700,양덕-기계-양덕(기본),양덕행,양덕행,기계행,100,56572,120,1,상행,양덕차고지,0,2026-05-12
700,양덕-기계-양덕(기본),양덕행,양덕행,기계행,100,56572,120,2,상행,양덕사거리,544.1,2026-05-12
700,양덕-기계-양덕(기본),양덕행,양덕행,기계행,100,56572,120,3,상행,힐스테이트환호1단지,220.9,2026-05-12
700,양덕-기계-양덕(기본),양덕행,양덕행,기계행,100,56572,120,4,상행,롯데낙천대,271.7,2026-05-12
700,양덕-기계-양덕(기본),양덕행,양덕행,기계행,100,56572,120,5,상행,힐스테이트환호2단지,409.5,2026-05-12
700,양덕-기계-양덕(기본),양덕행,양덕행,기계행,100,56572,120,6,상행,포항농협본점,550.1,2026-05-12
700,양덕-기계-양덕(기본),양덕행,양덕행,기계행,100,56572,120,7,상행,HCN경북방송,243.1,2026-05-12
700,양덕-기계-양덕(기본),양덕행,양덕행,기계행,100,56572,120,8,상행,장성초등학교,777.9,2026-05-12
700,양덕-기계-양덕(기본),양덕행,양덕행,기계행,100,56572,120,9,상행,두호초등학교,484.7,2026-05-12
700,양덕-기계-양덕(기본),양덕행,양덕행,기계행,100,56572,120,10,상행,창포사거리,416.1,2026-05-12
700,양덕-기계-양덕(기본),양덕행,양덕행,기계행,100,56572,120,11,상행,포항고등학교,305.2,2026-05-12
700,양덕-기계-양덕(기본),양덕행,양덕행,기계행,100,56572,120,12,상행,포항시여성문화관,601.1,2026-05-12
700,양덕-기계-양덕(기본),양덕행,양덕행,기계행,100,56572,120,13,상행,우창동행정복지센터,188.7,2026-05-12
700,양덕-기계-양덕(기본),양덕행,양덕행,기계행,100,56572,120,14,상행,우방아이유쉘아파트,565.9,2026-05-12
700,양덕-기계-양덕(기본),양덕행,양덕행,기계행,100,56572,120,15,상행,대동우방아파트,288.2,2026-05-12
700,양덕-기계-양덕(기본),양덕행,양덕행,기계행,100,56572,120,16,상행,나루끝,351.8,2026-05-12
700,양덕-기계-양덕(기본),양덕행,양덕행,기계행,100,56572,120,17,상행,도심환승센터,447.5,2026-05-12
700,양덕-기계-양덕(기본),양덕행,양덕행,기계행,100,56572,120,18,상행,서산사거리,361,2026-05-12
700,양덕-기계-양덕(기본),양덕행,양덕행,기계행,100,56572,120,19,상행,롯데시네마,334.2,2026-05-12
700,양덕-기계-양덕(기본),양덕행,양덕행,기계행,100,56572,120,20,상행,농협포항시지부,521.9,2026-05-12
700,양덕-기계-양덕(기본),양덕행,양덕행,기계행,100,56572,120,21,상행,홈플러스,421.5,2026-05-12
700,양덕-기계-양덕(기본),양덕행,양덕행,기계행,100,56572,120,22,상행,죽도파출소,377.9,2026-05-12
700,양덕-기계-양덕(기본),양덕행,양덕행,기계행,100,56572,120,23,상행,GS슈퍼마켓,365.7,2026-05-12
700,양덕-기계-양덕(기본),양덕행,양덕행,기계행,100,56572,120,24,상행,고용복지플러스센터,352.3,2026-05-12
700,양덕-기계-양덕(기본),양덕행,양덕행,기계행,100,56572,120,25,상행,산업은행,696.5,2026-05-12
700,양덕-기계-양덕(기본),양덕행,양덕행,기계행,100,56572,120,26,상행,교보생명,271.3,2026-05-12
700,양덕-기계-양덕(기본),양덕행,양덕행,기계행,100,56572,120,27,상행,시외버스터미널,320.4,2026-05-12
700,양덕-기계-양덕(기본),양덕행,양덕행,기계행,100,56572,120,28,상행,대잠사거리,755.9,2026-05-12
700,양덕-기계-양덕(기본),양덕행,양덕행,기계행,100,56572,120,29,상행,포항성모병원,623.9,2026-05-12
700,양덕-기계-양덕(기본),양덕행,양덕행,기계행,100,56572,120,30,상행,시청,349.4,2026-05-12
700,양덕-기계-양덕(기본),양덕행,양덕행,기계행,100,56572,120,31,상행,대잠그린파크,305.7,2026-05-12
700,양덕-기계-양덕(기본),양덕행,양덕행,기계행,100,56572,120,32,상행,이동온천,519.6,2026-05-12
700,양덕-기계-양덕(기본),양덕행,양덕행,기계행,100,56572,120,33,상행,이동사거리,514.4,2026-05-12
700,양덕-기계-양덕(기본),양덕행,양덕행,기계행,100,56572,120,34,상행,포항건강랜드,389.8,2026-05-12
700,양덕-기계-양덕(기본),양덕행,양덕행,기계행,100,56572,120,35,상행,포항제철고등학교,514.8,2026-05-12
700,양덕-기계-양덕(기본),양덕행,양덕행,기계행,100,56572,120,36,상행,롯데마트,358.9,2026-05-12
700,양덕-기계-양덕(기본),양덕행,양덕행,기계행,100,56572,120,37,상행,포항제철유치원,221.8,2026-05-12
700,양덕-기계-양덕(기본),양덕행,양덕행,기계행,100,56572,120,38,상행,현대그린아파트,479.9,2026-05-12
700,양덕-기계-양덕(기본),양덕행,양덕행,기계행,100,56572,120,39,상행,포항테크노파크,268.6,2026-05-12
700,양덕-기계-양덕(기본),양덕행,양덕행,기계행,100,56572,120,40,상행,학전리,1374.2,2026-05-12
700,양덕-기계-양덕(기본),양덕행,양덕행,기계행,100,56572,120,41,상행,학전교,553.1,2026-05-12
700,양덕-기계-양덕(기본),양덕행,양덕행,기계행,100,56572,120,42,상행,자명식당,557.1,2026-05-12
700,양덕-기계-양덕(기본),양덕행,양덕행,기계행,100,56572,120,43,상행,달전리,1198.7,2026-05-12
700,양덕-기계-양덕(기본),양덕행,양덕행,기계행,100,56572,120,44,상행,다산교차로,1325.9,2026-05-12
700,양덕-기계-양덕(기본),양덕행,양덕행,기계행,100,56572,120,45,상행,삼괴정저수지,1867.2,2026-05-12
700,양덕-기계-양덕(기본),양덕행,양덕행,기계행,100,56572,120,46,상행,단구1리,1153.7,2026-05-12
700,양덕-기계-양덕(기본),양덕행,양덕행,기계행,100,56572,120,47,상행,달성사거리,674.1,2026-05-12
700,양덕-기계-양덕(기본),양덕행,양덕행,기계행,100,56572,120,48,상행,내단3리,554.4,2026-05-12
700,양덕-기계-양덕(기본),양덕행,양덕행,기계행,100,56572,120,49,상행,내단1리,870.1,2026-05-12
700,양덕-기계-양덕(기본),양덕행,양덕행,기계행,100,56572,120,50,상행,내단2리,1254.4,2026-05-12
700,양덕-기계-양덕(기본),양덕행,양덕행,기계행,100,56572,120,51,하행,기계환승센터,697.9,2026-05-12
700,양덕-기계-양덕(기본),양덕행,양덕행,기계행,100,56572,120,52,하행,기계환승센터,134.1,2026-05-12
700,양덕-기계-양덕(기본),양덕행,양덕행,기계행,100,56572,120,53,하행,내단2리,750,2026-05-12
700,양덕-기계-양덕(기본),양덕행,양덕행,기계행,100,56572,120,54,하행,내단1리,1262.1,2026-05-12
700,양덕-기계-양덕(기본),양덕행,양덕행,기계행,100,56572,120,55,하행,내단3리,872.2,2026-05-12
700,양덕-기계-양덕(기본),양덕행,양덕행,기계행,100,56572,120,56,하행,달성사거리,522.3,2026-05-12
700,양덕-기계-양덕(기본),양덕행,양덕행,기계행,100,56572,120,57,하행,단구1리,697.7,2026-05-12
700,양덕-기계-양덕(기본),양덕행,양덕행,기계행,100,56572,120,58,하행,삼괴정저수지,1147,2026-05-12
700,양덕-기계-양덕(기본),양덕행,양덕행,기계행,100,56572,120,59,하행,다산교차로,2074.2,2026-05-12
700,양덕-기계-양덕(기본),양덕행,양덕행,기계행,100,56572,120,60,하행,달전리,1169.5,2026-05-12
700,양덕-기계-양덕(기본),양덕행,양덕행,기계행,100,56572,120,61,하행,자명식당,1232.9,2026-05-12
700,양덕-기계-양덕(기본),양덕행,양덕행,기계행,100,56572,120,62,하행,학전교,539.6,2026-05-12
700,양덕-기계-양덕(기본),양덕행,양덕행,기계행,100,56572,120,63,하행,학전리,565.1,2026-05-12
700,양덕-기계-양덕(기본),양덕행,양덕행,기계행,100,56572,120,64,하행,포항테크노파크,1365.7,2026-05-12
700,양덕-기계-양덕(기본),양덕행,양덕행,기계행,100,56572,120,65,하행,삼성그린아파트,322.2,2026-05-12
700,양덕-기계-양덕(기본),양덕행,양덕행,기계행,100,56572,120,66,하행,포항제철유치원,453.1,2026-05-12
700,양덕-기계-양덕(기본),양덕행,양덕행,기계행,100,56572,120,67,하행,롯데마트,255.5,2026-05-12
700,양덕-기계-양덕(기본),양덕행,양덕행,기계행,100,56572,120,68,하행,포스코 교육재단,397.4,2026-05-12
700,양덕-기계-양덕(기본),양덕행,양덕행,기계행,100,56572,120,69,하행,포항건강랜드,754.5,2026-05-12
700,양덕-기계-양덕(기본),양덕행,양덕행,기계행,100,56572,120,70,하행,이동온천,896.5,2026-05-12
700,양덕-기계-양덕(기본),양덕행,양덕행,기계행,100,56572,120,71,하행,대잠그린파크,519.9,2026-05-12
700,양덕-기계-양덕(기본),양덕행,양덕행,기계행,100,56572,120,72,하행,시청,321,2026-05-12
700,양덕-기계-양덕(기본),양덕행,양덕행,기계행,100,56572,120,73,하행,포항성모병원,367,2026-05-12
700,양덕-기계-양덕(기본),양덕행,양덕행,기계행,100,56572,120,74,하행,시외버스터미널,1392.8,2026-05-12
700,양덕-기계-양덕(기본),양덕행,양덕행,기계행,100,56572,120,75,하행,교보생명,257.2,2026-05-12
700,양덕-기계-양덕(기본),양덕행,양덕행,기계행,100,56572,120,76,하행,산업은행,382.1,2026-05-12
700,양덕-기계-양덕(기본),양덕행,양덕행,기계행,100,56572,120,77,하행,고용복지플러스센터,644.9,2026-05-12
700,양덕-기계-양덕(기본),양덕행,양덕행,기계행,100,56572,120,78,하행,GS슈퍼마켓,351.9,2026-05-12
700,양덕-기계-양덕(기본),양덕행,양덕행,기계행,100,56572,120,79,하행,죽도파출소,352.5,2026-05-12
700,양덕-기계-양덕(기본),양덕행,양덕행,기계행,100,56572,120,80,하행,홈플러스(오거리),351.7,2026-05-12
700,양덕-기계-양덕(기본),양덕행,양덕행,기계행,100,56572,120,81,하행,농협포항시지부,476,2026-05-12
700,양덕-기계-양덕(기본),양덕행,양덕행,기계행,100,56572,120,82,하행,롯데시네마,471.8,2026-05-12
700,양덕-기계-양덕(기본),양덕행,양덕행,기계행,100,56572,120,83,하행,서산사거리,268,2026-05-12
700,양덕-기계-양덕(기본),양덕행,양덕행,기계행,100,56572,120,84,하행,도심환승센터,433.8,2026-05-12
700,양덕-기계-양덕(기본),양덕행,양덕행,기계행,100,56572,120,85,하행,나루끝,502.4,2026-05-12
700,양덕-기계-양덕(기본),양덕행,양덕행,기계행,100,56572,120,86,하행,대동우방아파트,317.1,2026-05-12
700,양덕-기계-양덕(기본),양덕행,양덕행,기계행,100,56572,120,87,하행,우창동행정복지센터,504,2026-05-12
700,양덕-기계-양덕(기본),양덕행,양덕행,기계행,100,56572,120,88,하행,포항시여성문화관,185.3,2026-05-12
700,양덕-기계-양덕(기본),양덕행,양덕행,기계행,100,56572,120,89,하행,포항고(무정차),568.1,2026-05-12
700,양덕-기계-양덕(기본),양덕행,양덕행,기계행,100,56572,120,90,하행,우방신천지타운,215,2026-05-12
700,양덕-기계-양덕(기본),양덕행,양덕행,기계행,100,56572,120,91,하행,창포사거리,364.8,2026-05-12
700,양덕-기계-양덕(기본),양덕행,양덕행,기계행,100,56572,120,92,하행,두호초등학교,333.4,2026-05-12
700,양덕-기계-양덕(기본),양덕행,양덕행,기계행,100,56572,120,93,하행,장성초등학교,393,2026-05-12
700,양덕-기계-양덕(기본),양덕행,양덕행,기계행,100,56572,120,94,하행,HCN경북방송,808.5,2026-05-12
700,양덕-기계-양덕(기본),양덕행,양덕행,기계행,100,56572,120,95,하행,포항농협본점,246.6,2026-05-12
700,양덕-기계-양덕(기본),양덕행,양덕행,기계행,100,56572,120,96,하행,힐스테이트환호2단지,487.8,2026-05-12
700,양덕-기계-양덕(기본),양덕행,양덕행,기계행,100,56572,120,97,하행,롯데낙천대,379.7,2026-05-12
700,양덕-기계-양덕(기본),양덕행,양덕행,기계행,100,56572,120,98,하행,힐스테이트환호1단지,234,2026-05-12
700,양덕-기계-양덕(기본),양덕행,양덕행,기계행,100,56572,120,99,하행,양덕사거리,269,2026-05-12
700,양덕-기계-양덕(기본),양덕행,양덕행,기계행,100,56572,120,100,하행,양덕차고지,576.6,2026-05-12
770,기계-죽장-석계-가사-지동-죽도,농협포항시지부행,농협포항시지부행,죽장행,106,96783,120,1,상행,기계환승센터,0,2026-05-12
770,기계-죽장-석계-가사-지동-죽도,농협포항시지부행,농협포항시지부행,죽장행,106,96783,120,2,상행,서포항농협,467.1,2026-05-12
770,기계-죽장-석계-가사-지동-죽도,농협포항시지부행,농협포항시지부행,죽장행,106,96783,120,3,상행,기계초등학교,332,2026-05-12
770,기계-죽장-석계-가사-지동-죽도,농협포항시지부행,농협포항시지부행,죽장행,106,96783,120,4,상행,경북세무고등학교,777.6,2026-05-12
770,기계-죽장-석계-가사-지동-죽도,농협포항시지부행,농협포항시지부행,죽장행,106,96783,120,5,상행,현내2리,278.9,2026-05-12
770,기계-죽장-석계-가사-지동-죽도,농협포항시지부행,농협포항시지부행,죽장행,106,96783,120,6,상행,지가2리청년회관,1104.4,2026-05-12
770,기계-죽장-석계-가사-지동-죽도,농협포항시지부행,농협포항시지부행,죽장행,106,96783,120,7,상행,지가2리,743.9,2026-05-12
770,기계-죽장-석계-가사-지동-죽도,농협포항시지부행,농협포항시지부행,죽장행,106,96783,120,8,상행,지가1리,483.1,2026-05-12
770,기계-죽장-석계-가사-지동-죽도,농협포항시지부행,농협포항시지부행,죽장행,106,96783,120,9,상행,지가1리마을회관,449.5,2026-05-12
770,기계-죽장-석계-가사-지동-죽도,농협포항시지부행,농협포항시지부행,죽장행,106,96783,120,10,상행,인비교,864.9,2026-05-12
770,기계-죽장-석계-가사-지동-죽도,농협포항시지부행,농협포항시지부행,죽장행,106,96783,120,11,상행,새각단,1633.2,2026-05-12
770,기계-죽장-석계-가사-지동-죽도,농협포항시지부행,농협포항시지부행,죽장행,106,96783,120,12,상행,구지리,508.6,2026-05-12
770,기계-죽장-석계-가사-지동-죽도,농협포항시지부행,농협포항시지부행,죽장행,106,96783,120,13,상행,가안1리,729.5,2026-05-12
770,기계-죽장-석계-가사-지동-죽도,농협포항시지부행,농협포항시지부행,죽장행,106,96783,120,14,상행,안심,734,2026-05-12
770,기계-죽장-석계-가사-지동-죽도,농협포항시지부행,농협포항시지부행,죽장행,106,96783,120,15,상행,한티마을,1005.3,2026-05-12
770,기계-죽장-석계-가사-지동-죽도,농협포항시지부행,농협포항시지부행,죽장행,106,96783,120,16,상행,가안2리,716.8,2026-05-12
770,기계-죽장-석계-가사-지동-죽도,농협포항시지부행,농협포항시지부행,죽장행,106,96783,120,17,상행,감곡입구,1527.6,2026-05-12
770,기계-죽장-석계-가사-지동-죽도,농협포항시지부행,농협포항시지부행,죽장행,106,96783,120,18,상행,정자리,537,2026-05-12
770,기계-죽장-석계-가사-지동-죽도,농협포항시지부행,농협포항시지부행,죽장행,106,96783,120,19,상행,정자 마을회관,621.8,2026-05-12
770,기계-죽장-석계-가사-지동-죽도,농협포항시지부행,농협포항시지부행,죽장행,106,96783,120,20,상행,지동삼거리,1830.6,2026-05-12
770,기계-죽장-석계-가사-지동-죽도,농협포항시지부행,농협포항시지부행,죽장행,106,96783,120,21,상행,일광 입구,1098.7,2026-05-12
770,기계-죽장-석계-가사-지동-죽도,농협포항시지부행,농협포항시지부행,죽장행,106,96783,120,22,상행,일광리,1043.1,2026-05-12
770,기계-죽장-석계-가사-지동-죽도,농협포항시지부행,농협포항시지부행,죽장행,106,96783,120,23,상행,죽장초등학교,2180.5,2026-05-12
770,기계-죽장-석계-가사-지동-죽도,농협포항시지부행,농협포항시지부행,죽장행,106,96783,120,24,상행,죽장정류장,413.6,2026-05-12
770,기계-죽장-석계-가사-지동-죽도,농협포항시지부행,농협포항시지부행,죽장행,106,96783,120,25,상행,죽장정류장,55.1,2026-05-12
770,기계-죽장-석계-가사-지동-죽도,농협포항시지부행,농협포항시지부행,죽장행,106,96783,120,26,상행,죽장고등학교,478.1,2026-05-12
770,기계-죽장-석계-가사-지동-죽도,농협포항시지부행,농협포항시지부행,죽장행,106,96783,120,27,상행,방흥리,1632.5,2026-05-12
770,기계-죽장-석계-가사-지동-죽도,농협포항시지부행,농협포항시지부행,죽장행,106,96783,120,28,상행,골안,1002.3,2026-05-12
770,기계-죽장-석계-가사-지동-죽도,농협포항시지부행,농협포항시지부행,죽장행,106,96783,120,29,상행,합덕 입구,1119.9,2026-05-12
770,기계-죽장-석계-가사-지동-죽도,농협포항시지부행,농협포항시지부행,죽장행,106,96783,120,30,상행,영농지원센터,1120.8,2026-05-12
770,기계-죽장-석계-가사-지동-죽도,농협포항시지부행,농협포항시지부행,죽장행,106,96783,120,31,상행,바거리,2363.8,2026-05-12
770,기계-죽장-석계-가사-지동-죽도,농협포항시지부행,농협포항시지부행,죽장행,106,96783,120,32,상행,석계리마을회관,1333.4,2026-05-12
770,기계-죽장-석계-가사-지동-죽도,농협포항시지부행,농협포항시지부행,죽장행,106,96783,120,33,상행,석계종점,758.9,2026-05-12
770,기계-죽장-석계-가사-지동-죽도,농협포항시지부행,농협포항시지부행,죽장행,106,96783,120,34,상행,석계리마을회관,617.1,2026-05-12
770,기계-죽장-석계-가사-지동-죽도,농협포항시지부행,농협포항시지부행,죽장행,106,96783,120,35,상행,바거리,1298,2026-05-12
770,기계-죽장-석계-가사-지동-죽도,농협포항시지부행,농협포항시지부행,죽장행,106,96783,120,36,상행,영농지원센터,2385.5,2026-05-12
770,기계-죽장-석계-가사-지동-죽도,농협포항시지부행,농협포항시지부행,죽장행,106,96783,120,37,상행,합덕 입구,1116.1,2026-05-12
770,기계-죽장-석계-가사-지동-죽도,농협포항시지부행,농협포항시지부행,죽장행,106,96783,120,38,상행,골안,1116.7,2026-05-12
770,기계-죽장-석계-가사-지동-죽도,농협포항시지부행,농협포항시지부행,죽장행,106,96783,120,39,상행,방흥리,1014.9,2026-05-12
770,기계-죽장-석계-가사-지동-죽도,농협포항시지부행,농협포항시지부행,죽장행,106,96783,120,40,상행,죽장고등학교,1702.8,2026-05-12
770,기계-죽장-석계-가사-지동-죽도,농협포항시지부행,농협포항시지부행,죽장행,106,96783,120,41,상행,죽장정류장,392.6,2026-05-12
770,기계-죽장-석계-가사-지동-죽도,농협포항시지부행,농협포항시지부행,죽장행,106,96783,120,42,상행,입암2리,740,2026-05-12
770,기계-죽장-석계-가사-지동-죽도,농협포항시지부행,농협포항시지부행,죽장행,106,96783,120,43,상행,침곡,844.9,2026-05-12
770,기계-죽장-석계-가사-지동-죽도,농협포항시지부행,농협포항시지부행,죽장행,106,96783,120,44,상행,매현1리,764.7,2026-05-12
770,기계-죽장-석계-가사-지동-죽도,농협포항시지부행,농협포항시지부행,죽장행,106,96783,120,45,상행,매현2리,954.6,2026-05-12
770,기계-죽장-석계-가사-지동-죽도,농협포항시지부행,농협포항시지부행,죽장행,106,96783,120,46,상행,매현마을,756.4,2026-05-12
770,기계-죽장-석계-가사-지동-죽도,농협포항시지부행,농협포항시지부행,죽장행,106,96783,120,47,상행,매현2리,997.3,2026-05-12
770,기계-죽장-석계-가사-지동-죽도,농협포항시지부행,농협포항시지부행,죽장행,106,96783,120,48,상행,가사리마을회관,1744.6,2026-05-12
770,기계-죽장-석계-가사-지동-죽도,농협포항시지부행,농협포항시지부행,죽장행,106,96783,120,49,상행,가사종점,828.7,2026-05-12
770,기계-죽장-석계-가사-지동-죽도,농협포항시지부행,농협포항시지부행,죽장행,106,96783,120,50,상행,가사종점,179.3,2026-05-12
770,기계-죽장-석계-가사-지동-죽도,농협포항시지부행,농협포항시지부행,죽장행,106,96783,120,51,상행,가사리마을회관,765.2,2026-05-12
770,기계-죽장-석계-가사-지동-죽도,농협포항시지부행,농협포항시지부행,죽장행,106,96783,120,52,상행,매현2리,1742.4,2026-05-12
770,기계-죽장-석계-가사-지동-죽도,농협포항시지부행,농협포항시지부행,죽장행,106,96783,120,53,상행,매현마을,1016.7,2026-05-12
770,기계-죽장-석계-가사-지동-죽도,농협포항시지부행,농협포항시지부행,죽장행,106,96783,120,54,상행,매현2리,746.1,2026-05-12
770,기계-죽장-석계-가사-지동-죽도,농협포항시지부행,농협포항시지부행,죽장행,106,96783,120,55,상행,매현1리,992.6,2026-05-12
770,기계-죽장-석계-가사-지동-죽도,농협포항시지부행,농협포항시지부행,죽장행,106,96783,120,56,상행,침곡,738.3,2026-05-12
770,기계-죽장-석계-가사-지동-죽도,농협포항시지부행,농협포항시지부행,죽장행,106,96783,120,57,상행,입암2리,818.1,2026-05-12
770,기계-죽장-석계-가사-지동-죽도,농협포항시지부행,농협포항시지부행,죽장행,106,96783,120,58,하행,죽장정류장,752.1,2026-05-12
770,기계-죽장-석계-가사-지동-죽도,농협포항시지부행,농협포항시지부행,죽장행,106,96783,120,59,하행,죽장초등학교,401.1,2026-05-12
770,기계-죽장-석계-가사-지동-죽도,농협포항시지부행,농협포항시지부행,죽장행,106,96783,120,60,하행,일광리,2243.5,2026-05-12
770,기계-죽장-석계-가사-지동-죽도,농협포항시지부행,농협포항시지부행,죽장행,106,96783,120,61,하행,일광 입구,1021.9,2026-05-12
770,기계-죽장-석계-가사-지동-죽도,농협포항시지부행,농협포항시지부행,죽장행,106,96783,120,62,하행,지동삼거리,1057.8,2026-05-12
770,기계-죽장-석계-가사-지동-죽도,농협포항시지부행,농협포항시지부행,죽장행,106,96783,120,63,하행,지동경로당,104.8,2026-05-12
770,기계-죽장-석계-가사-지동-죽도,농협포항시지부행,농협포항시지부행,죽장행,106,96783,120,64,하행,논골,568.1,2026-05-12
770,기계-죽장-석계-가사-지동-죽도,농협포항시지부행,농협포항시지부행,죽장행,106,96783,120,65,하행,윗지들,840.1,2026-05-12
770,기계-죽장-석계-가사-지동-죽도,농협포항시지부행,농협포항시지부행,죽장행,106,96783,120,66,하행,아래지들,1426.9,2026-05-12
770,기계-죽장-석계-가사-지동-죽도,농협포항시지부행,농협포항시지부행,죽장행,106,96783,120,67,하행,윗지들,330.3,2026-05-12
770,기계-죽장-석계-가사-지동-죽도,농협포항시지부행,농협포항시지부행,죽장행,106,96783,120,68,하행,논골,811.7,2026-05-12
770,기계-죽장-석계-가사-지동-죽도,농협포항시지부행,농협포항시지부행,죽장행,106,96783,120,69,하행,지동경로당,559.8,2026-05-12
770,기계-죽장-석계-가사-지동-죽도,농협포항시지부행,농협포항시지부행,죽장행,106,96783,120,70,하행,정자 마을회관,1932.5,2026-05-12
770,기계-죽장-석계-가사-지동-죽도,농협포항시지부행,농협포항시지부행,죽장행,106,96783,120,71,하행,정자리,602.3,2026-05-12
770,기계-죽장-석계-가사-지동-죽도,농협포항시지부행,농협포항시지부행,죽장행,106,96783,120,72,하행,감곡입구,542.8,2026-05-12
770,기계-죽장-석계-가사-지동-죽도,농협포항시지부행,농협포항시지부행,죽장행,106,96783,120,73,하행,가안2리,1533.1,2026-05-12
770,기계-죽장-석계-가사-지동-죽도,농협포항시지부행,농협포항시지부행,죽장행,106,96783,120,74,하행,한티마을,726.8,2026-05-12
770,기계-죽장-석계-가사-지동-죽도,농협포항시지부행,농협포항시지부행,죽장행,106,96783,120,75,하행,안심,993.1,2026-05-12
770,기계-죽장-석계-가사-지동-죽도,농협포항시지부행,농협포항시지부행,죽장행,106,96783,120,76,하행,가안1리,739.9,2026-05-12
770,기계-죽장-석계-가사-지동-죽도,농협포항시지부행,농협포항시지부행,죽장행,106,96783,120,77,하행,구지리,732.3,2026-05-12
770,기계-죽장-석계-가사-지동-죽도,농협포항시지부행,농협포항시지부행,죽장행,106,96783,120,78,하행,새각단,503.2,2026-05-12
770,기계-죽장-석계-가사-지동-죽도,농협포항시지부행,농협포항시지부행,죽장행,106,96783,120,79,하행,인비교,1652.1,2026-05-12
770,기계-죽장-석계-가사-지동-죽도,농협포항시지부행,농협포항시지부행,죽장행,106,96783,120,80,하행,지가1리마을회관,862,2026-05-12
770,기계-죽장-석계-가사-지동-죽도,농협포항시지부행,농협포항시지부행,죽장행,106,96783,120,81,하행,지가1리,442,2026-05-12
770,기계-죽장-석계-가사-지동-죽도,농협포항시지부행,농협포항시지부행,죽장행,106,96783,120,82,하행,지가2리,436.3,2026-05-12
770,기계-죽장-석계-가사-지동-죽도,농협포항시지부행,농협포항시지부행,죽장행,106,96783,120,83,하행,지가2리청년회관,766.4,2026-05-12
770,기계-죽장-석계-가사-지동-죽도,농협포항시지부행,농협포항시지부행,죽장행,106,96783,120,84,하행,현내2리,1157,2026-05-12
770,기계-죽장-석계-가사-지동-죽도,농협포항시지부행,농협포항시지부행,죽장행,106,96783,120,85,하행,경북세무고등학교,268.9,2026-05-12
770,기계-죽장-석계-가사-지동-죽도,농협포항시지부행,농협포항시지부행,죽장행,106,96783,120,86,하행,기계초등학교,766.8,2026-05-12
770,기계-죽장-석계-가사-지동-죽도,농협포항시지부행,농협포항시지부행,죽장행,106,96783,120,87,하행,서포항농협,287.6,2026-05-12
770,기계-죽장-석계-가사-지동-죽도,농협포항시지부행,농협포항시지부행,죽장행,106,96783,120,88,하행,기계환승센터,552.1,2026-05-12
770,기계-죽장-석계-가사-지동-죽도,농협포항시지부행,농협포항시지부행,죽장행,106,96783,120,89,하행,내단2리,750,2026-05-12
770,기계-죽장-석계-가사-지동-죽도,농협포항시지부행,농협포항시지부행,죽장행,106,96783,120,90,하행,내단1리,1262.1,2026-05-12
770,기계-죽장-석계-가사-지동-죽도,농협포항시지부행,농협포항시지부행,죽장행,106,96783,120,91,하행,내단3리,872.2,2026-05-12
770,기계-죽장-석계-가사-지동-죽도,농협포항시지부행,농협포항시지부행,죽장행,106,96783,120,92,하행,달성사거리,522.3,2026-05-12
770,기계-죽장-석계-가사-지동-죽도,농협포항시지부행,농협포항시지부행,죽장행,106,96783,120,93,하행,단구1리,697.7,2026-05-12
770,기계-죽장-석계-가사-지동-죽도,농협포항시지부행,농협포항시지부행,죽장행,106,96783,120,94,하행,삼괴정저수지,1147,2026-05-12
770,기계-죽장-석계-가사-지동-죽도,농협포항시지부행,농협포항시지부행,죽장행,106,96783,120,95,하행,다산교차로,2074.2,2026-05-12
770,기계-죽장-석계-가사-지동-죽도,농협포항시지부행,농협포항시지부행,죽장행,106,96783,120,96,하행,달전,1489.6,2026-05-12
770,기계-죽장-석계-가사-지동-죽도,농협포항시지부행,농협포항시지부행,죽장행,106,96783,120,97,하행,송학,602,2026-05-12
770,기계-죽장-석계-가사-지동-죽도,농협포항시지부행,농협포항시지부행,죽장행,106,96783,120,98,하행,대련리입구,2460.6,2026-05-12
770,기계-죽장-석계-가사-지동-죽도,농협포항시지부행,농협포항시지부행,죽장행,106,96783,120,99,하행,대련삼거리,465.8,2026-05-12
770,기계-죽장-석계-가사-지동-죽도,농협포항시지부행,농협포항시지부행,죽장행,106,96783,120,100,하행,포항제일교회,1721.9,2026-05-12
770,기계-죽장-석계-가사-지동-죽도,농협포항시지부행,농협포항시지부행,죽장행,106,96783,120,101,하행,한라맨션 인근,235.5,2026-05-12
770,기계-죽장-석계-가사-지동-죽도,농협포항시지부행,농협포항시지부행,죽장행,106,96783,120,102,하행,한라맨션2차,241.9,2026-05-12
770,기계-죽장-석계-가사-지동-죽도,농협포항시지부행,농협포항시지부행,죽장행,106,96783,120,103,하행,한라맨션1차,567.9,2026-05-12
770,기계-죽장-석계-가사-지동-죽도,농협포항시지부행,농협포항시지부행,죽장행,106,96783,120,104,하행,용흥동행정복지센터,328.1,2026-05-12
770,기계-죽장-석계-가사-지동-죽도,농협포항시지부행,농협포항시지부행,죽장행,106,96783,120,105,하행,롯데시네마,690.4,2026-05-12
770,기계-죽장-석계-가사-지동-죽도,농협포항시지부행,농협포항시지부행,죽장행,106,96783,120,106,하행,농협포항시지부,521.9,2026-05-12
770,죽도-기계-죽장-가사-기계-죽도,농협포항시지부행,농협포항시지부행,죽장행,99,89066,120,1,상행,농협포항시지부,0,2026-05-12
770,죽도-기계-죽장-가사-기계-죽도,농협포항시지부행,농협포항시지부행,죽장행,99,89066,120,2,상행,롯데시네마,471.8,2026-05-12
770,죽도-기계-죽장-가사-기계-죽도,농협포항시지부행,농협포항시지부행,죽장행,99,89066,120,3,상행,용흥동행정복지센터,741.6,2026-05-12
770,죽도-기계-죽장-가사-기계-죽도,농협포항시지부행,농협포항시지부행,죽장행,99,89066,120,4,상행,한라맨션1차,243.8,2026-05-12
770,죽도-기계-죽장-가사-기계-죽도,농협포항시지부행,농협포항시지부행,죽장행,99,89066,120,5,상행,한라맨션2차,647.1,2026-05-12
770,죽도-기계-죽장-가사-기계-죽도,농협포항시지부행,농협포항시지부행,죽장행,99,89066,120,6,상행,포항제일교회,452.3,2026-05-12
770,죽도-기계-죽장-가사-기계-죽도,농협포항시지부행,농협포항시지부행,죽장행,99,89066,120,7,상행,대련삼거리,1844,2026-05-12
770,죽도-기계-죽장-가사-기계-죽도,농협포항시지부행,농협포항시지부행,죽장행,99,89066,120,8,상행,대련리입구,416.8,2026-05-12
770,죽도-기계-죽장-가사-기계-죽도,농협포항시지부행,농협포항시지부행,죽장행,99,89066,120,9,상행,송학,2336.5,2026-05-12
770,죽도-기계-죽장-가사-기계-죽도,농협포항시지부행,농협포항시지부행,죽장행,99,89066,120,10,상행,달전,660.5,2026-05-12
770,죽도-기계-죽장-가사-기계-죽도,농협포항시지부행,농협포항시지부행,죽장행,99,89066,120,11,상행,다산교차로,1646.5,2026-05-12
770,죽도-기계-죽장-가사-기계-죽도,농협포항시지부행,농협포항시지부행,죽장행,99,89066,120,12,상행,삼괴정저수지,1867.2,2026-05-12
770,죽도-기계-죽장-가사-기계-죽도,농협포항시지부행,농협포항시지부행,죽장행,99,89066,120,13,상행,단구1리,1153.7,2026-05-12
770,죽도-기계-죽장-가사-기계-죽도,농협포항시지부행,농협포항시지부행,죽장행,99,89066,120,14,상행,달성사거리,674.1,2026-05-12
770,죽도-기계-죽장-가사-기계-죽도,농협포항시지부행,농협포항시지부행,죽장행,99,89066,120,15,상행,내단3리,554.4,2026-05-12
770,죽도-기계-죽장-가사-기계-죽도,농협포항시지부행,농협포항시지부행,죽장행,99,89066,120,16,상행,내단1리,870.1,2026-05-12
770,죽도-기계-죽장-가사-기계-죽도,농협포항시지부행,농협포항시지부행,죽장행,99,89066,120,17,상행,내단2리,1254.4,2026-05-12
770,죽도-기계-죽장-가사-기계-죽도,농협포항시지부행,농협포항시지부행,죽장행,99,89066,120,18,상행,기계환승센터,697.9,2026-05-12
770,죽도-기계-죽장-가사-기계-죽도,농협포항시지부행,농협포항시지부행,죽장행,99,89066,120,19,상행,서포항농협,467.1,2026-05-12
770,죽도-기계-죽장-가사-기계-죽도,농협포항시지부행,농협포항시지부행,죽장행,99,89066,120,20,상행,기계초등학교,332,2026-05-12
770,죽도-기계-죽장-가사-기계-죽도,농협포항시지부행,농협포항시지부행,죽장행,99,89066,120,21,상행,경북세무고등학교,777.6,2026-05-12
770,죽도-기계-죽장-가사-기계-죽도,농협포항시지부행,농협포항시지부행,죽장행,99,89066,120,22,상행,현내2리,278.9,2026-05-12
770,죽도-기계-죽장-가사-기계-죽도,농협포항시지부행,농협포항시지부행,죽장행,99,89066,120,23,상행,지가2리청년회관,1104.4,2026-05-12
770,죽도-기계-죽장-가사-기계-죽도,농협포항시지부행,농협포항시지부행,죽장행,99,89066,120,24,상행,지가2리,743.9,2026-05-12
770,죽도-기계-죽장-가사-기계-죽도,농협포항시지부행,농협포항시지부행,죽장행,99,89066,120,25,상행,지가1리,483.1,2026-05-12
770,죽도-기계-죽장-가사-기계-죽도,농협포항시지부행,농협포항시지부행,죽장행,99,89066,120,26,상행,지가1리마을회관,449.5,2026-05-12
770,죽도-기계-죽장-가사-기계-죽도,농협포항시지부행,농협포항시지부행,죽장행,99,89066,120,27,상행,인비교,864.9,2026-05-12
770,죽도-기계-죽장-가사-기계-죽도,농협포항시지부행,농협포항시지부행,죽장행,99,89066,120,28,상행,새각단,1633.2,2026-05-12
770,죽도-기계-죽장-가사-기계-죽도,농협포항시지부행,농협포항시지부행,죽장행,99,89066,120,29,상행,구지리,508.6,2026-05-12
770,죽도-기계-죽장-가사-기계-죽도,농협포항시지부행,농협포항시지부행,죽장행,99,89066,120,30,상행,가안1리,729.5,2026-05-12
770,죽도-기계-죽장-가사-기계-죽도,농협포항시지부행,농협포항시지부행,죽장행,99,89066,120,31,상행,안심,734,2026-05-12
770,죽도-기계-죽장-가사-기계-죽도,농협포항시지부행,농협포항시지부행,죽장행,99,89066,120,32,상행,한티마을,1005.3,2026-05-12
770,죽도-기계-죽장-가사-기계-죽도,농협포항시지부행,농협포항시지부행,죽장행,99,89066,120,33,상행,가안2리,716.8,2026-05-12
770,죽도-기계-죽장-가사-기계-죽도,농협포항시지부행,농협포항시지부행,죽장행,99,89066,120,34,상행,감곡입구,1527.6,2026-05-12
770,죽도-기계-죽장-가사-기계-죽도,농협포항시지부행,농협포항시지부행,죽장행,99,89066,120,35,상행,정자리,537,2026-05-12
770,죽도-기계-죽장-가사-기계-죽도,농협포항시지부행,농협포항시지부행,죽장행,99,89066,120,36,상행,정자 마을회관,621.8,2026-05-12
770,죽도-기계-죽장-가사-기계-죽도,농협포항시지부행,농협포항시지부행,죽장행,99,89066,120,37,상행,지동삼거리,1830.6,2026-05-12
770,죽도-기계-죽장-가사-기계-죽도,농협포항시지부행,농협포항시지부행,죽장행,99,89066,120,38,상행,일광 입구,1098.7,2026-05-12
770,죽도-기계-죽장-가사-기계-죽도,농협포항시지부행,농협포항시지부행,죽장행,99,89066,120,39,상행,일광리,1043.1,2026-05-12
770,죽도-기계-죽장-가사-기계-죽도,농협포항시지부행,농협포항시지부행,죽장행,99,89066,120,40,상행,죽장초등학교,2180.5,2026-05-12
770,죽도-기계-죽장-가사-기계-죽도,농협포항시지부행,농협포항시지부행,죽장행,99,89066,120,41,상행,죽장정류장,413.6,2026-05-12
770,죽도-기계-죽장-가사-기계-죽도,농협포항시지부행,농협포항시지부행,죽장행,99,89066,120,42,상행,입암2리,740,2026-05-12
770,죽도-기계-죽장-가사-기계-죽도,농협포항시지부행,농협포항시지부행,죽장행,99,89066,120,43,상행,침곡,844.9,2026-05-12
770,죽도-기계-죽장-가사-기계-죽도,농협포항시지부행,농협포항시지부행,죽장행,99,89066,120,44,상행,매현1리,764.7,2026-05-12
770,죽도-기계-죽장-가사-기계-죽도,농협포항시지부행,농협포항시지부행,죽장행,99,89066,120,45,상행,매현2리,954.6,2026-05-12
770,죽도-기계-죽장-가사-기계-죽도,농협포항시지부행,농협포항시지부행,죽장행,99,89066,120,46,상행,매현마을,756.4,2026-05-12
770,죽도-기계-죽장-가사-기계-죽도,농협포항시지부행,농협포항시지부행,죽장행,99,89066,120,47,상행,매현2리,997.3,2026-05-12
770,죽도-기계-죽장-가사-기계-죽도,농협포항시지부행,농협포항시지부행,죽장행,99,89066,120,48,상행,가사리마을회관,1744.6,2026-05-12
770,죽도-기계-죽장-가사-기계-죽도,농협포항시지부행,농협포항시지부행,죽장행,99,89066,120,49,상행,가사종점,828.7,2026-05-12
770,죽도-기계-죽장-가사-기계-죽도,농협포항시지부행,농협포항시지부행,죽장행,99,89066,120,50,상행,가사종점,179.3,2026-05-12
770,죽도-기계-죽장-가사-기계-죽도,농협포항시지부행,농협포항시지부행,죽장행,99,89066,120,51,상행,가사리마을회관,765.2,2026-05-12
770,죽도-기계-죽장-가사-기계-죽도,농협포항시지부행,농협포항시지부행,죽장행,99,89066,120,52,상행,매현2리,1742.4,2026-05-12
770,죽도-기계-죽장-가사-기계-죽도,농협포항시지부행,농협포항시지부행,죽장행,99,89066,120,53,상행,매현마을,1016.7,2026-05-12
770,죽도-기계-죽장-가사-기계-죽도,농협포항시지부행,농협포항시지부행,죽장행,99,89066,120,54,상행,매현2리,746.1,2026-05-12
770,죽도-기계-죽장-가사-기계-죽도,농협포항시지부행,농협포항시지부행,죽장행,99,89066,120,55,상행,매현1리,992.6,2026-05-12
770,죽도-기계-죽장-가사-기계-죽도,농협포항시지부행,농협포항시지부행,죽장행,99,89066,120,56,상행,침곡,738.3,2026-05-12
770,죽도-기계-죽장-가사-기계-죽도,농협포항시지부행,농협포항시지부행,죽장행,99,89066,120,57,상행,입암2리,818.1,2026-05-12
770,죽도-기계-죽장-가사-기계-죽도,농협포항시지부행,농협포항시지부행,죽장행,99,89066,120,58,하행,죽장정류장,752.1,2026-05-12
770,죽도-기계-죽장-가사-기계-죽도,농협포항시지부행,농협포항시지부행,죽장행,99,89066,120,59,하행,죽장초등학교,401.1,2026-05-12
770,죽도-기계-죽장-가사-기계-죽도,농협포항시지부행,농협포항시지부행,죽장행,99,89066,120,60,하행,일광리,2243.5,2026-05-12
770,죽도-기계-죽장-가사-기계-죽도,농협포항시지부행,농협포항시지부행,죽장행,99,89066,120,61,하행,일광 입구,1021.9,2026-05-12
770,죽도-기계-죽장-가사-기계-죽도,농협포항시지부행,농협포항시지부행,죽장행,99,89066,120,62,하행,지동삼거리,1057.8,2026-05-12
770,죽도-기계-죽장-가사-기계-죽도,농협포항시지부행,농협포항시지부행,죽장행,99,89066,120,63,하행,정자 마을회관,1900.8,2026-05-12
770,죽도-기계-죽장-가사-기계-죽도,농협포항시지부행,농협포항시지부행,죽장행,99,89066,120,64,하행,정자리,602.3,2026-05-12
770,죽도-기계-죽장-가사-기계-죽도,농협포항시지부행,농협포항시지부행,죽장행,99,89066,120,65,하행,감곡입구,542.8,2026-05-12
770,죽도-기계-죽장-가사-기계-죽도,농협포항시지부행,농협포항시지부행,죽장행,99,89066,120,66,하행,가안2리,1533.1,2026-05-12
770,죽도-기계-죽장-가사-기계-죽도,농협포항시지부행,농협포항시지부행,죽장행,99,89066,120,67,하행,한티마을,726.8,2026-05-12
770,죽도-기계-죽장-가사-기계-죽도,농협포항시지부행,농협포항시지부행,죽장행,99,89066,120,68,하행,안심,993.1,2026-05-12
770,죽도-기계-죽장-가사-기계-죽도,농협포항시지부행,농협포항시지부행,죽장행,99,89066,120,69,하행,가안1리,739.9,2026-05-12
770,죽도-기계-죽장-가사-기계-죽도,농협포항시지부행,농협포항시지부행,죽장행,99,89066,120,70,하행,구지리,732.3,2026-05-12
770,죽도-기계-죽장-가사-기계-죽도,농협포항시지부행,농협포항시지부행,죽장행,99,89066,120,71,하행,새각단,503.2,2026-05-12
770,죽도-기계-죽장-가사-기계-죽도,농협포항시지부행,농협포항시지부행,죽장행,99,89066,120,72,하행,인비교,1652.1,2026-05-12
770,죽도-기계-죽장-가사-기계-죽도,농협포항시지부행,농협포항시지부행,죽장행,99,89066,120,73,하행,지가1리마을회관,862,2026-05-12
770,죽도-기계-죽장-가사-기계-죽도,농협포항시지부행,농협포항시지부행,죽장행,99,89066,120,74,하행,지가1리,442,2026-05-12
770,죽도-기계-죽장-가사-기계-죽도,농협포항시지부행,농협포항시지부행,죽장행,99,89066,120,75,하행,지가2리,436.3,2026-05-12
770,죽도-기계-죽장-가사-기계-죽도,농협포항시지부행,농협포항시지부행,죽장행,99,89066,120,76,하행,지가2리청년회관,766.4,2026-05-12
770,죽도-기계-죽장-가사-기계-죽도,농협포항시지부행,농협포항시지부행,죽장행,99,89066,120,77,하행,현내2리,1157,2026-05-12
770,죽도-기계-죽장-가사-기계-죽도,농협포항시지부행,농협포항시지부행,죽장행,99,89066,120,78,하행,경북세무고등학교,268.9,2026-05-12
770,죽도-기계-죽장-가사-기계-죽도,농협포항시지부행,농협포항시지부행,죽장행,99,89066,120,79,하행,기계초등학교,766.8,2026-05-12
770,죽도-기계-죽장-가사-기계-죽도,농협포항시지부행,농협포항시지부행,죽장행,99,89066,120,80,하행,서포항농협,287.6,2026-05-12
770,죽도-기계-죽장-가사-기계-죽도,농협포항시지부행,농협포항시지부행,죽장행,99,89066,120,81,하행,기계환승센터,552.1,2026-05-12
770,죽도-기계-죽장-가사-기계-죽도,농협포항시지부행,농협포항시지부행,죽장행,99,89066,120,82,하행,내단2리,750,2026-05-12
770,죽도-기계-죽장-가사-기계-죽도,농협포항시지부행,농협포항시지부행,죽장행,99,89066,120,83,하행,내단1리,1262.1,2026-05-12
770,죽도-기계-죽장-가사-기계-죽도,농협포항시지부행,농협포항시지부행,죽장행,99,89066,120,84,하행,내단3리,872.2,2026-05-12
770,죽도-기계-죽장-가사-기계-죽도,농협포항시지부행,농협포항시지부행,죽장행,99,89066,120,85,하행,달성사거리,522.3,2026-05-12
770,죽도-기계-죽장-가사-기계-죽도,농협포항시지부행,농협포항시지부행,죽장행,99,89066,120,86,하행,단구1리,697.7,2026-05-12
770,죽도-기계-죽장-가사-기계-죽도,농협포항시지부행,농협포항시지부행,죽장행,99,89066,120,87,하행,삼괴정저수지,1147,2026-05-12
770,죽도-기계-죽장-가사-기계-죽도,농협포항시지부행,농협포항시지부행,죽장행,99,89066,120,88,하행,다산교차로,2074.2,2026-05-12
770,죽도-기계-죽장-가사-기계-죽도,농협포항시지부행,농협포항시지부행,죽장행,99,89066,120,89,하행,달전,1489.6,2026-05-12
770,죽도-기계-죽장-가사-기계-죽도,농협포항시지부행,농협포항시지부행,죽장행,99,89066,120,90,하행,송학,602,2026-05-12
770,죽도-기계-죽장-가사-기계-죽도,농협포항시지부행,농협포항시지부행,죽장행,99,89066,120,91,하행,대련리입구,2460.6,2026-05-12
770,죽도-기계-죽장-가사-기계-죽도,농협포항시지부행,농협포항시지부행,죽장행,99,89066,120,92,하행,대련삼거리,465.8,2026-05-12
770,죽도-기계-죽장-가사-기계-죽도,농협포항시지부행,농협포항시지부행,죽장행,99,89066,120,93,하행,포항제일교회,1721.9,2026-05-12
770,죽도-기계-죽장-가사-기계-죽도,농협포항시지부행,농협포항시지부행,죽장행,99,89066,120,94,하행,한라맨션 인근,235.5,2026-05-12
770,죽도-기계-죽장-가사-기계-죽도,농협포항시지부행,농협포항시지부행,죽장행,99,89066,120,95,하행,한라맨션2차,241.9,2026-05-12
770,죽도-기계-죽장-가사-기계-죽도,농협포항시지부행,농협포항시지부행,죽장행,99,89066,120,96,하행,한라맨션1차,567.9,2026-05-12
770,죽도-기계-죽장-가사-기계-죽도,농협포항시지부행,농협포항시지부행,죽장행,99,89066,120,97,하행,용흥동행정복지센터,328.1,2026-05-12
770,죽도-기계-죽장-가사-기계-죽도,농협포항시지부행,농협포항시지부행,죽장행,99,89066,120,98,하행,롯데시네마,690.4,2026-05-12
770,죽도-기계-죽장-가사-기계-죽도,농협포항시지부행,농협포항시지부행,죽장행,99,89066,120,99,하행,농협포항시지부,521.9,2026-05-12
770,죽도-기계-죽장-기계-죽도,농협포항시지부행,농협포항시지부행,죽장행,83,73739,120,1,상행,농협포항시지부,0,2026-05-12
770,죽도-기계-죽장-기계-죽도,농협포항시지부행,농협포항시지부행,죽장행,83,73739,120,2,상행,롯데시네마,471.8,2026-05-12
770,죽도-기계-죽장-기계-죽도,농협포항시지부행,농협포항시지부행,죽장행,83,73739,120,3,상행,용흥동행정복지센터,741.6,2026-05-12
770,죽도-기계-죽장-기계-죽도,농협포항시지부행,농협포항시지부행,죽장행,83,73739,120,4,상행,한라맨션1차,243.8,2026-05-12
770,죽도-기계-죽장-기계-죽도,농협포항시지부행,농협포항시지부행,죽장행,83,73739,120,5,상행,한라맨션2차,647.1,2026-05-12
770,죽도-기계-죽장-기계-죽도,농협포항시지부행,농협포항시지부행,죽장행,83,73739,120,6,상행,포항제일교회,452.3,2026-05-12
770,죽도-기계-죽장-기계-죽도,농협포항시지부행,농협포항시지부행,죽장행,83,73739,120,7,상행,대련삼거리,1844,2026-05-12
770,죽도-기계-죽장-기계-죽도,농협포항시지부행,농협포항시지부행,죽장행,83,73739,120,8,상행,대련리입구,416.8,2026-05-12
770,죽도-기계-죽장-기계-죽도,농협포항시지부행,농협포항시지부행,죽장행,83,73739,120,9,상행,송학,2336.5,2026-05-12
770,죽도-기계-죽장-기계-죽도,농협포항시지부행,농협포항시지부행,죽장행,83,73739,120,10,상행,달전,660.5,2026-05-12
770,죽도-기계-죽장-기계-죽도,농협포항시지부행,농협포항시지부행,죽장행,83,73739,120,11,상행,다산교차로,1646.5,2026-05-12
770,죽도-기계-죽장-기계-죽도,농협포항시지부행,농협포항시지부행,죽장행,83,73739,120,12,상행,삼괴정저수지,1867.2,2026-05-12
770,죽도-기계-죽장-기계-죽도,농협포항시지부행,농협포항시지부행,죽장행,83,73739,120,13,상행,단구1리,1153.7,2026-05-12
770,죽도-기계-죽장-기계-죽도,농협포항시지부행,농협포항시지부행,죽장행,83,73739,120,14,상행,달성사거리,674.1,2026-05-12
770,죽도-기계-죽장-기계-죽도,농협포항시지부행,농협포항시지부행,죽장행,83,73739,120,15,상행,내단3리,554.4,2026-05-12
770,죽도-기계-죽장-기계-죽도,농협포항시지부행,농협포항시지부행,죽장행,83,73739,120,16,상행,내단1리,870.1,2026-05-12
770,죽도-기계-죽장-기계-죽도,농협포항시지부행,농협포항시지부행,죽장행,83,73739,120,17,상행,내단2리,1254.4,2026-05-12
770,죽도-기계-죽장-기계-죽도,농협포항시지부행,농협포항시지부행,죽장행,83,73739,120,18,상행,기계환승센터,697.9,2026-05-12
770,죽도-기계-죽장-기계-죽도,농협포항시지부행,농협포항시지부행,죽장행,83,73739,120,19,상행,서포항농협,467.1,2026-05-12
770,죽도-기계-죽장-기계-죽도,농협포항시지부행,농협포항시지부행,죽장행,83,73739,120,20,상행,기계초등학교,332,2026-05-12
770,죽도-기계-죽장-기계-죽도,농협포항시지부행,농협포항시지부행,죽장행,83,73739,120,21,상행,경북세무고등학교,777.6,2026-05-12
770,죽도-기계-죽장-기계-죽도,농협포항시지부행,농협포항시지부행,죽장행,83,73739,120,22,상행,현내2리,278.9,2026-05-12
770,죽도-기계-죽장-기계-죽도,농협포항시지부행,농협포항시지부행,죽장행,83,73739,120,23,상행,지가2리청년회관,1104.4,2026-05-12
770,죽도-기계-죽장-기계-죽도,농협포항시지부행,농협포항시지부행,죽장행,83,73739,120,24,상행,지가2리,743.9,2026-05-12
770,죽도-기계-죽장-기계-죽도,농협포항시지부행,농협포항시지부행,죽장행,83,73739,120,25,상행,지가1리,483.1,2026-05-12
770,죽도-기계-죽장-기계-죽도,농협포항시지부행,농협포항시지부행,죽장행,83,73739,120,26,상행,지가1리마을회관,449.5,2026-05-12
770,죽도-기계-죽장-기계-죽도,농협포항시지부행,농협포항시지부행,죽장행,83,73739,120,27,상행,인비교,864.9,2026-05-12
770,죽도-기계-죽장-기계-죽도,농협포항시지부행,농협포항시지부행,죽장행,83,73739,120,28,상행,새각단,1633.2,2026-05-12
770,죽도-기계-죽장-기계-죽도,농협포항시지부행,농협포항시지부행,죽장행,83,73739,120,29,상행,구지리,508.6,2026-05-12
770,죽도-기계-죽장-기계-죽도,농협포항시지부행,농협포항시지부행,죽장행,83,73739,120,30,상행,가안1리,729.5,2026-05-12
770,죽도-기계-죽장-기계-죽도,농협포항시지부행,농협포항시지부행,죽장행,83,73739,120,31,상행,안심,734,2026-05-12
770,죽도-기계-죽장-기계-죽도,농협포항시지부행,농협포항시지부행,죽장행,83,73739,120,32,상행,한티마을,1005.3,2026-05-12
770,죽도-기계-죽장-기계-죽도,농협포항시지부행,농협포항시지부행,죽장행,83,73739,120,33,상행,가안2리,716.8,2026-05-12
770,죽도-기계-죽장-기계-죽도,농협포항시지부행,농협포항시지부행,죽장행,83,73739,120,34,상행,감곡입구,1527.6,2026-05-12
770,죽도-기계-죽장-기계-죽도,농협포항시지부행,농협포항시지부행,죽장행,83,73739,120,35,상행,정자리,537,2026-05-12
770,죽도-기계-죽장-기계-죽도,농협포항시지부행,농협포항시지부행,죽장행,83,73739,120,36,상행,정자 마을회관,621.8,2026-05-12
770,죽도-기계-죽장-기계-죽도,농협포항시지부행,농협포항시지부행,죽장행,83,73739,120,37,상행,지동삼거리,1830.6,2026-05-12
770,죽도-기계-죽장-기계-죽도,농협포항시지부행,농협포항시지부행,죽장행,83,73739,120,38,상행,일광 입구,1098.7,2026-05-12
770,죽도-기계-죽장-기계-죽도,농협포항시지부행,농협포항시지부행,죽장행,83,73739,120,39,상행,일광리,1043.1,2026-05-12
770,죽도-기계-죽장-기계-죽도,농협포항시지부행,농협포항시지부행,죽장행,83,73739,120,40,상행,죽장초등학교,2180.5,2026-05-12
770,죽도-기계-죽장-기계-죽도,농협포항시지부행,농협포항시지부행,죽장행,83,73739,120,41,하행,죽장정류장,413.6,2026-05-12
770,죽도-기계-죽장-기계-죽도,농협포항시지부행,농협포항시지부행,죽장행,83,73739,120,42,하행,죽장정류장,55.1,2026-05-12
770,죽도-기계-죽장-기계-죽도,농협포항시지부행,농협포항시지부행,죽장행,83,73739,120,43,하행,죽장초등학교,401.1,2026-05-12
770,죽도-기계-죽장-기계-죽도,농협포항시지부행,농협포항시지부행,죽장행,83,73739,120,44,하행,일광리,2243.5,2026-05-12
770,죽도-기계-죽장-기계-죽도,농협포항시지부행,농협포항시지부행,죽장행,83,73739,120,45,하행,일광 입구,1021.9,2026-05-12
770,죽도-기계-죽장-기계-죽도,농협포항시지부행,농협포항시지부행,죽장행,83,73739,120,46,하행,지동삼거리,1057.8,2026-05-12
770,죽도-기계-죽장-기계-죽도,농협포항시지부행,농협포항시지부행,죽장행,83,73739,120,47,하행,정자 마을회관,1900.8,2026-05-12
770,죽도-기계-죽장-기계-죽도,농협포항시지부행,농협포항시지부행,죽장행,83,73739,120,48,하행,정자리,602.3,2026-05-12
770,죽도-기계-죽장-기계-죽도,농협포항시지부행,농협포항시지부행,죽장행,83,73739,120,49,하행,감곡입구,542.8,2026-05-12
770,죽도-기계-죽장-기계-죽도,농협포항시지부행,농협포항시지부행,죽장행,83,73739,120,50,하행,가안2리,1533.1,2026-05-12
770,죽도-기계-죽장-기계-죽도,농협포항시지부행,농협포항시지부행,죽장행,83,73739,120,51,하행,한티마을,726.8,2026-05-12
770,죽도-기계-죽장-기계-죽도,농협포항시지부행,농협포항시지부행,죽장행,83,73739,120,52,하행,안심,993.1,2026-05-12
770,죽도-기계-죽장-기계-죽도,농협포항시지부행,농협포항시지부행,죽장행,83,73739,120,53,하행,가안1리,739.9,2026-05-12
770,죽도-기계-죽장-기계-죽도,농협포항시지부행,농협포항시지부행,죽장행,83,73739,120,54,하행,구지리,732.3,2026-05-12
770,죽도-기계-죽장-기계-죽도,농협포항시지부행,농협포항시지부행,죽장행,83,73739,120,55,하행,새각단,503.2,2026-05-12
770,죽도-기계-죽장-기계-죽도,농협포항시지부행,농협포항시지부행,죽장행,83,73739,120,56,하행,인비교,1652.1,2026-05-12
770,죽도-기계-죽장-기계-죽도,농협포항시지부행,농협포항시지부행,죽장행,83,73739,120,57,하행,지가1리마을회관,862,2026-05-12
770,죽도-기계-죽장-기계-죽도,농협포항시지부행,농협포항시지부행,죽장행,83,73739,120,58,하행,지가1리,442,2026-05-12
770,죽도-기계-죽장-기계-죽도,농협포항시지부행,농협포항시지부행,죽장행,83,73739,120,59,하행,지가2리,436.3,2026-05-12
770,죽도-기계-죽장-기계-죽도,농협포항시지부행,농협포항시지부행,죽장행,83,73739,120,60,하행,지가2리청년회관,766.4,2026-05-12
770,죽도-기계-죽장-기계-죽도,농협포항시지부행,농협포항시지부행,죽장행,83,73739,120,61,하행,현내2리,1157,2026-05-12
770,죽도-기계-죽장-기계-죽도,농협포항시지부행,농협포항시지부행,죽장행,83,73739,120,62,하행,경북세무고등학교,268.9,2026-05-12
770,죽도-기계-죽장-기계-죽도,농협포항시지부행,농협포항시지부행,죽장행,83,73739,120,63,하행,기계초등학교,766.8,2026-05-12
770,죽도-기계-죽장-기계-죽도,농협포항시지부행,농협포항시지부행,죽장행,83,73739,120,64,하행,서포항농협,287.6,2026-05-12
770,죽도-기계-죽장-기계-죽도,농협포항시지부행,농협포항시지부행,죽장행,83,73739,120,65,하행,기계환승센터,552.1,2026-05-12
770,죽도-기계-죽장-기계-죽도,농협포항시지부행,농협포항시지부행,죽장행,83,73739,120,66,하행,내단2리,750,2026-05-12
770,죽도-기계-죽장-기계-죽도,농협포항시지부행,농협포항시지부행,죽장행,83,73739,120,67,하행,내단1리,1262.1,2026-05-12
770,죽도-기계-죽장-기계-죽도,농협포항시지부행,농협포항시지부행,죽장행,83,73739,120,68,하행,내단3리,872.2,2026-05-12
770,죽도-기계-죽장-기계-죽도,농협포항시지부행,농협포항시지부행,죽장행,83,73739,120,69,하행,달성사거리,522.3,2026-05-12
770,죽도-기계-죽장-기계-죽도,농협포항시지부행,농협포항시지부행,죽장행,83,73739,120,70,하행,단구1리,697.7,2026-05-12
770,죽도-기계-죽장-기계-죽도,농협포항시지부행,농협포항시지부행,죽장행,83,73739,120,71,하행,삼괴정저수지,1147,2026-05-12
770,죽도-기계-죽장-기계-죽도,농협포항시지부행,농협포항시지부행,죽장행,83,73739,120,72,하행,다산교차로,2074.2,2026-05-12
770,죽도-기계-죽장-기계-죽도,농협포항시지부행,농협포항시지부행,죽장행,83,73739,120,73,하행,달전,1489.6,2026-05-12
770,죽도-기계-죽장-기계-죽도,농협포항시지부행,농협포항시지부행,죽장행,83,73739,120,74,하행,송학,602,2026-05-12
770,죽도-기계-죽장-기계-죽도,농협포항시지부행,농협포항시지부행,죽장행,83,73739,120,75,하행,대련리입구,2460.6,2026-05-12
770,죽도-기계-죽장-기계-죽도,농협포항시지부행,농협포항시지부행,죽장행,83,73739,120,76,하행,대련삼거리,465.8,2026-05-12
770,죽도-기계-죽장-기계-죽도,농협포항시지부행,농협포항시지부행,죽장행,83,73739,120,77,하행,포항제일교회,1721.9,2026-05-12
770,죽도-기계-죽장-기계-죽도,농협포항시지부행,농협포항시지부행,죽장행,83,73739,120,78,하행,한라맨션 인근,235.5,2026-05-12
770,죽도-기계-죽장-기계-죽도,농협포항시지부행,농협포항시지부행,죽장행,83,73739,120,79,하행,한라맨션2차,241.9,2026-05-12
770,죽도-기계-죽장-기계-죽도,농협포항시지부행,농협포항시지부행,죽장행,83,73739,120,80,하행,한라맨션1차,567.9,2026-05-12
770,죽도-기계-죽장-기계-죽도,농협포항시지부행,농협포항시지부행,죽장행,83,73739,120,81,하행,용흥동행정복지센터,328.1,2026-05-12
770,죽도-기계-죽장-기계-죽도,농협포항시지부행,농협포항시지부행,죽장행,83,73739,120,82,하행,롯데시네마,690.4,2026-05-12
770,죽도-기계-죽장-기계-죽도,농협포항시지부행,농협포항시지부행,죽장행,83,73739,120,83,하행,농협포항시지부,521.9,2026-05-12
770,죽도-기계-죽장-석계-기계-죽도,농협포항시지부행,농협포항시지부행,죽장행,100,93247,120,1,상행,농협포항시지부,0,2026-05-12
770,죽도-기계-죽장-석계-기계-죽도,농협포항시지부행,농협포항시지부행,죽장행,100,93247,120,2,상행,롯데시네마,471.8,2026-05-12
770,죽도-기계-죽장-석계-기계-죽도,농협포항시지부행,농협포항시지부행,죽장행,100,93247,120,3,상행,용흥동행정복지센터,741.6,2026-05-12
770,죽도-기계-죽장-석계-기계-죽도,농협포항시지부행,농협포항시지부행,죽장행,100,93247,120,4,상행,한라맨션1차,243.8,2026-05-12
770,죽도-기계-죽장-석계-기계-죽도,농협포항시지부행,농협포항시지부행,죽장행,100,93247,120,5,상행,한라맨션2차,647.1,2026-05-12
770,죽도-기계-죽장-석계-기계-죽도,농협포항시지부행,농협포항시지부행,죽장행,100,93247,120,6,상행,포항제일교회,452.3,2026-05-12
770,죽도-기계-죽장-석계-기계-죽도,농협포항시지부행,농협포항시지부행,죽장행,100,93247,120,7,상행,대련삼거리,1844,2026-05-12
770,죽도-기계-죽장-석계-기계-죽도,농협포항시지부행,농협포항시지부행,죽장행,100,93247,120,8,상행,대련리입구,416.8,2026-05-12
770,죽도-기계-죽장-석계-기계-죽도,농협포항시지부행,농협포항시지부행,죽장행,100,93247,120,9,상행,송학,2336.5,2026-05-12
770,죽도-기계-죽장-석계-기계-죽도,농협포항시지부행,농협포항시지부행,죽장행,100,93247,120,10,상행,달전,660.5,2026-05-12
770,죽도-기계-죽장-석계-기계-죽도,농협포항시지부행,농협포항시지부행,죽장행,100,93247,120,11,상행,다산교차로,1646.5,2026-05-12
770,죽도-기계-죽장-석계-기계-죽도,농협포항시지부행,농협포항시지부행,죽장행,100,93247,120,12,상행,삼괴정저수지,1867.2,2026-05-12
770,죽도-기계-죽장-석계-기계-죽도,농협포항시지부행,농협포항시지부행,죽장행,100,93247,120,13,상행,단구1리,1153.7,2026-05-12
770,죽도-기계-죽장-석계-기계-죽도,농협포항시지부행,농협포항시지부행,죽장행,100,93247,120,14,상행,달성사거리,674.1,2026-05-12
770,죽도-기계-죽장-석계-기계-죽도,농협포항시지부행,농협포항시지부행,죽장행,100,93247,120,15,상행,내단3리,554.4,2026-05-12
770,죽도-기계-죽장-석계-기계-죽도,농협포항시지부행,농협포항시지부행,죽장행,100,93247,120,16,상행,내단1리,870.1,2026-05-12
770,죽도-기계-죽장-석계-기계-죽도,농협포항시지부행,농협포항시지부행,죽장행,100,93247,120,17,상행,내단2리,1254.4,2026-05-12
770,죽도-기계-죽장-석계-기계-죽도,농협포항시지부행,농협포항시지부행,죽장행,100,93247,120,18,상행,기계환승센터,697.9,2026-05-12
770,죽도-기계-죽장-석계-기계-죽도,농협포항시지부행,농협포항시지부행,죽장행,100,93247,120,19,상행,서포항농협,467.1,2026-05-12
770,죽도-기계-죽장-석계-기계-죽도,농협포항시지부행,농협포항시지부행,죽장행,100,93247,120,20,상행,기계초등학교,332,2026-05-12
770,죽도-기계-죽장-석계-기계-죽도,농협포항시지부행,농협포항시지부행,죽장행,100,93247,120,21,상행,경북세무고등학교,777.6,2026-05-12
770,죽도-기계-죽장-석계-기계-죽도,농협포항시지부행,농협포항시지부행,죽장행,100,93247,120,22,상행,현내2리,278.9,2026-05-12
770,죽도-기계-죽장-석계-기계-죽도,농협포항시지부행,농협포항시지부행,죽장행,100,93247,120,23,상행,지가2리청년회관,1104.4,2026-05-12
770,죽도-기계-죽장-석계-기계-죽도,농협포항시지부행,농협포항시지부행,죽장행,100,93247,120,24,상행,지가2리,743.9,2026-05-12
770,죽도-기계-죽장-석계-기계-죽도,농협포항시지부행,농협포항시지부행,죽장행,100,93247,120,25,상행,지가1리,483.1,2026-05-12
770,죽도-기계-죽장-석계-기계-죽도,농협포항시지부행,농협포항시지부행,죽장행,100,93247,120,26,상행,지가1리마을회관,449.5,2026-05-12
770,죽도-기계-죽장-석계-기계-죽도,농협포항시지부행,농협포항시지부행,죽장행,100,93247,120,27,상행,인비교,864.9,2026-05-12
770,죽도-기계-죽장-석계-기계-죽도,농협포항시지부행,농협포항시지부행,죽장행,100,93247,120,28,상행,새각단,1633.2,2026-05-12
770,죽도-기계-죽장-석계-기계-죽도,농협포항시지부행,농협포항시지부행,죽장행,100,93247,120,29,상행,구지리,508.6,2026-05-12
770,죽도-기계-죽장-석계-기계-죽도,농협포항시지부행,농협포항시지부행,죽장행,100,93247,120,30,상행,가안1리,729.5,2026-05-12
770,죽도-기계-죽장-석계-기계-죽도,농협포항시지부행,농협포항시지부행,죽장행,100,93247,120,31,상행,안심,734,2026-05-12
770,죽도-기계-죽장-석계-기계-죽도,농협포항시지부행,농협포항시지부행,죽장행,100,93247,120,32,상행,한티마을,1005.3,2026-05-12
770,죽도-기계-죽장-석계-기계-죽도,농협포항시지부행,농협포항시지부행,죽장행,100,93247,120,33,상행,가안2리,716.8,2026-05-12
770,죽도-기계-죽장-석계-기계-죽도,농협포항시지부행,농협포항시지부행,죽장행,100,93247,120,34,상행,감곡입구,1527.6,2026-05-12
770,죽도-기계-죽장-석계-기계-죽도,농협포항시지부행,농협포항시지부행,죽장행,100,93247,120,35,상행,정자리,537,2026-05-12
770,죽도-기계-죽장-석계-기계-죽도,농협포항시지부행,농협포항시지부행,죽장행,100,93247,120,36,상행,정자 마을회관,621.8,2026-05-12
770,죽도-기계-죽장-석계-기계-죽도,농협포항시지부행,농협포항시지부행,죽장행,100,93247,120,37,상행,지동삼거리,1830.6,2026-05-12
770,죽도-기계-죽장-석계-기계-죽도,농협포항시지부행,농협포항시지부행,죽장행,100,93247,120,38,상행,일광 입구,1098.7,2026-05-12
770,죽도-기계-죽장-석계-기계-죽도,농협포항시지부행,농협포항시지부행,죽장행,100,93247,120,39,상행,일광리,1043.1,2026-05-12
770,죽도-기계-죽장-석계-기계-죽도,농협포항시지부행,농협포항시지부행,죽장행,100,93247,120,40,상행,죽장초등학교,2180.5,2026-05-12
770,죽도-기계-죽장-석계-기계-죽도,농협포항시지부행,농협포항시지부행,죽장행,100,93247,120,41,상행,죽장정류장,413.6,2026-05-12
770,죽도-기계-죽장-석계-기계-죽도,농협포항시지부행,농협포항시지부행,죽장행,100,93247,120,42,상행,죽장정류장,55.1,2026-05-12
770,죽도-기계-죽장-석계-기계-죽도,농협포항시지부행,농협포항시지부행,죽장행,100,93247,120,43,상행,죽장고등학교,478.1,2026-05-12
770,죽도-기계-죽장-석계-기계-죽도,농협포항시지부행,농협포항시지부행,죽장행,100,93247,120,44,상행,방흥리,1632.5,2026-05-12
770,죽도-기계-죽장-석계-기계-죽도,농협포항시지부행,농협포항시지부행,죽장행,100,93247,120,45,상행,골안,1002.3,2026-05-12
770,죽도-기계-죽장-석계-기계-죽도,농협포항시지부행,농협포항시지부행,죽장행,100,93247,120,46,상행,합덕 입구,1119.9,2026-05-12
770,죽도-기계-죽장-석계-기계-죽도,농협포항시지부행,농협포항시지부행,죽장행,100,93247,120,47,상행,영농지원센터,1120.8,2026-05-12
770,죽도-기계-죽장-석계-기계-죽도,농협포항시지부행,농협포항시지부행,죽장행,100,93247,120,48,상행,바거리,2363.8,2026-05-12
770,죽도-기계-죽장-석계-기계-죽도,농협포항시지부행,농협포항시지부행,죽장행,100,93247,120,49,상행,석계리마을회관,1333.4,2026-05-12
770,죽도-기계-죽장-석계-기계-죽도,농협포항시지부행,농협포항시지부행,죽장행,100,93247,120,50,상행,석계종점,758.9,2026-05-12
770,죽도-기계-죽장-석계-기계-죽도,농협포항시지부행,농협포항시지부행,죽장행,100,93247,120,51,상행,석계리마을회관,617.1,2026-05-12
770,죽도-기계-죽장-석계-기계-죽도,농협포항시지부행,농협포항시지부행,죽장행,100,93247,120,52,상행,바거리,1298,2026-05-12
770,죽도-기계-죽장-석계-기계-죽도,농협포항시지부행,농협포항시지부행,죽장행,100,93247,120,53,상행,영농지원센터,2385.5,2026-05-12
770,죽도-기계-죽장-석계-기계-죽도,농협포항시지부행,농협포항시지부행,죽장행,100,93247,120,54,상행,합덕 입구,1116.1,2026-05-12
770,죽도-기계-죽장-석계-기계-죽도,농협포항시지부행,농협포항시지부행,죽장행,100,93247,120,55,상행,골안,1116.7,2026-05-12
770,죽도-기계-죽장-석계-기계-죽도,농협포항시지부행,농협포항시지부행,죽장행,100,93247,120,56,상행,방흥리,1014.9,2026-05-12
770,죽도-기계-죽장-석계-기계-죽도,농협포항시지부행,농협포항시지부행,죽장행,100,93247,120,57,상행,죽장고등학교,1702.8,2026-05-12
770,죽도-기계-죽장-석계-기계-죽도,농협포항시지부행,농협포항시지부행,죽장행,100,93247,120,58,하행,죽장정류장,392.6,2026-05-12
770,죽도-기계-죽장-석계-기계-죽도,농협포항시지부행,농협포항시지부행,죽장행,100,93247,120,59,하행,죽장정류장,55.1,2026-05-12
770,죽도-기계-죽장-석계-기계-죽도,농협포항시지부행,농협포항시지부행,죽장행,100,93247,120,60,하행,죽장초등학교,401.1,2026-05-12
770,죽도-기계-죽장-석계-기계-죽도,농협포항시지부행,농협포항시지부행,죽장행,100,93247,120,61,하행,일광리,2243.5,2026-05-12
770,죽도-기계-죽장-석계-기계-죽도,농협포항시지부행,농협포항시지부행,죽장행,100,93247,120,62,하행,일광 입구,1021.9,2026-05-12
770,죽도-기계-죽장-석계-기계-죽도,농협포항시지부행,농협포항시지부행,죽장행,100,93247,120,63,하행,지동삼거리,1057.8,2026-05-12
770,죽도-기계-죽장-석계-기계-죽도,농협포항시지부행,농협포항시지부행,죽장행,100,93247,120,64,하행,정자 마을회관,1900.8,2026-05-12
770,죽도-기계-죽장-석계-기계-죽도,농협포항시지부행,농협포항시지부행,죽장행,100,93247,120,65,하행,정자리,602.3,2026-05-12
770,죽도-기계-죽장-석계-기계-죽도,농협포항시지부행,농협포항시지부행,죽장행,100,93247,120,66,하행,감곡입구,542.8,2026-05-12
770,죽도-기계-죽장-석계-기계-죽도,농협포항시지부행,농협포항시지부행,죽장행,100,93247,120,67,하행,가안2리,1533.1,2026-05-12
770,죽도-기계-죽장-석계-기계-죽도,농협포항시지부행,농협포항시지부행,죽장행,100,93247,120,68,하행,한티마을,726.8,2026-05-12
770,죽도-기계-죽장-석계-기계-죽도,농협포항시지부행,농협포항시지부행,죽장행,100,93247,120,69,하행,안심,993.1,2026-05-12
770,죽도-기계-죽장-석계-기계-죽도,농협포항시지부행,농협포항시지부행,죽장행,100,93247,120,70,하행,가안1리,739.9,2026-05-12
770,죽도-기계-죽장-석계-기계-죽도,농협포항시지부행,농협포항시지부행,죽장행,100,93247,120,71,하행,구지리,732.3,2026-05-12
770,죽도-기계-죽장-석계-기계-죽도,농협포항시지부행,농협포항시지부행,죽장행,100,93247,120,72,하행,새각단,503.2,2026-05-12
770,죽도-기계-죽장-석계-기계-죽도,농협포항시지부행,농협포항시지부행,죽장행,100,93247,120,73,하행,인비교,1652.1,2026-05-12
770,죽도-기계-죽장-석계-기계-죽도,농협포항시지부행,농협포항시지부행,죽장행,100,93247,120,74,하행,지가1리마을회관,862,2026-05-12
770,죽도-기계-죽장-석계-기계-죽도,농협포항시지부행,농협포항시지부행,죽장행,100,93247,120,75,하행,지가1리,442,2026-05-12
770,죽도-기계-죽장-석계-기계-죽도,농협포항시지부행,농협포항시지부행,죽장행,100,93247,120,76,하행,지가2리,436.3,2026-05-12
770,죽도-기계-죽장-석계-기계-죽도,농협포항시지부행,농협포항시지부행,죽장행,100,93247,120,77,하행,지가2리청년회관,766.4,2026-05-12
770,죽도-기계-죽장-석계-기계-죽도,농협포항시지부행,농협포항시지부행,죽장행,100,93247,120,78,하행,현내2리,1157,2026-05-12
770,죽도-기계-죽장-석계-기계-죽도,농협포항시지부행,농협포항시지부행,죽장행,100,93247,120,79,하행,경북세무고등학교,268.9,2026-05-12
770,죽도-기계-죽장-석계-기계-죽도,농협포항시지부행,농협포항시지부행,죽장행,100,93247,120,80,하행,기계초등학교,766.8,2026-05-12
770,죽도-기계-죽장-석계-기계-죽도,농협포항시지부행,농협포항시지부행,죽장행,100,93247,120,81,하행,서포항농협,287.6,2026-05-12
770,죽도-기계-죽장-석계-기계-죽도,농협포항시지부행,농협포항시지부행,죽장행,100,93247,120,82,하행,기계환승센터,552.1,2026-05-12
770,죽도-기계-죽장-석계-기계-죽도,농협포항시지부행,농협포항시지부행,죽장행,100,93247,120,83,하행,내단2리,750,2026-05-12
770,죽도-기계-죽장-석계-기계-죽도,농협포항시지부행,농협포항시지부행,죽장행,100,93247,120,84,하행,내단1리,1262.1,2026-05-12
770,죽도-기계-죽장-석계-기계-죽도,농협포항시지부행,농협포항시지부행,죽장행,100,93247,120,85,하행,내단3리,872.2,2026-05-12
770,죽도-기계-죽장-석계-기계-죽도,농협포항시지부행,농협포항시지부행,죽장행,100,93247,120,86,하행,달성사거리,522.3,2026-05-12
770,죽도-기계-죽장-석계-기계-죽도,농협포항시지부행,농협포항시지부행,죽장행,100,93247,120,87,하행,단구1리,697.7,2026-05-12
770,죽도-기계-죽장-석계-기계-죽도,농협포항시지부행,농협포항시지부행,죽장행,100,93247,120,88,하행,삼괴정저수지,1147,2026-05-12
770,죽도-기계-죽장-석계-기계-죽도,농협포항시지부행,농협포항시지부행,죽장행,100,93247,120,89,하행,다산교차로,2074.2,2026-05-12
770,죽도-기계-죽장-석계-기계-죽도,농협포항시지부행,농협포항시지부행,죽장행,100,93247,120,90,하행,달전,1489.6,2026-05-12
770,죽도-기계-죽장-석계-기계-죽도,농협포항시지부행,농협포항시지부행,죽장행,100,93247,120,91,하행,송학,602,2026-05-12
770,죽도-기계-죽장-석계-기계-죽도,농협포항시지부행,농협포항시지부행,죽장행,100,93247,120,92,하행,대련리입구,2460.6,2026-05-12
770,죽도-기계-죽장-석계-기계-죽도,농협포항시지부행,농협포항시지부행,죽장행,100,93247,120,93,하행,대련삼거리,465.8,2026-05-12
770,죽도-기계-죽장-석계-기계-죽도,농협포항시지부행,농협포항시지부행,죽장행,100,93247,120,94,하행,포항제일교회,1721.9,2026-05-12
770,죽도-기계-죽장-석계-기계-죽도,농협포항시지부행,농협포항시지부행,죽장행,100,93247,120,95,하행,한라맨션 인근,235.5,2026-05-12
770,죽도-기계-죽장-석계-기계-죽도,농협포항시지부행,농협포항시지부행,죽장행,100,93247,120,96,하행,한라맨션2차,241.9,2026-05-12
770,죽도-기계-죽장-석계-기계-죽도,농협포항시지부행,농협포항시지부행,죽장행,100,93247,120,97,하행,한라맨션1차,567.9,2026-05-12
770,죽도-기계-죽장-석계-기계-죽도,농협포항시지부행,농협포항시지부행,죽장행,100,93247,120,98,하행,용흥동행정복지센터,328.1,2026-05-12
770,죽도-기계-죽장-석계-기계-죽도,농협포항시지부행,농협포항시지부행,죽장행,100,93247,120,99,하행,롯데시네마,690.4,2026-05-12
770,죽도-기계-죽장-석계-기계-죽도,농협포항시지부행,농협포항시지부행,죽장행,100,93247,120,100,하행,농협포항시지부,521.9,2026-05-12
771,기계-기북-성법-기북-기계-죽도,기계행,농협포항시지부행,성법리행,66,50776,120,1,상행,기계환승센터,0,2026-05-12
771,기계-기북-성법-기북-기계-죽도,기계행,농협포항시지부행,성법리행,66,50776,120,2,상행,서포항농협,467.1,2026-05-12
771,기계-기북-성법-기북-기계-죽도,기계행,농협포항시지부행,성법리행,66,50776,120,3,상행,기계초등학교,332,2026-05-12
771,기계-기북-성법-기북-기계-죽도,기계행,농협포항시지부행,성법리행,66,50776,120,4,상행,경북세무고등학교,777.6,2026-05-12
771,기계-기북-성법-기북-기계-죽도,기계행,농협포항시지부행,성법리행,66,50776,120,5,상행,현내2리,278.9,2026-05-12
771,기계-기북-성법-기북-기계-죽도,기계행,농협포항시지부행,성법리행,66,50776,120,6,상행,지가2리청년회관,1104.4,2026-05-12
771,기계-기북-성법-기북-기계-죽도,기계행,농협포항시지부행,성법리행,66,50776,120,7,상행,지가2리,743.9,2026-05-12
771,기계-기북-성법-기북-기계-죽도,기계행,농협포항시지부행,성법리행,66,50776,120,8,상행,지가1리,483.1,2026-05-12
771,기계-기북-성법-기북-기계-죽도,기계행,농협포항시지부행,성법리행,66,50776,120,9,상행,지가1리마을회관,449.5,2026-05-12
771,기계-기북-성법-기북-기계-죽도,기계행,농협포항시지부행,성법리행,66,50776,120,10,상행,인비교,864.9,2026-05-12
771,기계-기북-성법-기북-기계-죽도,기계행,농협포항시지부행,성법리행,66,50776,120,11,상행,대기터,1328.9,2026-05-12
771,기계-기북-성법-기북-기계-죽도,기계행,농협포항시지부행,성법리행,66,50776,120,12,상행,대곡2리,1295.8,2026-05-12
771,기계-기북-성법-기북-기계-죽도,기계행,농협포항시지부행,성법리행,66,50776,120,13,상행,대곡2리,698.3,2026-05-12
771,기계-기북-성법-기북-기계-죽도,기계행,농협포항시지부행,성법리행,66,50776,120,14,상행,율산1리,781.2,2026-05-12
771,기계-기북-성법-기북-기계-죽도,기계행,농협포항시지부행,성법리행,66,50776,120,15,상행,기북합동정류소,437.4,2026-05-12
771,기계-기북-성법-기북-기계-죽도,기계행,농협포항시지부행,성법리행,66,50776,120,16,상행,율산2리,417.1,2026-05-12
771,기계-기북-성법-기북-기계-죽도,기계행,농협포항시지부행,성법리행,66,50776,120,17,상행,오덕2리,1207.5,2026-05-12
771,기계-기북-성법-기북-기계-죽도,기계행,농협포항시지부행,성법리행,66,50776,120,18,상행,탑정리,1442.3,2026-05-12
771,기계-기북-성법-기북-기계-죽도,기계행,농협포항시지부행,성법리행,66,50776,120,19,상행,탑정1리노인정,252.8,2026-05-12
771,기계-기북-성법-기북-기계-죽도,기계행,농협포항시지부행,성법리행,66,50776,120,20,상행,탑정1리,194.4,2026-05-12
771,기계-기북-성법-기북-기계-죽도,기계행,농협포항시지부행,성법리행,66,50776,120,21,상행,오덕1리입구,455.5,2026-05-12
771,기계-기북-성법-기북-기계-죽도,기계행,농협포항시지부행,성법리행,66,50776,120,22,상행,덕동민속전시관,523.7,2026-05-12
771,기계-기북-성법-기북-기계-죽도,기계행,농협포항시지부행,성법리행,66,50776,120,23,상행,성법교회,1480.2,2026-05-12
771,기계-기북-성법-기북-기계-죽도,기계행,농협포항시지부행,성법리행,66,50776,120,24,하행,성법리,298.7,2026-05-12
771,기계-기북-성법-기북-기계-죽도,기계행,농협포항시지부행,성법리행,66,50776,120,25,하행,성법리,1136.8,2026-05-12
771,기계-기북-성법-기북-기계-죽도,기계행,농협포항시지부행,성법리행,66,50776,120,26,하행,성법교회,342.3,2026-05-12
771,기계-기북-성법-기북-기계-죽도,기계행,농협포항시지부행,성법리행,66,50776,120,27,하행,덕동민속전시관,1461.6,2026-05-12
771,기계-기북-성법-기북-기계-죽도,기계행,농협포항시지부행,성법리행,66,50776,120,28,하행,오덕1리입구,578.4,2026-05-12
771,기계-기북-성법-기북-기계-죽도,기계행,농협포항시지부행,성법리행,66,50776,120,29,하행,탑정1리,372.1,2026-05-12
771,기계-기북-성법-기북-기계-죽도,기계행,농협포항시지부행,성법리행,66,50776,120,30,하행,탑정1리노인정,229.5,2026-05-12
771,기계-기북-성법-기북-기계-죽도,기계행,농협포항시지부행,성법리행,66,50776,120,31,하행,탑정리,258.4,2026-05-12
771,기계-기북-성법-기북-기계-죽도,기계행,농협포항시지부행,성법리행,66,50776,120,32,하행,오덕2리,1443.1,2026-05-12
771,기계-기북-성법-기북-기계-죽도,기계행,농협포항시지부행,성법리행,66,50776,120,33,하행,율산2리,1194.7,2026-05-12
771,기계-기북-성법-기북-기계-죽도,기계행,농협포항시지부행,성법리행,66,50776,120,34,하행,기북합동정류소,416.9,2026-05-12
771,기계-기북-성법-기북-기계-죽도,기계행,농협포항시지부행,성법리행,66,50776,120,35,하행,율산1리,453.2,2026-05-12
771,기계-기북-성법-기북-기계-죽도,기계행,농협포항시지부행,성법리행,66,50776,120,36,하행,대곡2리,755.6,2026-05-12
771,기계-기북-성법-기북-기계-죽도,기계행,농협포항시지부행,성법리행,66,50776,120,37,하행,대곡2리,721.1,2026-05-12
771,기계-기북-성법-기북-기계-죽도,기계행,농협포항시지부행,성법리행,66,50776,120,38,하행,대기터,1287.1,2026-05-12
771,기계-기북-성법-기북-기계-죽도,기계행,농협포항시지부행,성법리행,66,50776,120,39,하행,인비교,1323.3,2026-05-12
771,기계-기북-성법-기북-기계-죽도,기계행,농협포항시지부행,성법리행,66,50776,120,40,하행,지가1리마을회관,862,2026-05-12
771,기계-기북-성법-기북-기계-죽도,기계행,농협포항시지부행,성법리행,66,50776,120,41,하행,지가1리,442,2026-05-12
771,기계-기북-성법-기북-기계-죽도,기계행,농협포항시지부행,성법리행,66,50776,120,42,하행,지가2리,436.3,2026-05-12
771,기계-기북-성법-기북-기계-죽도,기계행,농협포항시지부행,성법리행,66,50776,120,43,하행,지가2리청년회관,766.4,2026-05-12
771,기계-기북-성법-기북-기계-죽도,기계행,농협포항시지부행,성법리행,66,50776,120,44,하행,현내2리,1157,2026-05-12
771,기계-기북-성법-기북-기계-죽도,기계행,농협포항시지부행,성법리행,66,50776,120,45,하행,경북세무고등학교,268.9,2026-05-12
771,기계-기북-성법-기북-기계-죽도,기계행,농협포항시지부행,성법리행,66,50776,120,46,하행,기계초등학교,766.8,2026-05-12
771,기계-기북-성법-기북-기계-죽도,기계행,농협포항시지부행,성법리행,66,50776,120,47,하행,서포항농협,287.6,2026-05-12
771,기계-기북-성법-기북-기계-죽도,기계행,농협포항시지부행,성법리행,66,50776,120,48,하행,기계환승센터,552.1,2026-05-12
771,기계-기북-성법-기북-기계-죽도,기계행,농협포항시지부행,성법리행,66,50776,120,49,하행,내단2리,750,2026-05-12
771,기계-기북-성법-기북-기계-죽도,기계행,농협포항시지부행,성법리행,66,50776,120,50,하행,내단1리,1262.1,2026-05-12
771,기계-기북-성법-기북-기계-죽도,기계행,농협포항시지부행,성법리행,66,50776,120,51,하행,내단3리,872.2,2026-05-12
771,기계-기북-성법-기북-기계-죽도,기계행,농협포항시지부행,성법리행,66,50776,120,52,하행,달성사거리,522.3,2026-05-12
771,기계-기북-성법-기북-기계-죽도,기계행,농협포항시지부행,성법리행,66,50776,120,53,하행,단구1리,697.7,2026-05-12
771,기계-기북-성법-기북-기계-죽도,기계행,농협포항시지부행,성법리행,66,50776,120,54,하행,삼괴정저수지,1147,2026-05-12
771,기계-기북-성법-기북-기계-죽도,기계행,농협포항시지부행,성법리행,66,50776,120,55,하행,다산교차로,2074.2,2026-05-12
771,기계-기북-성법-기북-기계-죽도,기계행,농협포항시지부행,성법리행,66,50776,120,56,하행,달전,1489.6,2026-05-12
771,기계-기북-성법-기북-기계-죽도,기계행,농협포항시지부행,성법리행,66,50776,120,57,하행,송학,602,2026-05-12
771,기계-기북-성법-기북-기계-죽도,기계행,농협포항시지부행,성법리행,66,50776,120,58,하행,대련리입구,2460.6,2026-05-12
771,기계-기북-성법-기북-기계-죽도,기계행,농협포항시지부행,성법리행,66,50776,120,59,하행,대련삼거리,465.8,2026-05-12
771,기계-기북-성법-기북-기계-죽도,기계행,농협포항시지부행,성법리행,66,50776,120,60,하행,포항제일교회,1721.9,2026-05-12
771,기계-기북-성법-기북-기계-죽도,기계행,농협포항시지부행,성법리행,66,50776,120,61,하행,한라맨션 인근,235.5,2026-05-12
771,기계-기북-성법-기북-기계-죽도,기계행,농협포항시지부행,성법리행,66,50776,120,62,하행,한라맨션2차,241.9,2026-05-12
771,기계-기북-성법-기북-기계-죽도,기계행,농협포항시지부행,성법리행,66,50776,120,63,하행,한라맨션1차,567.9,2026-05-12
771,기계-기북-성법-기북-기계-죽도,기계행,농협포항시지부행,성법리행,66,50776,120,64,하행,용흥동행정복지센터,328.1,2026-05-12
771,기계-기북-성법-기북-기계-죽도,기계행,농협포항시지부행,성법리행,66,50776,120,65,하행,롯데시네마,690.4,2026-05-12
771,기계-기북-성법-기북-기계-죽도,기계행,농협포항시지부행,성법리행,66,50776,120,66,하행,농협포항시지부,521.9,2026-05-12
771,기계-봉계1-기계,기계행,기계행,,23,12046,120,1,상행,기계환승센터,0,2026-05-12
771,기계-봉계1-기계,기계행,기계행,,23,12046,120,2,상행,서포항농협,467.1,2026-05-12
771,기계-봉계1-기계,기계행,기계행,,23,12046,120,3,상행,기계초등학교,332,2026-05-12
771,기계-봉계1-기계,기계행,기계행,,23,12046,120,4,상행,경북세무고등학교,777.6,2026-05-12
771,기계-봉계1-기계,기계행,기계행,,23,12046,120,5,상행,고지2리,569.1,2026-05-12
771,기계-봉계1-기계,기계행,기계행,,23,12046,120,6,상행,화창리,670.3,2026-05-12
771,기계-봉계1-기계,기계행,기계행,,23,12046,120,7,상행,고지1리,295.9,2026-05-12
771,기계-봉계1-기계,기계행,기계행,,23,12046,120,8,상행,고지리,335,2026-05-12
771,기계-봉계1-기계,기계행,기계행,,23,12046,120,9,상행,봉계입구,344.3,2026-05-12
771,기계-봉계1-기계,기계행,기계행,,23,12046,120,10,상행,포스코연수원,350.6,2026-05-12
771,기계-봉계1-기계,기계행,기계행,,23,12046,120,11,상행,봉계1리,905.9,2026-05-12
771,기계-봉계1-기계,기계행,기계행,,23,12046,120,12,상행,봉계1리종점,942.2,2026-05-12
771,기계-봉계1-기계,기계행,기계행,,23,12046,120,13,상행,봉계1리,816.3,2026-05-12
771,기계-봉계1-기계,기계행,기계행,,23,12046,120,14,상행,포스코연수원,944.8,2026-05-12
771,기계-봉계1-기계,기계행,기계행,,23,12046,120,15,상행,봉계입구,308.3,2026-05-12
771,기계-봉계1-기계,기계행,기계행,,23,12046,120,16,상행,고지리,346.3,2026-05-12
771,기계-봉계1-기계,기계행,기계행,,23,12046,120,17,상행,고지1리,337.7,2026-05-12
771,기계-봉계1-기계,기계행,기계행,,23,12046,120,18,상행,화창리,291.8,2026-05-12
771,기계-봉계1-기계,기계행,기계행,,23,12046,120,19,상행,고지2리,672.7,2026-05-12
771,기계-봉계1-기계,기계행,기계행,,23,12046,120,20,상행,경북세무고등학교,582.1,2026-05-12
771,기계-봉계1-기계,기계행,기계행,,23,12046,120,21,상행,기계초등학교,766.8,2026-05-12
771,기계-봉계1-기계,기계행,기계행,,23,12046,120,22,상행,서포항농협,287.6,2026-05-12
771,기계-봉계1-기계,기계행,기계행,,23,12046,120,23,상행,기계환승센터,552.1,2026-05-12
771,성법-기북-기계,성법리행,기계행,,24,16674,120,1,상행,성법리,0,2026-05-12
771,성법-기북-기계,성법리행,기계행,,24,16674,120,2,상행,성법교회,342.3,2026-05-12
771,성법-기북-기계,성법리행,기계행,,24,16674,120,3,상행,덕동민속전시관,1461.6,2026-05-12
771,성법-기북-기계,성법리행,기계행,,24,16674,120,4,상행,오덕1리입구,578.4,2026-05-12
771,성법-기북-기계,성법리행,기계행,,24,16674,120,5,상행,탑정1리,372.1,2026-05-12
771,성법-기북-기계,성법리행,기계행,,24,16674,120,6,상행,탑정1리노인정,229.5,2026-05-12
771,성법-기북-기계,성법리행,기계행,,24,16674,120,7,상행,탑정리,258.4,2026-05-12
771,성법-기북-기계,성법리행,기계행,,24,16674,120,8,상행,오덕2리,1443.1,2026-05-12
771,성법-기북-기계,성법리행,기계행,,24,16674,120,9,상행,율산2리,1194.7,2026-05-12
771,성법-기북-기계,성법리행,기계행,,24,16674,120,10,상행,기북합동정류소,423.7,2026-05-12
771,성법-기북-기계,성법리행,기계행,,24,16674,120,11,상행,율산1리,454.9,2026-05-12
771,성법-기북-기계,성법리행,기계행,,24,16674,120,12,상행,대곡2리,755.6,2026-05-12
771,성법-기북-기계,성법리행,기계행,,24,16674,120,13,상행,대곡2리,721.1,2026-05-12
771,성법-기북-기계,성법리행,기계행,,24,16674,120,14,상행,대기터,1287.1,2026-05-12
771,성법-기북-기계,성법리행,기계행,,24,16674,120,15,상행,인비교,1323.3,2026-05-12
771,성법-기북-기계,성법리행,기계행,,24,16674,120,16,상행,지가1리마을회관,862,2026-05-12
771,성법-기북-기계,성법리행,기계행,,24,16674,120,17,상행,지가1리,442,2026-05-12
771,성법-기북-기계,성법리행,기계행,,24,16674,120,18,상행,지가2리,436.3,2026-05-12
771,성법-기북-기계,성법리행,기계행,,24,16674,120,19,상행,지가2리청년회관,766.4,2026-05-12
771,성법-기북-기계,성법리행,기계행,,24,16674,120,20,상행,현내2리,1157,2026-05-12
771,성법-기북-기계,성법리행,기계행,,24,16674,120,21,상행,경북세무고등학교,268.9,2026-05-12
771,성법-기북-기계,성법리행,기계행,,24,16674,120,22,상행,기계초등학교,766.8,2026-05-12
771,성법-기북-기계,성법리행,기계행,,24,16674,120,23,상행,서포항농협,287.6,2026-05-12
771,성법-기북-기계,성법리행,기계행,,24,16674,120,24,상행,기계환승센터,552.1,2026-05-12
771,죽도-기계-기북-기계,농협포항시지부행,기계행,기북행,47,36902,120,1,상행,농협포항시지부,0,2026-05-12
771,죽도-기계-기북-기계,농협포항시지부행,기계행,기북행,47,36902,120,2,상행,롯데시네마,471.8,2026-05-12
771,죽도-기계-기북-기계,농협포항시지부행,기계행,기북행,47,36902,120,3,상행,용흥동행정복지센터,741.6,2026-05-12
771,죽도-기계-기북-기계,농협포항시지부행,기계행,기북행,47,36902,120,4,상행,한라맨션1차,243.8,2026-05-12
771,죽도-기계-기북-기계,농협포항시지부행,기계행,기북행,47,36902,120,5,상행,한라맨션2차,647.1,2026-05-12
771,죽도-기계-기북-기계,농협포항시지부행,기계행,기북행,47,36902,120,6,상행,포항제일교회,452.3,2026-05-12
771,죽도-기계-기북-기계,농협포항시지부행,기계행,기북행,47,36902,120,7,상행,대련삼거리,1844,2026-05-12
771,죽도-기계-기북-기계,농협포항시지부행,기계행,기북행,47,36902,120,8,상행,대련리입구,416.8,2026-05-12
771,죽도-기계-기북-기계,농협포항시지부행,기계행,기북행,47,36902,120,9,상행,송학,2336.5,2026-05-12
771,죽도-기계-기북-기계,농협포항시지부행,기계행,기북행,47,36902,120,10,상행,달전,660.5,2026-05-12
771,죽도-기계-기북-기계,농협포항시지부행,기계행,기북행,47,36902,120,11,상행,다산교차로,1646.5,2026-05-12
771,죽도-기계-기북-기계,농협포항시지부행,기계행,기북행,47,36902,120,12,상행,삼괴정저수지,1867.2,2026-05-12
771,죽도-기계-기북-기계,농협포항시지부행,기계행,기북행,47,36902,120,13,상행,단구1리,1153.7,2026-05-12
771,죽도-기계-기북-기계,농협포항시지부행,기계행,기북행,47,36902,120,14,상행,달성사거리,674.1,2026-05-12
771,죽도-기계-기북-기계,농협포항시지부행,기계행,기북행,47,36902,120,15,상행,내단3리,554.4,2026-05-12
771,죽도-기계-기북-기계,농협포항시지부행,기계행,기북행,47,36902,120,16,상행,내단1리,870.1,2026-05-12
771,죽도-기계-기북-기계,농협포항시지부행,기계행,기북행,47,36902,120,17,상행,내단2리,1254.4,2026-05-12
771,죽도-기계-기북-기계,농협포항시지부행,기계행,기북행,47,36902,120,18,상행,기계환승센터,697.9,2026-05-12
771,죽도-기계-기북-기계,농협포항시지부행,기계행,기북행,47,36902,120,19,상행,서포항농협,467.1,2026-05-12
771,죽도-기계-기북-기계,농협포항시지부행,기계행,기북행,47,36902,120,20,상행,기계초등학교,332,2026-05-12
771,죽도-기계-기북-기계,농협포항시지부행,기계행,기북행,47,36902,120,21,상행,경북세무고등학교,777.6,2026-05-12
771,죽도-기계-기북-기계,농협포항시지부행,기계행,기북행,47,36902,120,22,상행,현내2리,278.9,2026-05-12
771,죽도-기계-기북-기계,농협포항시지부행,기계행,기북행,47,36902,120,23,상행,지가2리청년회관,1104.4,2026-05-12
771,죽도-기계-기북-기계,농협포항시지부행,기계행,기북행,47,36902,120,24,상행,지가2리,743.9,2026-05-12
771,죽도-기계-기북-기계,농협포항시지부행,기계행,기북행,47,36902,120,25,상행,지가1리,483.1,2026-05-12
771,죽도-기계-기북-기계,농협포항시지부행,기계행,기북행,47,36902,120,26,상행,지가1리마을회관,449.5,2026-05-12
771,죽도-기계-기북-기계,농협포항시지부행,기계행,기북행,47,36902,120,27,상행,인비교,864.9,2026-05-12
771,죽도-기계-기북-기계,농협포항시지부행,기계행,기북행,47,36902,120,28,상행,대기터,1328.9,2026-05-12
771,죽도-기계-기북-기계,농협포항시지부행,기계행,기북행,47,36902,120,29,상행,대곡2리,1295.8,2026-05-12
771,죽도-기계-기북-기계,농협포항시지부행,기계행,기북행,47,36902,120,30,상행,대곡2리,698.3,2026-05-12
771,죽도-기계-기북-기계,농협포항시지부행,기계행,기북행,47,36902,120,31,상행,율산1리,781.2,2026-05-12
771,죽도-기계-기북-기계,농협포항시지부행,기계행,기북행,47,36902,120,32,하행,기북합동정류소,437.4,2026-05-12
771,죽도-기계-기북-기계,농협포항시지부행,기계행,기북행,47,36902,120,33,하행,기북합동정류소,166.3,2026-05-12
771,죽도-기계-기북-기계,농협포항시지부행,기계행,기북행,47,36902,120,34,하행,율산1리,453.2,2026-05-12
771,죽도-기계-기북-기계,농협포항시지부행,기계행,기북행,47,36902,120,35,하행,대곡2리,755.6,2026-05-12
771,죽도-기계-기북-기계,농협포항시지부행,기계행,기북행,47,36902,120,36,하행,대곡2리,721.1,2026-05-12
771,죽도-기계-기북-기계,농협포항시지부행,기계행,기북행,47,36902,120,37,하행,대기터,1287.1,2026-05-12
771,죽도-기계-기북-기계,농협포항시지부행,기계행,기북행,47,36902,120,38,하행,인비교,1323.3,2026-05-12
771,죽도-기계-기북-기계,농협포항시지부행,기계행,기북행,47,36902,120,39,하행,지가1리마을회관,862,2026-05-12
771,죽도-기계-기북-기계,농협포항시지부행,기계행,기북행,47,36902,120,40,하행,지가1리,442,2026-05-12
771,죽도-기계-기북-기계,농협포항시지부행,기계행,기북행,47,36902,120,41,하행,지가2리,436.3,2026-05-12
771,죽도-기계-기북-기계,농협포항시지부행,기계행,기북행,47,36902,120,42,하행,지가2리청년회관,766.4,2026-05-12
771,죽도-기계-기북-기계,농협포항시지부행,기계행,기북행,47,36902,120,43,하행,현내2리,1157,2026-05-12
771,죽도-기계-기북-기계,농협포항시지부행,기계행,기북행,47,36902,120,44,하행,경북세무고등학교,268.9,2026-05-12
771,죽도-기계-기북-기계,농협포항시지부행,기계행,기북행,47,36902,120,45,하행,기계초등학교,766.8,2026-05-12
771,죽도-기계-기북-기계,농협포항시지부행,기계행,기북행,47,36902,120,46,하행,서포항농협,287.6,2026-05-12
771,죽도-기계-기북-기계,농협포항시지부행,기계행,기북행,47,36902,120,47,하행,기계환승센터,552.1,2026-05-12
771,죽도-기계-기북-성법,농협포항시지부행,농협포항시지부행,성법리행,83,67240,120,1,상행,농협포항시지부,0,2026-05-12
771,죽도-기계-기북-성법,농협포항시지부행,농협포항시지부행,성법리행,83,67240,120,2,상행,롯데시네마,471.8,2026-05-12
771,죽도-기계-기북-성법,농협포항시지부행,농협포항시지부행,성법리행,83,67240,120,3,상행,용흥동행정복지센터,741.6,2026-05-12
771,죽도-기계-기북-성법,농협포항시지부행,농협포항시지부행,성법리행,83,67240,120,4,상행,한라맨션1차,243.8,2026-05-12
771,죽도-기계-기북-성법,농협포항시지부행,농협포항시지부행,성법리행,83,67240,120,5,상행,한라맨션2차,647.1,2026-05-12
771,죽도-기계-기북-성법,농협포항시지부행,농협포항시지부행,성법리행,83,67240,120,6,상행,포항제일교회,452.3,2026-05-12
771,죽도-기계-기북-성법,농협포항시지부행,농협포항시지부행,성법리행,83,67240,120,7,상행,대련삼거리,1844,2026-05-12
771,죽도-기계-기북-성법,농협포항시지부행,농협포항시지부행,성법리행,83,67240,120,8,상행,대련리입구,416.8,2026-05-12
771,죽도-기계-기북-성법,농협포항시지부행,농협포항시지부행,성법리행,83,67240,120,9,상행,송학,2336.5,2026-05-12
771,죽도-기계-기북-성법,농협포항시지부행,농협포항시지부행,성법리행,83,67240,120,10,상행,달전,660.5,2026-05-12
771,죽도-기계-기북-성법,농협포항시지부행,농협포항시지부행,성법리행,83,67240,120,11,상행,다산교차로,1646.5,2026-05-12
771,죽도-기계-기북-성법,농협포항시지부행,농협포항시지부행,성법리행,83,67240,120,12,상행,삼괴정저수지,1867.2,2026-05-12
771,죽도-기계-기북-성법,농협포항시지부행,농협포항시지부행,성법리행,83,67240,120,13,상행,단구1리,1153.7,2026-05-12
771,죽도-기계-기북-성법,농협포항시지부행,농협포항시지부행,성법리행,83,67240,120,14,상행,달성사거리,674.1,2026-05-12
771,죽도-기계-기북-성법,농협포항시지부행,농협포항시지부행,성법리행,83,67240,120,15,상행,내단3리,554.4,2026-05-12
771,죽도-기계-기북-성법,농협포항시지부행,농협포항시지부행,성법리행,83,67240,120,16,상행,내단1리,870.1,2026-05-12
771,죽도-기계-기북-성법,농협포항시지부행,농협포항시지부행,성법리행,83,67240,120,17,상행,내단2리,1254.4,2026-05-12
771,죽도-기계-기북-성법,농협포항시지부행,농협포항시지부행,성법리행,83,67240,120,18,상행,기계환승센터,697.9,2026-05-12
771,죽도-기계-기북-성법,농협포항시지부행,농협포항시지부행,성법리행,83,67240,120,19,상행,서포항농협,467.1,2026-05-12
771,죽도-기계-기북-성법,농협포항시지부행,농협포항시지부행,성법리행,83,67240,120,20,상행,기계초등학교,332,2026-05-12
771,죽도-기계-기북-성법,농협포항시지부행,농협포항시지부행,성법리행,83,67240,120,21,상행,경북세무고등학교,777.6,2026-05-12
771,죽도-기계-기북-성법,농협포항시지부행,농협포항시지부행,성법리행,83,67240,120,22,상행,현내2리,278.9,2026-05-12
771,죽도-기계-기북-성법,농협포항시지부행,농협포항시지부행,성법리행,83,67240,120,23,상행,지가2리청년회관,1104.4,2026-05-12
771,죽도-기계-기북-성법,농협포항시지부행,농협포항시지부행,성법리행,83,67240,120,24,상행,지가2리,743.9,2026-05-12
771,죽도-기계-기북-성법,농협포항시지부행,농협포항시지부행,성법리행,83,67240,120,25,상행,지가1리,483.1,2026-05-12
771,죽도-기계-기북-성법,농협포항시지부행,농협포항시지부행,성법리행,83,67240,120,26,상행,지가1리마을회관,449.5,2026-05-12
771,죽도-기계-기북-성법,농협포항시지부행,농협포항시지부행,성법리행,83,67240,120,27,상행,인비교,864.9,2026-05-12
771,죽도-기계-기북-성법,농협포항시지부행,농협포항시지부행,성법리행,83,67240,120,28,상행,대기터,1328.9,2026-05-12
771,죽도-기계-기북-성법,농협포항시지부행,농협포항시지부행,성법리행,83,67240,120,29,상행,대곡2리,1295.8,2026-05-12
771,죽도-기계-기북-성법,농협포항시지부행,농협포항시지부행,성법리행,83,67240,120,30,상행,대곡2리,698.3,2026-05-12
771,죽도-기계-기북-성법,농협포항시지부행,농협포항시지부행,성법리행,83,67240,120,31,상행,율산1리,781.2,2026-05-12
771,죽도-기계-기북-성법,농협포항시지부행,농협포항시지부행,성법리행,83,67240,120,32,상행,기북합동정류소,437.4,2026-05-12
771,죽도-기계-기북-성법,농협포항시지부행,농협포항시지부행,성법리행,83,67240,120,33,상행,율산2리,417.1,2026-05-12
771,죽도-기계-기북-성법,농협포항시지부행,농협포항시지부행,성법리행,83,67240,120,34,상행,오덕2리,1207.5,2026-05-12
771,죽도-기계-기북-성법,농협포항시지부행,농협포항시지부행,성법리행,83,67240,120,35,상행,탑정리,1442.3,2026-05-12
771,죽도-기계-기북-성법,농협포항시지부행,농협포항시지부행,성법리행,83,67240,120,36,상행,탑정1리노인정,252.8,2026-05-12
771,죽도-기계-기북-성법,농협포항시지부행,농협포항시지부행,성법리행,83,67240,120,37,상행,탑정1리,194.4,2026-05-12
771,죽도-기계-기북-성법,농협포항시지부행,농협포항시지부행,성법리행,83,67240,120,38,상행,오덕1리입구,455.5,2026-05-12
771,죽도-기계-기북-성법,농협포항시지부행,농협포항시지부행,성법리행,83,67240,120,39,상행,덕동민속전시관,523.7,2026-05-12
771,죽도-기계-기북-성법,농협포항시지부행,농협포항시지부행,성법리행,83,67240,120,40,상행,성법교회,1480.2,2026-05-12
771,죽도-기계-기북-성법,농협포항시지부행,농협포항시지부행,성법리행,83,67240,120,41,상행,성법리,298.7,2026-05-12
771,죽도-기계-기북-성법,농협포항시지부행,농협포항시지부행,성법리행,83,67240,120,42,하행,성법리,1136.8,2026-05-12
771,죽도-기계-기북-성법,농협포항시지부행,농협포항시지부행,성법리행,83,67240,120,43,하행,성법교회,342.3,2026-05-12
771,죽도-기계-기북-성법,농협포항시지부행,농협포항시지부행,성법리행,83,67240,120,44,하행,덕동민속전시관,1461.6,2026-05-12
771,죽도-기계-기북-성법,농협포항시지부행,농협포항시지부행,성법리행,83,67240,120,45,하행,오덕1리입구,578.4,2026-05-12
771,죽도-기계-기북-성법,농협포항시지부행,농협포항시지부행,성법리행,83,67240,120,46,하행,탑정1리,372.1,2026-05-12
771,죽도-기계-기북-성법,농협포항시지부행,농협포항시지부행,성법리행,83,67240,120,47,하행,탑정1리노인정,229.5,2026-05-12
771,죽도-기계-기북-성법,농협포항시지부행,농협포항시지부행,성법리행,83,67240,120,48,하행,탑정리,258.4,2026-05-12
771,죽도-기계-기북-성법,농협포항시지부행,농협포항시지부행,성법리행,83,67240,120,49,하행,오덕2리,1443.1,2026-05-12
771,죽도-기계-기북-성법,농협포항시지부행,농협포항시지부행,성법리행,83,67240,120,50,하행,율산2리,1194.7,2026-05-12
771,죽도-기계-기북-성법,농협포항시지부행,농협포항시지부행,성법리행,83,67240,120,51,하행,기북합동정류소,416.9,2026-05-12
771,죽도-기계-기북-성법,농협포항시지부행,농협포항시지부행,성법리행,83,67240,120,52,하행,율산1리,453.2,2026-05-12
771,죽도-기계-기북-성법,농협포항시지부행,농협포항시지부행,성법리행,83,67240,120,53,하행,대곡2리,755.6,2026-05-12
771,죽도-기계-기북-성법,농협포항시지부행,농협포항시지부행,성법리행,83,67240,120,54,하행,대곡2리,721.1,2026-05-12
771,죽도-기계-기북-성법,농협포항시지부행,농협포항시지부행,성법리행,83,67240,120,55,하행,대기터,1287.1,2026-05-12
771,죽도-기계-기북-성법,농협포항시지부행,농협포항시지부행,성법리행,83,67240,120,56,하행,인비교,1323.3,2026-05-12
771,죽도-기계-기북-성법,농협포항시지부행,농협포항시지부행,성법리행,83,67240,120,57,하행,지가1리마을회관,862,2026-05-12
771,죽도-기계-기북-성법,농협포항시지부행,농협포항시지부행,성법리행,83,67240,120,58,하행,지가1리,442,2026-05-12
771,죽도-기계-기북-성법,농협포항시지부행,농협포항시지부행,성법리행,83,67240,120,59,하행,지가2리,436.3,2026-05-12
771,죽도-기계-기북-성법,농협포항시지부행,농협포항시지부행,성법리행,83,67240,120,60,하행,지가2리청년회관,766.4,2026-05-12
771,죽도-기계-기북-성법,농협포항시지부행,농협포항시지부행,성법리행,83,67240,120,61,하행,현내2리,1157,2026-05-12
771,죽도-기계-기북-성법,농협포항시지부행,농협포항시지부행,성법리행,83,67240,120,62,하행,경북세무고등학교,268.9,2026-05-12
771,죽도-기계-기북-성법,농협포항시지부행,농협포항시지부행,성법리행,83,67240,120,63,하행,기계초등학교,766.8,2026-05-12
771,죽도-기계-기북-성법,농협포항시지부행,농협포항시지부행,성법리행,83,67240,120,64,하행,서포항농협,287.6,2026-05-12
771,죽도-기계-기북-성법,농협포항시지부행,농협포항시지부행,성법리행,83,67240,120,65,하행,기계환승센터,552.1,2026-05-12
771,죽도-기계-기북-성법,농협포항시지부행,농협포항시지부행,성법리행,83,67240,120,66,하행,내단2리,750,2026-05-12
771,죽도-기계-기북-성법,농협포항시지부행,농협포항시지부행,성법리행,83,67240,120,67,하행,내단1리,1262.1,2026-05-12
771,죽도-기계-기북-성법,농협포항시지부행,농협포항시지부행,성법리행,83,67240,120,68,하행,내단3리,872.2,2026-05-12
771,죽도-기계-기북-성법,농협포항시지부행,농협포항시지부행,성법리행,83,67240,120,69,하행,달성사거리,522.3,2026-05-12
771,죽도-기계-기북-성법,농협포항시지부행,농협포항시지부행,성법리행,83,67240,120,70,하행,단구1리,697.7,2026-05-12
771,죽도-기계-기북-성법,농협포항시지부행,농협포항시지부행,성법리행,83,67240,120,71,하행,삼괴정저수지,1147,2026-05-12
771,죽도-기계-기북-성법,농협포항시지부행,농협포항시지부행,성법리행,83,67240,120,72,하행,다산교차로,2074.2,2026-05-12
771,죽도-기계-기북-성법,농협포항시지부행,농협포항시지부행,성법리행,83,67240,120,73,하행,달전,1489.6,2026-05-12
771,죽도-기계-기북-성법,농협포항시지부행,농협포항시지부행,성법리행,83,67240,120,74,하행,송학,602,2026-05-12
771,죽도-기계-기북-성법,농협포항시지부행,농협포항시지부행,성법리행,83,67240,120,75,하행,대련리입구,2460.6,2026-05-12
771,죽도-기계-기북-성법,농협포항시지부행,농협포항시지부행,성법리행,83,67240,120,76,하행,대련삼거리,465.8,2026-05-12
771,죽도-기계-기북-성법,농협포항시지부행,농협포항시지부행,성법리행,83,67240,120,77,하행,포항제일교회,1721.9,2026-05-12
771,죽도-기계-기북-성법,농협포항시지부행,농협포항시지부행,성법리행,83,67240,120,78,하행,한라맨션 인근,235.5,2026-05-12
771,죽도-기계-기북-성법,농협포항시지부행,농협포항시지부행,성법리행,83,67240,120,79,하행,한라맨션2차,241.9,2026-05-12
771,죽도-기계-기북-성법,농협포항시지부행,농협포항시지부행,성법리행,83,67240,120,80,하행,한라맨션1차,567.9,2026-05-12
771,죽도-기계-기북-성법,농협포항시지부행,농협포항시지부행,성법리행,83,67240,120,81,하행,용흥동행정복지센터,328.1,2026-05-12
771,죽도-기계-기북-성법,농협포항시지부행,농협포항시지부행,성법리행,83,67240,120,82,하행,롯데시네마,690.4,2026-05-12
771,죽도-기계-기북-성법,농협포항시지부행,농협포항시지부행,성법리행,83,67240,120,83,하행,농협포항시지부,521.9,2026-05-12
800,문덕-감포(척사)-도심-문덕,문덕행,문덕행,도심환승센터행,153,95160,176,1,상행,문덕차고지,0,2026-05-12
800,문덕-감포(척사)-도심-문덕,문덕행,문덕행,도심환승센터행,153,95160,176,2,상행,문덕2리,226.7,2026-05-12
800,문덕-감포(척사)-도심-문덕,문덕행,문덕행,도심환승센터행,153,95160,176,3,상행,운전면허시험장,335.5,2026-05-12
800,문덕-감포(척사)-도심-문덕,문덕행,문덕행,도심환승센터행,153,95160,176,4,상행,오천읍민운동장,489.1,2026-05-12
800,문덕-감포(척사)-도심-문덕,문덕행,문덕행,도심환승센터행,153,95160,176,5,상행,문덕마을회관,1222.2,2026-05-12
800,문덕-감포(척사)-도심-문덕,문덕행,문덕행,도심환승센터행,153,95160,176,6,상행,화이트빌라,436.6,2026-05-12
800,문덕-감포(척사)-도심-문덕,문덕행,문덕행,도심환승센터행,153,95160,176,7,상행,문덕교,403.7,2026-05-12
800,문덕-감포(척사)-도심-문덕,문덕행,문덕행,도심환승센터행,153,95160,176,8,상행,오천119안전센터,412.1,2026-05-12
800,문덕-감포(척사)-도심-문덕,문덕행,문덕행,도심환승센터행,153,95160,176,9,상행,오천고등학교,782.5,2026-05-12
800,문덕-감포(척사)-도심-문덕,문덕행,문덕행,도심환승센터행,153,95160,176,10,상행,서문사거리,1070.1,2026-05-12
800,문덕-감포(척사)-도심-문덕,문덕행,문덕행,도심환승센터행,153,95160,176,11,상행,용덕사거리,433.7,2026-05-12
800,문덕-감포(척사)-도심-문덕,문덕행,문덕행,도심환승센터행,153,95160,176,12,상행,오천초등학교,218.8,2026-05-12
800,문덕-감포(척사)-도심-문덕,문덕행,문덕행,도심환승센터행,153,95160,176,13,상행,오천농협세계지점,403.2,2026-05-12
800,문덕-감포(척사)-도심-문덕,문덕행,문덕행,도심환승센터행,153,95160,176,14,상행,오천시장,168.3,2026-05-12
800,문덕-감포(척사)-도심-문덕,문덕행,문덕행,도심환승센터행,153,95160,176,15,상행,신흥중학교,665.9,2026-05-12
800,문덕-감포(척사)-도심-문덕,문덕행,문덕행,도심환승센터행,153,95160,176,16,상행,해병대교육훈련단,556.9,2026-05-12
800,문덕-감포(척사)-도심-문덕,문덕행,문덕행,도심환승센터행,153,95160,176,17,상행,일월문화공원,475.1,2026-05-12
800,문덕-감포(척사)-도심-문덕,문덕행,문덕행,도심환승센터행,153,95160,176,18,상행,세계2리,491.7,2026-05-12
800,문덕-감포(척사)-도심-문덕,문덕행,문덕행,도심환승센터행,153,95160,176,19,상행,장승배기,698.6,2026-05-12
800,문덕-감포(척사)-도심-문덕,문덕행,문덕행,도심환승센터행,153,95160,176,20,상행,정천리,461.4,2026-05-12
800,문덕-감포(척사)-도심-문덕,문덕행,문덕행,도심환승센터행,153,95160,176,21,상행,정천1리,678,2026-05-12
800,문덕-감포(척사)-도심-문덕,문덕행,문덕행,도심환승센터행,153,95160,176,22,상행,하정리,905.2,2026-05-12
800,문덕-감포(척사)-도심-문덕,문덕행,문덕행,도심환승센터행,153,95160,176,23,상행,정천2리,347.1,2026-05-12
800,문덕-감포(척사)-도심-문덕,문덕행,문덕행,도심환승센터행,153,95160,176,24,상행,대곡리,2039,2026-05-12
800,문덕-감포(척사)-도심-문덕,문덕행,문덕행,도심환승센터행,153,95160,176,25,상행,신계리,853.5,2026-05-12
800,문덕-감포(척사)-도심-문덕,문덕행,문덕행,도심환승센터행,153,95160,176,26,상행,창지1리,362.3,2026-05-12
800,문덕-감포(척사)-도심-문덕,문덕행,문덕행,도심환승센터행,153,95160,176,27,상행,창지2리,495.6,2026-05-12
800,문덕-감포(척사)-도심-문덕,문덕행,문덕행,도심환승센터행,153,95160,176,28,상행,학곡리,619.9,2026-05-12
800,문덕-감포(척사)-도심-문덕,문덕행,문덕행,도심환승센터행,153,95160,176,29,상행,금오리,583.1,2026-05-12
800,문덕-감포(척사)-도심-문덕,문덕행,문덕행,도심환승센터행,153,95160,176,30,상행,서촌2리,1678.6,2026-05-12
800,문덕-감포(척사)-도심-문덕,문덕행,문덕행,도심환승센터행,153,95160,176,31,상행,서촌1리,842.6,2026-05-12
800,문덕-감포(척사)-도심-문덕,문덕행,문덕행,도심환승센터행,153,95160,176,32,상행,장기면행정복지센터,630.7,2026-05-12
800,문덕-감포(척사)-도심-문덕,문덕행,문덕행,도심환승센터행,153,95160,176,33,상행,장기교,287.9,2026-05-12
800,문덕-감포(척사)-도심-문덕,문덕행,문덕행,도심환승센터행,153,95160,176,34,상행,장기중학교,210.7,2026-05-12
800,문덕-감포(척사)-도심-문덕,문덕행,문덕행,도심환승센터행,153,95160,176,35,상행,임중리,422.3,2026-05-12
800,문덕-감포(척사)-도심-문덕,문덕행,문덕행,도심환승센터행,153,95160,176,36,상행,수성리딸기직판장,612.9,2026-05-12
800,문덕-감포(척사)-도심-문덕,문덕행,문덕행,도심환승센터행,153,95160,176,37,상행,수성리,793.4,2026-05-12
800,문덕-감포(척사)-도심-문덕,문덕행,문덕행,도심환승센터행,153,95160,176,38,상행,양포초등학교,802.2,2026-05-12
800,문덕-감포(척사)-도심-문덕,문덕행,문덕행,도심환승센터행,153,95160,176,39,상행,양포삼거리,344.2,2026-05-12
800,문덕-감포(척사)-도심-문덕,문덕행,문덕행,도심환승센터행,153,95160,176,40,상행,계원리,1641.6,2026-05-12
800,문덕-감포(척사)-도심-문덕,문덕행,문덕행,도심환승센터행,153,95160,176,41,상행,손재림박물관,276.9,2026-05-12
800,문덕-감포(척사)-도심-문덕,문덕행,문덕행,도심환승센터행,153,95160,176,42,상행,계원2리,1083.6,2026-05-12
800,문덕-감포(척사)-도심-문덕,문덕행,문덕행,도심환승센터행,153,95160,176,43,상행,두원리입구,1948.9,2026-05-12
800,문덕-감포(척사)-도심-문덕,문덕행,문덕행,도심환승센터행,153,95160,176,44,상행,두원리,391.7,2026-05-12
800,문덕-감포(척사)-도심-문덕,문덕행,문덕행,도심환승센터행,153,95160,176,45,상행,오류4리,486.7,2026-05-12
800,문덕-감포(척사)-도심-문덕,문덕행,문덕행,도심환승센터행,153,95160,176,46,상행,모곡마을,1622.4,2026-05-12
800,문덕-감포(척사)-도심-문덕,문덕행,문덕행,도심환승센터행,153,95160,176,47,상행,오류해수욕장,609.2,2026-05-12
800,문덕-감포(척사)-도심-문덕,문덕행,문덕행,도심환승센터행,153,95160,176,48,상행,척사,756.3,2026-05-12
800,문덕-감포(척사)-도심-문덕,문덕행,문덕행,도심환승센터행,153,95160,176,49,상행,감포중학교,1106.3,2026-05-12
800,문덕-감포(척사)-도심-문덕,문덕행,문덕행,도심환승센터행,153,95160,176,50,상행,감포초등학교,620,2026-05-12
800,문덕-감포(척사)-도심-문덕,문덕행,문덕행,도심환승센터행,153,95160,176,51,상행,감포항,394.4,2026-05-12
800,문덕-감포(척사)-도심-문덕,문덕행,문덕행,도심환승센터행,153,95160,176,52,상행,감포항,60.5,2026-05-12
800,문덕-감포(척사)-도심-문덕,문덕행,문덕행,도심환승센터행,153,95160,176,53,상행,감포초등학교,374.7,2026-05-12
800,문덕-감포(척사)-도심-문덕,문덕행,문덕행,도심환승센터행,153,95160,176,54,상행,감포중학교,606.9,2026-05-12
800,문덕-감포(척사)-도심-문덕,문덕행,문덕행,도심환승센터행,153,95160,176,55,상행,감포가나안슈퍼,171.1,2026-05-12
800,문덕-감포(척사)-도심-문덕,문덕행,문덕행,도심환승센터행,153,95160,176,56,상행,감포매일슈퍼,529.1,2026-05-12
800,문덕-감포(척사)-도심-문덕,문덕행,문덕행,도심환승센터행,153,95160,176,57,상행,척사,420.6,2026-05-12
800,문덕-감포(척사)-도심-문덕,문덕행,문덕행,도심환승센터행,153,95160,176,58,상행,오류해수욕장,755.8,2026-05-12
800,문덕-감포(척사)-도심-문덕,문덕행,문덕행,도심환승센터행,153,95160,176,59,상행,모곡마을,617.7,2026-05-12
800,문덕-감포(척사)-도심-문덕,문덕행,문덕행,도심환승센터행,153,95160,176,60,상행,오류4리,1612.2,2026-05-12
800,문덕-감포(척사)-도심-문덕,문덕행,문덕행,도심환승센터행,153,95160,176,61,상행,두원리,447.2,2026-05-12
800,문덕-감포(척사)-도심-문덕,문덕행,문덕행,도심환승센터행,153,95160,176,62,상행,두원리입구,407.2,2026-05-12
800,문덕-감포(척사)-도심-문덕,문덕행,문덕행,도심환승센터행,153,95160,176,63,상행,계원2리,1936,2026-05-12
800,문덕-감포(척사)-도심-문덕,문덕행,문덕행,도심환승센터행,153,95160,176,64,상행,손재림박물관,1116.1,2026-05-12
800,문덕-감포(척사)-도심-문덕,문덕행,문덕행,도심환승센터행,153,95160,176,65,상행,계원리,271.1,2026-05-12
800,문덕-감포(척사)-도심-문덕,문덕행,문덕행,도심환승센터행,153,95160,176,66,상행,양포삼거리,1605.6,2026-05-12
800,문덕-감포(척사)-도심-문덕,문덕행,문덕행,도심환승센터행,153,95160,176,67,상행,양포초등학교,367,2026-05-12
800,문덕-감포(척사)-도심-문덕,문덕행,문덕행,도심환승센터행,153,95160,176,68,상행,수성리,766.7,2026-05-12
800,문덕-감포(척사)-도심-문덕,문덕행,문덕행,도심환승센터행,153,95160,176,69,상행,수성리딸기직판장,764.1,2026-05-12
800,문덕-감포(척사)-도심-문덕,문덕행,문덕행,도심환승센터행,153,95160,176,70,상행,임중리,643.9,2026-05-12
800,문덕-감포(척사)-도심-문덕,문덕행,문덕행,도심환승센터행,153,95160,176,71,상행,장기중학교,387.9,2026-05-12
800,문덕-감포(척사)-도심-문덕,문덕행,문덕행,도심환승센터행,153,95160,176,72,상행,장기교,244.2,2026-05-12
800,문덕-감포(척사)-도심-문덕,문덕행,문덕행,도심환승센터행,153,95160,176,73,상행,장기파출소,146.2,2026-05-12
800,문덕-감포(척사)-도심-문덕,문덕행,문덕행,도심환승센터행,153,95160,176,74,상행,장기면행정복지센터,157,2026-05-12
800,문덕-감포(척사)-도심-문덕,문덕행,문덕행,도심환승센터행,153,95160,176,75,상행,서촌1리,683,2026-05-12
800,문덕-감포(척사)-도심-문덕,문덕행,문덕행,도심환승센터행,153,95160,176,76,상행,서촌2리,674.8,2026-05-12
800,문덕-감포(척사)-도심-문덕,문덕행,문덕행,도심환승센터행,153,95160,176,77,상행,금오리,1730.2,2026-05-12
800,문덕-감포(척사)-도심-문덕,문덕행,문덕행,도심환승센터행,153,95160,176,78,상행,학곡리,668.2,2026-05-12
800,문덕-감포(척사)-도심-문덕,문덕행,문덕행,도심환승센터행,153,95160,176,79,상행,창지2리,589.9,2026-05-12
800,문덕-감포(척사)-도심-문덕,문덕행,문덕행,도심환승센터행,153,95160,176,80,상행,창지1리,474.6,2026-05-12
800,문덕-감포(척사)-도심-문덕,문덕행,문덕행,도심환승센터행,153,95160,176,81,상행,신계리,379.3,2026-05-12
800,문덕-감포(척사)-도심-문덕,문덕행,문덕행,도심환승센터행,153,95160,176,82,상행,대곡리,874.4,2026-05-12
800,문덕-감포(척사)-도심-문덕,문덕행,문덕행,도심환승센터행,153,95160,176,83,상행,정천2리,2035.2,2026-05-12
800,문덕-감포(척사)-도심-문덕,문덕행,문덕행,도심환승센터행,153,95160,176,84,상행,하정리,469.6,2026-05-12
800,문덕-감포(척사)-도심-문덕,문덕행,문덕행,도심환승센터행,153,95160,176,85,상행,정천1리,929.4,2026-05-12
800,문덕-감포(척사)-도심-문덕,문덕행,문덕행,도심환승센터행,153,95160,176,86,상행,정천리,773,2026-05-12
800,문덕-감포(척사)-도심-문덕,문덕행,문덕행,도심환승센터행,153,95160,176,87,상행,장승배기,249.4,2026-05-12
800,문덕-감포(척사)-도심-문덕,문덕행,문덕행,도심환승센터행,153,95160,176,88,상행,세계2리,612.2,2026-05-12
800,문덕-감포(척사)-도심-문덕,문덕행,문덕행,도심환승센터행,153,95160,176,89,상행,일월문화공원,500.9,2026-05-12
800,문덕-감포(척사)-도심-문덕,문덕행,문덕행,도심환승센터행,153,95160,176,90,상행,해병대교육훈련단,565,2026-05-12
800,문덕-감포(척사)-도심-문덕,문덕행,문덕행,도심환승센터행,153,95160,176,91,상행,신흥중학교,507.9,2026-05-12
800,문덕-감포(척사)-도심-문덕,문덕행,문덕행,도심환승센터행,153,95160,176,92,상행,오천시장,610.3,2026-05-12
800,문덕-감포(척사)-도심-문덕,문덕행,문덕행,도심환승센터행,153,95160,176,93,상행,오천농협세계지점,147.4,2026-05-12
800,문덕-감포(척사)-도심-문덕,문덕행,문덕행,도심환승센터행,153,95160,176,94,상행,오천초등학교,307.4,2026-05-12
800,문덕-감포(척사)-도심-문덕,문덕행,문덕행,도심환승센터행,153,95160,176,95,상행,용덕사거리,303.7,2026-05-12
800,문덕-감포(척사)-도심-문덕,문덕행,문덕행,도심환승센터행,153,95160,176,96,상행,서문사거리,484.9,2026-05-12
800,문덕-감포(척사)-도심-문덕,문덕행,문덕행,도심환승센터행,153,95160,176,97,상행,오천고등학교,1111.9,2026-05-12
800,문덕-감포(척사)-도심-문덕,문덕행,문덕행,도심환승센터행,153,95160,176,98,상행,문덕온천,1136.4,2026-05-12
800,문덕-감포(척사)-도심-문덕,문덕행,문덕행,도심환승센터행,153,95160,176,99,상행,문덕사거리,235,2026-05-12
800,문덕-감포(척사)-도심-문덕,문덕행,문덕행,도심환승센터행,153,95160,176,100,상행,준양참마을,330.2,2026-05-12
800,문덕-감포(척사)-도심-문덕,문덕행,문덕행,도심환승센터행,153,95160,176,101,상행,한일철강,1508.2,2026-05-12
800,문덕-감포(척사)-도심-문덕,문덕행,문덕행,도심환승센터행,153,95160,176,102,상행,현대성우캐스팅,631.6,2026-05-12
800,문덕-감포(척사)-도심-문덕,문덕행,문덕행,도심환승센터행,153,95160,176,103,상행,호동근로자종합복지관,623.4,2026-05-12
800,문덕-감포(척사)-도심-문덕,문덕행,문덕행,도심환승센터행,153,95160,176,104,상행,공단정수장,580.5,2026-05-12
800,문덕-감포(척사)-도심-문덕,문덕행,문덕행,도심환승센터행,153,95160,176,105,상행,포항변전소,838.7,2026-05-12
800,문덕-감포(척사)-도심-문덕,문덕행,문덕행,도심환승센터행,153,95160,176,106,상행,동국에스엔씨,710.6,2026-05-12
800,문덕-감포(척사)-도심-문덕,문덕행,문덕행,도심환승센터행,153,95160,176,107,상행,삼일,328.8,2026-05-12
800,문덕-감포(척사)-도심-문덕,문덕행,문덕행,도심환승센터행,153,95160,176,108,상행,동부제강,521.5,2026-05-12
800,문덕-감포(척사)-도심-문덕,문덕행,문덕행,도심환승센터행,153,95160,176,109,상행,포스코건설,513.7,2026-05-12
800,문덕-감포(척사)-도심-문덕,문덕행,문덕행,도심환승센터행,153,95160,176,110,상행,포스코강판,452.9,2026-05-12
800,문덕-감포(척사)-도심-문덕,문덕행,문덕행,도심환승센터행,153,95160,176,111,상행,단지주유소,629,2026-05-12
800,문덕-감포(척사)-도심-문덕,문덕행,문덕행,도심환승센터행,153,95160,176,112,상행,현대제철,453.2,2026-05-12
800,문덕-감포(척사)-도심-문덕,문덕행,문덕행,도심환승센터행,153,95160,176,113,상행,형산로터리,995.1,2026-05-12
800,문덕-감포(척사)-도심-문덕,문덕행,문덕행,도심환승센터행,153,95160,176,114,상행,장애인생산품판매시설,184.7,2026-05-12
800,문덕-감포(척사)-도심-문덕,문덕행,문덕행,도심환승센터행,153,95160,176,115,상행,대해시장,379.5,2026-05-12
800,문덕-감포(척사)-도심-문덕,문덕행,문덕행,도심환승센터행,153,95160,176,116,상행,해도119안전센터,495.2,2026-05-12
800,문덕-감포(척사)-도심-문덕,문덕행,문덕행,도심환승센터행,153,95160,176,117,상행,고속버스터미널,437.6,2026-05-12
800,문덕-감포(척사)-도심-문덕,문덕행,문덕행,도심환승센터행,153,95160,176,118,상행,농협포항시지부,905.7,2026-05-12
800,문덕-감포(척사)-도심-문덕,문덕행,문덕행,도심환승센터행,153,95160,176,119,상행,롯데시네마,471.8,2026-05-12
800,문덕-감포(척사)-도심-문덕,문덕행,문덕행,도심환승센터행,153,95160,176,120,상행,서산사거리,268,2026-05-12
800,문덕-감포(척사)-도심-문덕,문덕행,문덕행,도심환승센터행,153,95160,176,121,하행,도심환승센터,433.8,2026-05-12
800,문덕-감포(척사)-도심-문덕,문덕행,문덕행,도심환승센터행,153,95160,176,122,하행,서산사거리,476.6,2026-05-12
800,문덕-감포(척사)-도심-문덕,문덕행,문덕행,도심환승센터행,153,95160,176,123,하행,롯데시네마,334.2,2026-05-12
800,문덕-감포(척사)-도심-문덕,문덕행,문덕행,도심환승센터행,153,95160,176,124,하행,농협포항시지부,521.9,2026-05-12
800,문덕-감포(척사)-도심-문덕,문덕행,문덕행,도심환승센터행,153,95160,176,125,하행,오거리,381.5,2026-05-12
800,문덕-감포(척사)-도심-문덕,문덕행,문덕행,도심환승센터행,153,95160,176,126,하행,고속버스터미널,317.7,2026-05-12
800,문덕-감포(척사)-도심-문덕,문덕행,문덕행,도심환승센터행,153,95160,176,127,하행,해도119안전센터,571,2026-05-12
800,문덕-감포(척사)-도심-문덕,문덕행,문덕행,도심환승센터행,153,95160,176,128,하행,대해시장,423.9,2026-05-12
800,문덕-감포(척사)-도심-문덕,문덕행,문덕행,도심환승센터행,153,95160,176,129,하행,장애인생산품판매시설,417.9,2026-05-12
800,문덕-감포(척사)-도심-문덕,문덕행,문덕행,도심환승센터행,153,95160,176,130,하행,형산로타리,292,2026-05-12
800,문덕-감포(척사)-도심-문덕,문덕행,문덕행,도심환승센터행,153,95160,176,131,하행,현대제철,976.3,2026-05-12
800,문덕-감포(척사)-도심-문덕,문덕행,문덕행,도심환승센터행,153,95160,176,132,하행,단지주유소,480.6,2026-05-12
800,문덕-감포(척사)-도심-문덕,문덕행,문덕행,도심환승센터행,153,95160,176,133,하행,포스코강판,509,2026-05-12
800,문덕-감포(척사)-도심-문덕,문덕행,문덕행,도심환승센터행,153,95160,176,134,하행,포스코건설,575.9,2026-05-12
800,문덕-감포(척사)-도심-문덕,문덕행,문덕행,도심환승센터행,153,95160,176,135,하행,동부제강,455.4,2026-05-12
800,문덕-감포(척사)-도심-문덕,문덕행,문덕행,도심환승센터행,153,95160,176,136,하행,삼일,547.4,2026-05-12
800,문덕-감포(척사)-도심-문덕,문덕행,문덕행,도심환승센터행,153,95160,176,137,하행,동국에스엔씨,259.8,2026-05-12
800,문덕-감포(척사)-도심-문덕,문덕행,문덕행,도심환승센터행,153,95160,176,138,하행,신한은행공단출장소,393.5,2026-05-12
800,문덕-감포(척사)-도심-문덕,문덕행,문덕행,도심환승센터행,153,95160,176,139,하행,포항변전소,409.2,2026-05-12
800,문덕-감포(척사)-도심-문덕,문덕행,문덕행,도심환승센터행,153,95160,176,140,하행,공단정수장,782.4,2026-05-12
800,문덕-감포(척사)-도심-문덕,문덕행,문덕행,도심환승센터행,153,95160,176,141,하행,호동근로자종합복지관,603.1,2026-05-12
800,문덕-감포(척사)-도심-문덕,문덕행,문덕행,도심환승센터행,153,95160,176,142,하행,현대성우캐스팅,606.6,2026-05-12
800,문덕-감포(척사)-도심-문덕,문덕행,문덕행,도심환승센터행,153,95160,176,143,하행,한일철강,622.4,2026-05-12
800,문덕-감포(척사)-도심-문덕,문덕행,문덕행,도심환승센터행,153,95160,176,144,하행,준양참마을,1574.2,2026-05-12
800,문덕-감포(척사)-도심-문덕,문덕행,문덕행,도심환승센터행,153,95160,176,145,하행,문덕사거리,309.1,2026-05-12
800,문덕-감포(척사)-도심-문덕,문덕행,문덕행,도심환승센터행,153,95160,176,146,하행,문덕온천,283.6,2026-05-12
800,문덕-감포(척사)-도심-문덕,문덕행,문덕행,도심환승센터행,153,95160,176,147,하행,문덕교,240.9,2026-05-12
800,문덕-감포(척사)-도심-문덕,문덕행,문덕행,도심환승센터행,153,95160,176,148,하행,화이트빌라,376.6,2026-05-12
800,문덕-감포(척사)-도심-문덕,문덕행,문덕행,도심환승센터행,153,95160,176,149,하행,문덕마을회관,437,2026-05-12
800,문덕-감포(척사)-도심-문덕,문덕행,문덕행,도심환승센터행,153,95160,176,150,하행,오천읍민운동장,1251.8,2026-05-12
800,문덕-감포(척사)-도심-문덕,문덕행,문덕행,도심환승센터행,153,95160,176,151,하행,운전면허시험장,458.9,2026-05-12
800,문덕-감포(척사)-도심-문덕,문덕행,문덕행,도심환승센터행,153,95160,176,152,하행,문덕2리,364.7,2026-05-12
800,문덕-감포(척사)-도심-문덕,문덕행,문덕행,도심환승센터행,153,95160,176,153,하행,문덕차고지,215.9,2026-05-12
800,문덕-감포(척사)-폴리텍-도심,문덕행,도심환승센터행,,119,79904,120,1,상행,문덕차고지,0,2026-05-12
800,문덕-감포(척사)-폴리텍-도심,문덕행,도심환승센터행,,119,79904,120,2,상행,문덕2리,226.7,2026-05-12
800,문덕-감포(척사)-폴리텍-도심,문덕행,도심환승센터행,,119,79904,120,3,상행,운전면허시험장,335.5,2026-05-12
800,문덕-감포(척사)-폴리텍-도심,문덕행,도심환승센터행,,119,79904,120,4,상행,오천읍민운동장,489.1,2026-05-12
800,문덕-감포(척사)-폴리텍-도심,문덕행,도심환승센터행,,119,79904,120,5,상행,문덕마을회관,1222.2,2026-05-12
800,문덕-감포(척사)-폴리텍-도심,문덕행,도심환승센터행,,119,79904,120,6,상행,화이트빌라,436.6,2026-05-12
800,문덕-감포(척사)-폴리텍-도심,문덕행,도심환승센터행,,119,79904,120,7,상행,문덕교,403.7,2026-05-12
800,문덕-감포(척사)-폴리텍-도심,문덕행,도심환승센터행,,119,79904,120,8,상행,오천119안전센터,412.1,2026-05-12
800,문덕-감포(척사)-폴리텍-도심,문덕행,도심환승센터행,,119,79904,120,9,상행,오천고등학교,782.5,2026-05-12
800,문덕-감포(척사)-폴리텍-도심,문덕행,도심환승센터행,,119,79904,120,10,상행,서문사거리,1070.1,2026-05-12
800,문덕-감포(척사)-폴리텍-도심,문덕행,도심환승센터행,,119,79904,120,11,상행,용덕사거리,433.7,2026-05-12
800,문덕-감포(척사)-폴리텍-도심,문덕행,도심환승센터행,,119,79904,120,12,상행,오천초등학교,218.8,2026-05-12
800,문덕-감포(척사)-폴리텍-도심,문덕행,도심환승센터행,,119,79904,120,13,상행,오천농협세계지점,403.2,2026-05-12
800,문덕-감포(척사)-폴리텍-도심,문덕행,도심환승센터행,,119,79904,120,14,상행,오천시장,168.3,2026-05-12
800,문덕-감포(척사)-폴리텍-도심,문덕행,도심환승센터행,,119,79904,120,15,상행,신흥중학교,665.9,2026-05-12
800,문덕-감포(척사)-폴리텍-도심,문덕행,도심환승센터행,,119,79904,120,16,상행,해병대교육훈련단,556.9,2026-05-12
800,문덕-감포(척사)-폴리텍-도심,문덕행,도심환승센터행,,119,79904,120,17,상행,일월문화공원,475.1,2026-05-12
800,문덕-감포(척사)-폴리텍-도심,문덕행,도심환승센터행,,119,79904,120,18,상행,세계2리,491.7,2026-05-12
800,문덕-감포(척사)-폴리텍-도심,문덕행,도심환승센터행,,119,79904,120,19,상행,장승배기,698.6,2026-05-12
800,문덕-감포(척사)-폴리텍-도심,문덕행,도심환승센터행,,119,79904,120,20,상행,정천리,461.4,2026-05-12
800,문덕-감포(척사)-폴리텍-도심,문덕행,도심환승센터행,,119,79904,120,21,상행,정천1리,678,2026-05-12
800,문덕-감포(척사)-폴리텍-도심,문덕행,도심환승센터행,,119,79904,120,22,상행,하정리,905.2,2026-05-12
800,문덕-감포(척사)-폴리텍-도심,문덕행,도심환승센터행,,119,79904,120,23,상행,정천2리,347.1,2026-05-12
800,문덕-감포(척사)-폴리텍-도심,문덕행,도심환승센터행,,119,79904,120,24,상행,대곡리,2039,2026-05-12
800,문덕-감포(척사)-폴리텍-도심,문덕행,도심환승센터행,,119,79904,120,25,상행,신계리,853.5,2026-05-12
800,문덕-감포(척사)-폴리텍-도심,문덕행,도심환승센터행,,119,79904,120,26,상행,창지1리,362.3,2026-05-12
800,문덕-감포(척사)-폴리텍-도심,문덕행,도심환승센터행,,119,79904,120,27,상행,창지2리,495.6,2026-05-12
800,문덕-감포(척사)-폴리텍-도심,문덕행,도심환승센터행,,119,79904,120,28,상행,학곡리,619.9,2026-05-12
800,문덕-감포(척사)-폴리텍-도심,문덕행,도심환승센터행,,119,79904,120,29,상행,금오리,583.1,2026-05-12
800,문덕-감포(척사)-폴리텍-도심,문덕행,도심환승센터행,,119,79904,120,30,상행,서촌2리,1678.6,2026-05-12
800,문덕-감포(척사)-폴리텍-도심,문덕행,도심환승센터행,,119,79904,120,31,상행,서촌1리,842.6,2026-05-12
800,문덕-감포(척사)-폴리텍-도심,문덕행,도심환승센터행,,119,79904,120,32,상행,장기면행정복지센터,630.7,2026-05-12
800,문덕-감포(척사)-폴리텍-도심,문덕행,도심환승센터행,,119,79904,120,33,상행,장기교,287.9,2026-05-12
800,문덕-감포(척사)-폴리텍-도심,문덕행,도심환승센터행,,119,79904,120,34,상행,장기중학교,210.7,2026-05-12
800,문덕-감포(척사)-폴리텍-도심,문덕행,도심환승센터행,,119,79904,120,35,상행,임중리,422.3,2026-05-12
800,문덕-감포(척사)-폴리텍-도심,문덕행,도심환승센터행,,119,79904,120,36,상행,수성리딸기직판장,612.9,2026-05-12
800,문덕-감포(척사)-폴리텍-도심,문덕행,도심환승센터행,,119,79904,120,37,상행,수성리,793.4,2026-05-12
800,문덕-감포(척사)-폴리텍-도심,문덕행,도심환승센터행,,119,79904,120,38,상행,양포초등학교,802.2,2026-05-12
800,문덕-감포(척사)-폴리텍-도심,문덕행,도심환승센터행,,119,79904,120,39,상행,양포삼거리,344.2,2026-05-12
800,문덕-감포(척사)-폴리텍-도심,문덕행,도심환승센터행,,119,79904,120,40,상행,계원리,1641.6,2026-05-12
800,문덕-감포(척사)-폴리텍-도심,문덕행,도심환승센터행,,119,79904,120,41,상행,손재림박물관,276.9,2026-05-12
800,문덕-감포(척사)-폴리텍-도심,문덕행,도심환승센터행,,119,79904,120,42,상행,계원2리,1083.6,2026-05-12
800,문덕-감포(척사)-폴리텍-도심,문덕행,도심환승센터행,,119,79904,120,43,상행,두원리입구,1948.9,2026-05-12
800,문덕-감포(척사)-폴리텍-도심,문덕행,도심환승센터행,,119,79904,120,44,상행,두원리,391.7,2026-05-12
800,문덕-감포(척사)-폴리텍-도심,문덕행,도심환승센터행,,119,79904,120,45,상행,오류4리,486.7,2026-05-12
800,문덕-감포(척사)-폴리텍-도심,문덕행,도심환승센터행,,119,79904,120,46,상행,모곡마을,1622.4,2026-05-12
800,문덕-감포(척사)-폴리텍-도심,문덕행,도심환승센터행,,119,79904,120,47,상행,오류해수욕장,609.2,2026-05-12
800,문덕-감포(척사)-폴리텍-도심,문덕행,도심환승센터행,,119,79904,120,48,상행,척사,756.3,2026-05-12
800,문덕-감포(척사)-폴리텍-도심,문덕행,도심환승센터행,,119,79904,120,49,상행,감포중학교,1106.3,2026-05-12
800,문덕-감포(척사)-폴리텍-도심,문덕행,도심환승센터행,,119,79904,120,50,상행,감포초등학교,620,2026-05-12
800,문덕-감포(척사)-폴리텍-도심,문덕행,도심환승센터행,,119,79904,120,51,상행,감포항,394.4,2026-05-12
800,문덕-감포(척사)-폴리텍-도심,문덕행,도심환승센터행,,119,79904,120,52,상행,감포항,60.5,2026-05-12
800,문덕-감포(척사)-폴리텍-도심,문덕행,도심환승센터행,,119,79904,120,53,상행,감포초등학교,374.7,2026-05-12
800,문덕-감포(척사)-폴리텍-도심,문덕행,도심환승센터행,,119,79904,120,54,상행,감포중학교,606.9,2026-05-12
800,문덕-감포(척사)-폴리텍-도심,문덕행,도심환승센터행,,119,79904,120,55,상행,감포가나안슈퍼,171.1,2026-05-12
800,문덕-감포(척사)-폴리텍-도심,문덕행,도심환승센터행,,119,79904,120,56,상행,감포매일슈퍼,529.1,2026-05-12
800,문덕-감포(척사)-폴리텍-도심,문덕행,도심환승센터행,,119,79904,120,57,상행,척사,420.6,2026-05-12
800,문덕-감포(척사)-폴리텍-도심,문덕행,도심환승센터행,,119,79904,120,58,상행,오류해수욕장,755.8,2026-05-12
800,문덕-감포(척사)-폴리텍-도심,문덕행,도심환승센터행,,119,79904,120,59,상행,모곡마을,617.7,2026-05-12
800,문덕-감포(척사)-폴리텍-도심,문덕행,도심환승센터행,,119,79904,120,60,상행,오류4리,1612.2,2026-05-12
800,문덕-감포(척사)-폴리텍-도심,문덕행,도심환승센터행,,119,79904,120,61,상행,두원리,447.2,2026-05-12
800,문덕-감포(척사)-폴리텍-도심,문덕행,도심환승센터행,,119,79904,120,62,상행,두원리입구,407.2,2026-05-12
800,문덕-감포(척사)-폴리텍-도심,문덕행,도심환승센터행,,119,79904,120,63,상행,계원2리,1936,2026-05-12
800,문덕-감포(척사)-폴리텍-도심,문덕행,도심환승센터행,,119,79904,120,64,상행,손재림박물관,1116.1,2026-05-12
800,문덕-감포(척사)-폴리텍-도심,문덕행,도심환승센터행,,119,79904,120,65,상행,계원리,271.1,2026-05-12
800,문덕-감포(척사)-폴리텍-도심,문덕행,도심환승센터행,,119,79904,120,66,상행,양포삼거리,1605.6,2026-05-12
800,문덕-감포(척사)-폴리텍-도심,문덕행,도심환승센터행,,119,79904,120,67,상행,양포초등학교,367,2026-05-12
800,문덕-감포(척사)-폴리텍-도심,문덕행,도심환승센터행,,119,79904,120,68,상행,수성리,766.7,2026-05-12
800,문덕-감포(척사)-폴리텍-도심,문덕행,도심환승센터행,,119,79904,120,69,상행,수성리딸기직판장,764.1,2026-05-12
800,문덕-감포(척사)-폴리텍-도심,문덕행,도심환승센터행,,119,79904,120,70,상행,임중리,643.9,2026-05-12
800,문덕-감포(척사)-폴리텍-도심,문덕행,도심환승센터행,,119,79904,120,71,상행,장기중학교,387.9,2026-05-12
800,문덕-감포(척사)-폴리텍-도심,문덕행,도심환승센터행,,119,79904,120,72,상행,장기교,244.2,2026-05-12
800,문덕-감포(척사)-폴리텍-도심,문덕행,도심환승센터행,,119,79904,120,73,상행,장기파출소,146.2,2026-05-12
800,문덕-감포(척사)-폴리텍-도심,문덕행,도심환승센터행,,119,79904,120,74,상행,장기면행정복지센터,157,2026-05-12
800,문덕-감포(척사)-폴리텍-도심,문덕행,도심환승센터행,,119,79904,120,75,상행,서촌1리,683,2026-05-12
800,문덕-감포(척사)-폴리텍-도심,문덕행,도심환승센터행,,119,79904,120,76,상행,서촌2리,674.8,2026-05-12
800,문덕-감포(척사)-폴리텍-도심,문덕행,도심환승센터행,,119,79904,120,77,상행,금오리,1730.2,2026-05-12
800,문덕-감포(척사)-폴리텍-도심,문덕행,도심환승센터행,,119,79904,120,78,상행,학곡리,668.2,2026-05-12
800,문덕-감포(척사)-폴리텍-도심,문덕행,도심환승센터행,,119,79904,120,79,상행,창지2리,589.9,2026-05-12
800,문덕-감포(척사)-폴리텍-도심,문덕행,도심환승센터행,,119,79904,120,80,상행,창지1리,474.6,2026-05-12
800,문덕-감포(척사)-폴리텍-도심,문덕행,도심환승센터행,,119,79904,120,81,상행,신계리,379.3,2026-05-12
800,문덕-감포(척사)-폴리텍-도심,문덕행,도심환승센터행,,119,79904,120,82,상행,대곡리,874.4,2026-05-12
800,문덕-감포(척사)-폴리텍-도심,문덕행,도심환승센터행,,119,79904,120,83,상행,정천2리,2035.2,2026-05-12
800,문덕-감포(척사)-폴리텍-도심,문덕행,도심환승센터행,,119,79904,120,84,상행,하정리,469.6,2026-05-12
800,문덕-감포(척사)-폴리텍-도심,문덕행,도심환승센터행,,119,79904,120,85,상행,정천1리,929.4,2026-05-12
800,문덕-감포(척사)-폴리텍-도심,문덕행,도심환승센터행,,119,79904,120,86,상행,정천리,773,2026-05-12
800,문덕-감포(척사)-폴리텍-도심,문덕행,도심환승센터행,,119,79904,120,87,상행,장승배기,249.4,2026-05-12
800,문덕-감포(척사)-폴리텍-도심,문덕행,도심환승센터행,,119,79904,120,88,상행,세계2리,612.2,2026-05-12
800,문덕-감포(척사)-폴리텍-도심,문덕행,도심환승센터행,,119,79904,120,89,상행,일월문화공원,500.9,2026-05-12
800,문덕-감포(척사)-폴리텍-도심,문덕행,도심환승센터행,,119,79904,120,90,상행,해병대교육훈련단,565,2026-05-12
800,문덕-감포(척사)-폴리텍-도심,문덕행,도심환승센터행,,119,79904,120,91,상행,신흥중학교,507.9,2026-05-12
800,문덕-감포(척사)-폴리텍-도심,문덕행,도심환승센터행,,119,79904,120,92,상행,오천시장,610.3,2026-05-12
800,문덕-감포(척사)-폴리텍-도심,문덕행,도심환승센터행,,119,79904,120,93,상행,오천농협세계지점,147.4,2026-05-12
800,문덕-감포(척사)-폴리텍-도심,문덕행,도심환승센터행,,119,79904,120,94,상행,오천초등학교,307.4,2026-05-12
800,문덕-감포(척사)-폴리텍-도심,문덕행,도심환승센터행,,119,79904,120,95,상행,용덕사거리,303.7,2026-05-12
800,문덕-감포(척사)-폴리텍-도심,문덕행,도심환승센터행,,119,79904,120,96,상행,서문사거리,484.9,2026-05-12
800,문덕-감포(척사)-폴리텍-도심,문덕행,도심환승센터행,,119,79904,120,97,상행,오천고등학교,1111.9,2026-05-12
800,문덕-감포(척사)-폴리텍-도심,문덕행,도심환승센터행,,119,79904,120,98,상행,문덕온천,1136.4,2026-05-12
800,문덕-감포(척사)-폴리텍-도심,문덕행,도심환승센터행,,119,79904,120,99,상행,문덕사거리,235,2026-05-12
800,문덕-감포(척사)-폴리텍-도심,문덕행,도심환승센터행,,119,79904,120,100,상행,준양참마을,330.2,2026-05-12
800,문덕-감포(척사)-폴리텍-도심,문덕행,도심환승센터행,,119,79904,120,101,상행,한일철강,1508.2,2026-05-12
800,문덕-감포(척사)-폴리텍-도심,문덕행,도심환승센터행,,119,79904,120,102,상행,현대성우캐스팅,631.6,2026-05-12
800,문덕-감포(척사)-폴리텍-도심,문덕행,도심환승센터행,,119,79904,120,103,상행,호동근로자종합복지관,623.4,2026-05-12
800,문덕-감포(척사)-폴리텍-도심,문덕행,도심환승센터행,,119,79904,120,104,상행,한국폴리텍대학,1802.8,2026-05-12
800,문덕-감포(척사)-폴리텍-도심,문덕행,도심환승센터행,,119,79904,120,105,상행,삼일,1926.4,2026-05-12
800,문덕-감포(척사)-폴리텍-도심,문덕행,도심환승센터행,,119,79904,120,106,상행,동부제강,521.5,2026-05-12
800,문덕-감포(척사)-폴리텍-도심,문덕행,도심환승센터행,,119,79904,120,107,상행,포스코건설,513.7,2026-05-12
800,문덕-감포(척사)-폴리텍-도심,문덕행,도심환승센터행,,119,79904,120,108,상행,포스코강판,452.9,2026-05-12
800,문덕-감포(척사)-폴리텍-도심,문덕행,도심환승센터행,,119,79904,120,109,상행,단지주유소,629,2026-05-12
800,문덕-감포(척사)-폴리텍-도심,문덕행,도심환승센터행,,119,79904,120,110,상행,현대제철,453.2,2026-05-12
800,문덕-감포(척사)-폴리텍-도심,문덕행,도심환승센터행,,119,79904,120,111,상행,형산로터리,995.1,2026-05-12
800,문덕-감포(척사)-폴리텍-도심,문덕행,도심환승센터행,,119,79904,120,112,상행,장애인생산품판매시설,184.7,2026-05-12
800,문덕-감포(척사)-폴리텍-도심,문덕행,도심환승센터행,,119,79904,120,113,상행,대해시장,379.5,2026-05-12
800,문덕-감포(척사)-폴리텍-도심,문덕행,도심환승센터행,,119,79904,120,114,상행,해도119안전센터,495.2,2026-05-12
800,문덕-감포(척사)-폴리텍-도심,문덕행,도심환승센터행,,119,79904,120,115,상행,고속버스터미널,437.6,2026-05-12
800,문덕-감포(척사)-폴리텍-도심,문덕행,도심환승센터행,,119,79904,120,116,상행,농협포항시지부,905.7,2026-05-12
800,문덕-감포(척사)-폴리텍-도심,문덕행,도심환승센터행,,119,79904,120,117,상행,롯데시네마,471.8,2026-05-12
800,문덕-감포(척사)-폴리텍-도심,문덕행,도심환승센터행,,119,79904,120,118,상행,서산사거리,268,2026-05-12
800,문덕-감포(척사)-폴리텍-도심,문덕행,도심환승센터행,,119,79904,120,119,상행,도심환승센터,433.8,2026-05-12
800,문덕-감포-도심-문덕(기본),문덕행,문덕행,도심환승센터행,150,94357,176,1,상행,문덕차고지,0,2026-05-12
800,문덕-감포-도심-문덕(기본),문덕행,문덕행,도심환승센터행,150,94357,176,2,상행,문덕2리,226.7,2026-05-12
800,문덕-감포-도심-문덕(기본),문덕행,문덕행,도심환승센터행,150,94357,176,3,상행,운전면허시험장,335.5,2026-05-12
800,문덕-감포-도심-문덕(기본),문덕행,문덕행,도심환승센터행,150,94357,176,4,상행,오천읍민운동장,489.1,2026-05-12
800,문덕-감포-도심-문덕(기본),문덕행,문덕행,도심환승센터행,150,94357,176,5,상행,문덕마을회관,1222.2,2026-05-12
800,문덕-감포-도심-문덕(기본),문덕행,문덕행,도심환승센터행,150,94357,176,6,상행,화이트빌라,436.6,2026-05-12
800,문덕-감포-도심-문덕(기본),문덕행,문덕행,도심환승센터행,150,94357,176,7,상행,문덕교,403.7,2026-05-12
800,문덕-감포-도심-문덕(기본),문덕행,문덕행,도심환승센터행,150,94357,176,8,상행,오천119안전센터,412.1,2026-05-12
800,문덕-감포-도심-문덕(기본),문덕행,문덕행,도심환승센터행,150,94357,176,9,상행,오천고등학교,782.5,2026-05-12
800,문덕-감포-도심-문덕(기본),문덕행,문덕행,도심환승센터행,150,94357,176,10,상행,서문사거리,1070.1,2026-05-12
800,문덕-감포-도심-문덕(기본),문덕행,문덕행,도심환승센터행,150,94357,176,11,상행,용덕사거리,433.7,2026-05-12
800,문덕-감포-도심-문덕(기본),문덕행,문덕행,도심환승센터행,150,94357,176,12,상행,오천초등학교,218.8,2026-05-12
800,문덕-감포-도심-문덕(기본),문덕행,문덕행,도심환승센터행,150,94357,176,13,상행,오천농협세계지점,403.2,2026-05-12
800,문덕-감포-도심-문덕(기본),문덕행,문덕행,도심환승센터행,150,94357,176,14,상행,오천시장,168.3,2026-05-12
800,문덕-감포-도심-문덕(기본),문덕행,문덕행,도심환승센터행,150,94357,176,15,상행,신흥중학교,665.9,2026-05-12
800,문덕-감포-도심-문덕(기본),문덕행,문덕행,도심환승센터행,150,94357,176,16,상행,해병대교육훈련단,556.9,2026-05-12
800,문덕-감포-도심-문덕(기본),문덕행,문덕행,도심환승센터행,150,94357,176,17,상행,일월문화공원,475.1,2026-05-12
800,문덕-감포-도심-문덕(기본),문덕행,문덕행,도심환승센터행,150,94357,176,18,상행,세계2리,491.7,2026-05-12
800,문덕-감포-도심-문덕(기본),문덕행,문덕행,도심환승센터행,150,94357,176,19,상행,장승배기,698.6,2026-05-12
800,문덕-감포-도심-문덕(기본),문덕행,문덕행,도심환승센터행,150,94357,176,20,상행,정천리,461.4,2026-05-12
800,문덕-감포-도심-문덕(기본),문덕행,문덕행,도심환승센터행,150,94357,176,21,상행,정천1리,678,2026-05-12
800,문덕-감포-도심-문덕(기본),문덕행,문덕행,도심환승센터행,150,94357,176,22,상행,하정리,905.2,2026-05-12
800,문덕-감포-도심-문덕(기본),문덕행,문덕행,도심환승센터행,150,94357,176,23,상행,정천2리,347.1,2026-05-12
800,문덕-감포-도심-문덕(기본),문덕행,문덕행,도심환승센터행,150,94357,176,24,상행,대곡리,2039,2026-05-12
800,문덕-감포-도심-문덕(기본),문덕행,문덕행,도심환승센터행,150,94357,176,25,상행,신계리,853.5,2026-05-12
800,문덕-감포-도심-문덕(기본),문덕행,문덕행,도심환승센터행,150,94357,176,26,상행,창지1리,362.3,2026-05-12
800,문덕-감포-도심-문덕(기본),문덕행,문덕행,도심환승센터행,150,94357,176,27,상행,창지2리,495.6,2026-05-12
800,문덕-감포-도심-문덕(기본),문덕행,문덕행,도심환승센터행,150,94357,176,28,상행,학곡리,619.9,2026-05-12
800,문덕-감포-도심-문덕(기본),문덕행,문덕행,도심환승센터행,150,94357,176,29,상행,금오리,583.1,2026-05-12
800,문덕-감포-도심-문덕(기본),문덕행,문덕행,도심환승센터행,150,94357,176,30,상행,서촌2리,1678.6,2026-05-12
800,문덕-감포-도심-문덕(기본),문덕행,문덕행,도심환승센터행,150,94357,176,31,상행,서촌1리,842.6,2026-05-12
800,문덕-감포-도심-문덕(기본),문덕행,문덕행,도심환승센터행,150,94357,176,32,상행,장기면행정복지센터,630.7,2026-05-12
800,문덕-감포-도심-문덕(기본),문덕행,문덕행,도심환승센터행,150,94357,176,33,상행,장기교,287.9,2026-05-12
800,문덕-감포-도심-문덕(기본),문덕행,문덕행,도심환승센터행,150,94357,176,34,상행,장기중학교,210.7,2026-05-12
800,문덕-감포-도심-문덕(기본),문덕행,문덕행,도심환승센터행,150,94357,176,35,상행,임중리,422.3,2026-05-12
800,문덕-감포-도심-문덕(기본),문덕행,문덕행,도심환승센터행,150,94357,176,36,상행,수성리딸기직판장,612.9,2026-05-12
800,문덕-감포-도심-문덕(기본),문덕행,문덕행,도심환승센터행,150,94357,176,37,상행,수성리,793.4,2026-05-12
800,문덕-감포-도심-문덕(기본),문덕행,문덕행,도심환승센터행,150,94357,176,38,상행,양포초등학교,802.2,2026-05-12
800,문덕-감포-도심-문덕(기본),문덕행,문덕행,도심환승센터행,150,94357,176,39,상행,양포삼거리,344.2,2026-05-12
800,문덕-감포-도심-문덕(기본),문덕행,문덕행,도심환승센터행,150,94357,176,40,상행,계원리,1641.6,2026-05-12
800,문덕-감포-도심-문덕(기본),문덕행,문덕행,도심환승센터행,150,94357,176,41,상행,손재림박물관,276.9,2026-05-12
800,문덕-감포-도심-문덕(기본),문덕행,문덕행,도심환승센터행,150,94357,176,42,상행,계원2리,1083.6,2026-05-12
800,문덕-감포-도심-문덕(기본),문덕행,문덕행,도심환승센터행,150,94357,176,43,상행,두원리입구,1948.9,2026-05-12
800,문덕-감포-도심-문덕(기본),문덕행,문덕행,도심환승센터행,150,94357,176,44,상행,두원리,391.7,2026-05-12
800,문덕-감포-도심-문덕(기본),문덕행,문덕행,도심환승센터행,150,94357,176,45,상행,오류4리,486.7,2026-05-12
800,문덕-감포-도심-문덕(기본),문덕행,문덕행,도심환승센터행,150,94357,176,46,상행,모곡마을,1622.4,2026-05-12
800,문덕-감포-도심-문덕(기본),문덕행,문덕행,도심환승센터행,150,94357,176,47,상행,오류해수욕장,609.2,2026-05-12
800,문덕-감포-도심-문덕(기본),문덕행,문덕행,도심환승센터행,150,94357,176,48,상행,감포진성숯불가든,1801.5,2026-05-12
800,문덕-감포-도심-문덕(기본),문덕행,문덕행,도심환승센터행,150,94357,176,49,상행,감포초등학교,284.2,2026-05-12
800,문덕-감포-도심-문덕(기본),문덕행,문덕행,도심환승센터행,150,94357,176,50,상행,감포항,394.4,2026-05-12
800,문덕-감포-도심-문덕(기본),문덕행,문덕행,도심환승센터행,150,94357,176,51,상행,감포항,60.5,2026-05-12
800,문덕-감포-도심-문덕(기본),문덕행,문덕행,도심환승센터행,150,94357,176,52,상행,감포초등학교,374.7,2026-05-12
800,문덕-감포-도심-문덕(기본),문덕행,문덕행,도심환승센터행,150,94357,176,53,상행,감포진성숯불가든,279,2026-05-12
800,문덕-감포-도심-문덕(기본),문덕행,문덕행,도심환승센터행,150,94357,176,54,상행,오류해수욕장,1798.4,2026-05-12
800,문덕-감포-도심-문덕(기본),문덕행,문덕행,도심환승센터행,150,94357,176,55,상행,모곡마을,617.7,2026-05-12
800,문덕-감포-도심-문덕(기본),문덕행,문덕행,도심환승센터행,150,94357,176,56,상행,오류4리,1612.2,2026-05-12
800,문덕-감포-도심-문덕(기본),문덕행,문덕행,도심환승센터행,150,94357,176,57,상행,두원리,447.2,2026-05-12
800,문덕-감포-도심-문덕(기본),문덕행,문덕행,도심환승센터행,150,94357,176,58,상행,두원리입구,407.2,2026-05-12
800,문덕-감포-도심-문덕(기본),문덕행,문덕행,도심환승센터행,150,94357,176,59,상행,계원2리,1936,2026-05-12
800,문덕-감포-도심-문덕(기본),문덕행,문덕행,도심환승센터행,150,94357,176,60,상행,손재림박물관,1116.1,2026-05-12
800,문덕-감포-도심-문덕(기본),문덕행,문덕행,도심환승센터행,150,94357,176,61,상행,계원리,271.1,2026-05-12
800,문덕-감포-도심-문덕(기본),문덕행,문덕행,도심환승센터행,150,94357,176,62,상행,양포삼거리,1605.6,2026-05-12
800,문덕-감포-도심-문덕(기본),문덕행,문덕행,도심환승센터행,150,94357,176,63,상행,양포초등학교,367,2026-05-12
800,문덕-감포-도심-문덕(기본),문덕행,문덕행,도심환승센터행,150,94357,176,64,상행,수성리,766.7,2026-05-12
800,문덕-감포-도심-문덕(기본),문덕행,문덕행,도심환승센터행,150,94357,176,65,상행,수성리딸기직판장,764.1,2026-05-12
800,문덕-감포-도심-문덕(기본),문덕행,문덕행,도심환승센터행,150,94357,176,66,상행,임중리,643.9,2026-05-12
800,문덕-감포-도심-문덕(기본),문덕행,문덕행,도심환승센터행,150,94357,176,67,상행,장기중학교,387.9,2026-05-12
800,문덕-감포-도심-문덕(기본),문덕행,문덕행,도심환승센터행,150,94357,176,68,상행,장기교,244.2,2026-05-12
800,문덕-감포-도심-문덕(기본),문덕행,문덕행,도심환승센터행,150,94357,176,69,상행,장기파출소,146.2,2026-05-12
800,문덕-감포-도심-문덕(기본),문덕행,문덕행,도심환승센터행,150,94357,176,70,상행,장기면행정복지센터,157,2026-05-12
800,문덕-감포-도심-문덕(기본),문덕행,문덕행,도심환승센터행,150,94357,176,71,상행,서촌1리,683,2026-05-12
800,문덕-감포-도심-문덕(기본),문덕행,문덕행,도심환승센터행,150,94357,176,72,상행,서촌2리,674.8,2026-05-12
800,문덕-감포-도심-문덕(기본),문덕행,문덕행,도심환승센터행,150,94357,176,73,상행,금오리,1730.2,2026-05-12
800,문덕-감포-도심-문덕(기본),문덕행,문덕행,도심환승센터행,150,94357,176,74,상행,학곡리,668.2,2026-05-12
800,문덕-감포-도심-문덕(기본),문덕행,문덕행,도심환승센터행,150,94357,176,75,상행,창지2리,589.9,2026-05-12
800,문덕-감포-도심-문덕(기본),문덕행,문덕행,도심환승센터행,150,94357,176,76,상행,창지1리,474.6,2026-05-12
800,문덕-감포-도심-문덕(기본),문덕행,문덕행,도심환승센터행,150,94357,176,77,상행,신계리,379.3,2026-05-12
800,문덕-감포-도심-문덕(기본),문덕행,문덕행,도심환승센터행,150,94357,176,78,상행,대곡리,874.4,2026-05-12
800,문덕-감포-도심-문덕(기본),문덕행,문덕행,도심환승센터행,150,94357,176,79,상행,정천2리,2035.2,2026-05-12
800,문덕-감포-도심-문덕(기본),문덕행,문덕행,도심환승센터행,150,94357,176,80,상행,하정리,469.6,2026-05-12
800,문덕-감포-도심-문덕(기본),문덕행,문덕행,도심환승센터행,150,94357,176,81,상행,정천1리,929.4,2026-05-12
800,문덕-감포-도심-문덕(기본),문덕행,문덕행,도심환승센터행,150,94357,176,82,상행,정천리,773,2026-05-12
800,문덕-감포-도심-문덕(기본),문덕행,문덕행,도심환승센터행,150,94357,176,83,상행,장승배기,249.4,2026-05-12
800,문덕-감포-도심-문덕(기본),문덕행,문덕행,도심환승센터행,150,94357,176,84,상행,세계2리,612.2,2026-05-12
800,문덕-감포-도심-문덕(기본),문덕행,문덕행,도심환승센터행,150,94357,176,85,상행,일월문화공원,500.9,2026-05-12
800,문덕-감포-도심-문덕(기본),문덕행,문덕행,도심환승센터행,150,94357,176,86,상행,해병대교육훈련단,565,2026-05-12
800,문덕-감포-도심-문덕(기본),문덕행,문덕행,도심환승센터행,150,94357,176,87,상행,신흥중학교,507.9,2026-05-12
800,문덕-감포-도심-문덕(기본),문덕행,문덕행,도심환승센터행,150,94357,176,88,상행,오천시장,610.3,2026-05-12
800,문덕-감포-도심-문덕(기본),문덕행,문덕행,도심환승센터행,150,94357,176,89,상행,오천농협세계지점,147.4,2026-05-12
800,문덕-감포-도심-문덕(기본),문덕행,문덕행,도심환승센터행,150,94357,176,90,상행,오천초등학교,307.4,2026-05-12
800,문덕-감포-도심-문덕(기본),문덕행,문덕행,도심환승센터행,150,94357,176,91,상행,용덕사거리,303.7,2026-05-12
800,문덕-감포-도심-문덕(기본),문덕행,문덕행,도심환승센터행,150,94357,176,92,상행,서문사거리,484.9,2026-05-12
800,문덕-감포-도심-문덕(기본),문덕행,문덕행,도심환승센터행,150,94357,176,93,상행,오천고등학교,1111.9,2026-05-12
800,문덕-감포-도심-문덕(기본),문덕행,문덕행,도심환승센터행,150,94357,176,94,상행,오천119안전센터,747.4,2026-05-12
800,문덕-감포-도심-문덕(기본),문덕행,문덕행,도심환승센터행,150,94357,176,95,상행,문덕온천,389,2026-05-12
800,문덕-감포-도심-문덕(기본),문덕행,문덕행,도심환승센터행,150,94357,176,96,상행,문덕사거리,235,2026-05-12
800,문덕-감포-도심-문덕(기본),문덕행,문덕행,도심환승센터행,150,94357,176,97,상행,준양참마을,330.2,2026-05-12
800,문덕-감포-도심-문덕(기본),문덕행,문덕행,도심환승센터행,150,94357,176,98,상행,한일철강,1508.2,2026-05-12
800,문덕-감포-도심-문덕(기본),문덕행,문덕행,도심환승센터행,150,94357,176,99,상행,현대성우캐스팅,631.6,2026-05-12
800,문덕-감포-도심-문덕(기본),문덕행,문덕행,도심환승센터행,150,94357,176,100,상행,호동근로자종합복지관,623.4,2026-05-12
800,문덕-감포-도심-문덕(기본),문덕행,문덕행,도심환승센터행,150,94357,176,101,상행,공단정수장,580.5,2026-05-12
800,문덕-감포-도심-문덕(기본),문덕행,문덕행,도심환승센터행,150,94357,176,102,상행,포항변전소,838.7,2026-05-12
800,문덕-감포-도심-문덕(기본),문덕행,문덕행,도심환승센터행,150,94357,176,103,상행,동국에스엔씨,710.6,2026-05-12
800,문덕-감포-도심-문덕(기본),문덕행,문덕행,도심환승센터행,150,94357,176,104,상행,삼일,328.8,2026-05-12
800,문덕-감포-도심-문덕(기본),문덕행,문덕행,도심환승센터행,150,94357,176,105,상행,동부제강,521.5,2026-05-12
800,문덕-감포-도심-문덕(기본),문덕행,문덕행,도심환승센터행,150,94357,176,106,상행,포스코건설,513.7,2026-05-12
800,문덕-감포-도심-문덕(기본),문덕행,문덕행,도심환승센터행,150,94357,176,107,상행,포스코강판,452.9,2026-05-12
800,문덕-감포-도심-문덕(기본),문덕행,문덕행,도심환승센터행,150,94357,176,108,상행,단지주유소,629,2026-05-12
800,문덕-감포-도심-문덕(기본),문덕행,문덕행,도심환승센터행,150,94357,176,109,상행,현대제철,453.2,2026-05-12
800,문덕-감포-도심-문덕(기본),문덕행,문덕행,도심환승센터행,150,94357,176,110,상행,형산로터리,995.1,2026-05-12
800,문덕-감포-도심-문덕(기본),문덕행,문덕행,도심환승센터행,150,94357,176,111,상행,장애인생산품판매시설,184.7,2026-05-12
800,문덕-감포-도심-문덕(기본),문덕행,문덕행,도심환승센터행,150,94357,176,112,상행,대해시장,379.5,2026-05-12
800,문덕-감포-도심-문덕(기본),문덕행,문덕행,도심환승센터행,150,94357,176,113,상행,해도119안전센터,495.2,2026-05-12
800,문덕-감포-도심-문덕(기본),문덕행,문덕행,도심환승센터행,150,94357,176,114,상행,고속버스터미널,437.6,2026-05-12
800,문덕-감포-도심-문덕(기본),문덕행,문덕행,도심환승센터행,150,94357,176,115,상행,농협포항시지부,905.7,2026-05-12
800,문덕-감포-도심-문덕(기본),문덕행,문덕행,도심환승센터행,150,94357,176,116,상행,롯데시네마,471.8,2026-05-12
800,문덕-감포-도심-문덕(기본),문덕행,문덕행,도심환승센터행,150,94357,176,117,상행,서산사거리,268,2026-05-12
800,문덕-감포-도심-문덕(기본),문덕행,문덕행,도심환승센터행,150,94357,176,118,하행,도심환승센터,433.8,2026-05-12
800,문덕-감포-도심-문덕(기본),문덕행,문덕행,도심환승센터행,150,94357,176,119,하행,서산사거리,476.6,2026-05-12
800,문덕-감포-도심-문덕(기본),문덕행,문덕행,도심환승센터행,150,94357,176,120,하행,롯데시네마,334.2,2026-05-12
800,문덕-감포-도심-문덕(기본),문덕행,문덕행,도심환승센터행,150,94357,176,121,하행,농협포항시지부,521.9,2026-05-12
800,문덕-감포-도심-문덕(기본),문덕행,문덕행,도심환승센터행,150,94357,176,122,하행,오거리,381.5,2026-05-12
800,문덕-감포-도심-문덕(기본),문덕행,문덕행,도심환승센터행,150,94357,176,123,하행,고속버스터미널,317.7,2026-05-12
800,문덕-감포-도심-문덕(기본),문덕행,문덕행,도심환승센터행,150,94357,176,124,하행,해도119안전센터,571,2026-05-12
800,문덕-감포-도심-문덕(기본),문덕행,문덕행,도심환승센터행,150,94357,176,125,하행,대해시장,423.9,2026-05-12
800,문덕-감포-도심-문덕(기본),문덕행,문덕행,도심환승센터행,150,94357,176,126,하행,장애인생산품판매시설,417.9,2026-05-12
800,문덕-감포-도심-문덕(기본),문덕행,문덕행,도심환승센터행,150,94357,176,127,하행,형산로타리,292,2026-05-12
800,문덕-감포-도심-문덕(기본),문덕행,문덕행,도심환승센터행,150,94357,176,128,하행,현대제철,976.3,2026-05-12
800,문덕-감포-도심-문덕(기본),문덕행,문덕행,도심환승센터행,150,94357,176,129,하행,단지주유소,480.6,2026-05-12
800,문덕-감포-도심-문덕(기본),문덕행,문덕행,도심환승센터행,150,94357,176,130,하행,포스코강판,509,2026-05-12
800,문덕-감포-도심-문덕(기본),문덕행,문덕행,도심환승센터행,150,94357,176,131,하행,포스코건설,575.9,2026-05-12
800,문덕-감포-도심-문덕(기본),문덕행,문덕행,도심환승센터행,150,94357,176,132,하행,동부제강,455.4,2026-05-12
800,문덕-감포-도심-문덕(기본),문덕행,문덕행,도심환승센터행,150,94357,176,133,하행,삼일,547.4,2026-05-12
800,문덕-감포-도심-문덕(기본),문덕행,문덕행,도심환승센터행,150,94357,176,134,하행,동국에스엔씨,259.8,2026-05-12
800,문덕-감포-도심-문덕(기본),문덕행,문덕행,도심환승센터행,150,94357,176,135,하행,신한은행공단출장소,393.5,2026-05-12
800,문덕-감포-도심-문덕(기본),문덕행,문덕행,도심환승센터행,150,94357,176,136,하행,포항변전소,409.2,2026-05-12
800,문덕-감포-도심-문덕(기본),문덕행,문덕행,도심환승센터행,150,94357,176,137,하행,공단정수장,782.4,2026-05-12
800,문덕-감포-도심-문덕(기본),문덕행,문덕행,도심환승센터행,150,94357,176,138,하행,호동근로자종합복지관,603.1,2026-05-12
800,문덕-감포-도심-문덕(기본),문덕행,문덕행,도심환승센터행,150,94357,176,139,하행,현대성우캐스팅,606.6,2026-05-12
800,문덕-감포-도심-문덕(기본),문덕행,문덕행,도심환승센터행,150,94357,176,140,하행,한일철강,622.4,2026-05-12
800,문덕-감포-도심-문덕(기본),문덕행,문덕행,도심환승센터행,150,94357,176,141,하행,준양참마을,1574.2,2026-05-12
800,문덕-감포-도심-문덕(기본),문덕행,문덕행,도심환승센터행,150,94357,176,142,하행,문덕사거리,309.1,2026-05-12
800,문덕-감포-도심-문덕(기본),문덕행,문덕행,도심환승센터행,150,94357,176,143,하행,문덕온천,283.6,2026-05-12
800,문덕-감포-도심-문덕(기본),문덕행,문덕행,도심환승센터행,150,94357,176,144,하행,문덕교,240.9,2026-05-12
800,문덕-감포-도심-문덕(기본),문덕행,문덕행,도심환승센터행,150,94357,176,145,하행,화이트빌라,376.6,2026-05-12
800,문덕-감포-도심-문덕(기본),문덕행,문덕행,도심환승센터행,150,94357,176,146,하행,문덕마을회관,437,2026-05-12
800,문덕-감포-도심-문덕(기본),문덕행,문덕행,도심환승센터행,150,94357,176,147,하행,오천읍민운동장,1251.8,2026-05-12
800,문덕-감포-도심-문덕(기본),문덕행,문덕행,도심환승센터행,150,94357,176,148,하행,운전면허시험장,458.9,2026-05-12
800,문덕-감포-도심-문덕(기본),문덕행,문덕행,도심환승센터행,150,94357,176,149,하행,문덕2리,364.7,2026-05-12
800,문덕-감포-도심-문덕(기본),문덕행,문덕행,도심환승센터행,150,94357,176,150,하행,문덕차고지,215.9,2026-05-12
800,문덕-감포-오천시장,문덕차고지행,오천시장행,,88,61451,176,1,상행,문덕차고지,0,2026-05-12
800,문덕-감포-오천시장,문덕차고지행,오천시장행,,88,61451,176,2,상행,문덕2리,226.7,2026-05-12
800,문덕-감포-오천시장,문덕차고지행,오천시장행,,88,61451,176,3,상행,운전면허시험장,335.5,2026-05-12
800,문덕-감포-오천시장,문덕차고지행,오천시장행,,88,61451,176,4,상행,오천읍민운동장,489.1,2026-05-12
800,문덕-감포-오천시장,문덕차고지행,오천시장행,,88,61451,176,5,상행,문덕마을회관,1222.2,2026-05-12
800,문덕-감포-오천시장,문덕차고지행,오천시장행,,88,61451,176,6,상행,화이트빌라,436.6,2026-05-12
800,문덕-감포-오천시장,문덕차고지행,오천시장행,,88,61451,176,7,상행,문덕교,403.7,2026-05-12
800,문덕-감포-오천시장,문덕차고지행,오천시장행,,88,61451,176,8,상행,오천119안전센터,412.1,2026-05-12
800,문덕-감포-오천시장,문덕차고지행,오천시장행,,88,61451,176,9,상행,오천고등학교,782.5,2026-05-12
800,문덕-감포-오천시장,문덕차고지행,오천시장행,,88,61451,176,10,상행,서문사거리,1070.1,2026-05-12
800,문덕-감포-오천시장,문덕차고지행,오천시장행,,88,61451,176,11,상행,용덕사거리,433.7,2026-05-12
800,문덕-감포-오천시장,문덕차고지행,오천시장행,,88,61451,176,12,상행,오천초등학교,218.8,2026-05-12
800,문덕-감포-오천시장,문덕차고지행,오천시장행,,88,61451,176,13,상행,오천농협세계지점,403.2,2026-05-12
800,문덕-감포-오천시장,문덕차고지행,오천시장행,,88,61451,176,14,상행,오천시장,168.3,2026-05-12
800,문덕-감포-오천시장,문덕차고지행,오천시장행,,88,61451,176,15,상행,신흥중학교,665.9,2026-05-12
800,문덕-감포-오천시장,문덕차고지행,오천시장행,,88,61451,176,16,상행,해병대교육훈련단,556.9,2026-05-12
800,문덕-감포-오천시장,문덕차고지행,오천시장행,,88,61451,176,17,상행,일월문화공원,475.1,2026-05-12
800,문덕-감포-오천시장,문덕차고지행,오천시장행,,88,61451,176,18,상행,세계2리,491.7,2026-05-12
800,문덕-감포-오천시장,문덕차고지행,오천시장행,,88,61451,176,19,상행,장승배기,698.6,2026-05-12
800,문덕-감포-오천시장,문덕차고지행,오천시장행,,88,61451,176,20,상행,정천리,461.4,2026-05-12
800,문덕-감포-오천시장,문덕차고지행,오천시장행,,88,61451,176,21,상행,정천1리,678,2026-05-12
800,문덕-감포-오천시장,문덕차고지행,오천시장행,,88,61451,176,22,상행,하정리,905.2,2026-05-12
800,문덕-감포-오천시장,문덕차고지행,오천시장행,,88,61451,176,23,상행,정천2리,347.1,2026-05-12
800,문덕-감포-오천시장,문덕차고지행,오천시장행,,88,61451,176,24,상행,대곡리,2039,2026-05-12
800,문덕-감포-오천시장,문덕차고지행,오천시장행,,88,61451,176,25,상행,신계리,853.5,2026-05-12
800,문덕-감포-오천시장,문덕차고지행,오천시장행,,88,61451,176,26,상행,창지1리,362.3,2026-05-12
800,문덕-감포-오천시장,문덕차고지행,오천시장행,,88,61451,176,27,상행,창지2리,495.6,2026-05-12
800,문덕-감포-오천시장,문덕차고지행,오천시장행,,88,61451,176,28,상행,학곡리,619.9,2026-05-12
800,문덕-감포-오천시장,문덕차고지행,오천시장행,,88,61451,176,29,상행,금오리,583.1,2026-05-12
800,문덕-감포-오천시장,문덕차고지행,오천시장행,,88,61451,176,30,상행,서촌2리,1678.6,2026-05-12
800,문덕-감포-오천시장,문덕차고지행,오천시장행,,88,61451,176,31,상행,서촌1리,842.6,2026-05-12
800,문덕-감포-오천시장,문덕차고지행,오천시장행,,88,61451,176,32,상행,장기면행정복지센터,630.7,2026-05-12
800,문덕-감포-오천시장,문덕차고지행,오천시장행,,88,61451,176,33,상행,장기교,287.9,2026-05-12
800,문덕-감포-오천시장,문덕차고지행,오천시장행,,88,61451,176,34,상행,장기중학교,210.7,2026-05-12
800,문덕-감포-오천시장,문덕차고지행,오천시장행,,88,61451,176,35,상행,임중리,422.3,2026-05-12
800,문덕-감포-오천시장,문덕차고지행,오천시장행,,88,61451,176,36,상행,수성리딸기직판장,612.9,2026-05-12
800,문덕-감포-오천시장,문덕차고지행,오천시장행,,88,61451,176,37,상행,수성리,793.4,2026-05-12
800,문덕-감포-오천시장,문덕차고지행,오천시장행,,88,61451,176,38,상행,양포초등학교,802.2,2026-05-12
800,문덕-감포-오천시장,문덕차고지행,오천시장행,,88,61451,176,39,상행,양포삼거리,344.2,2026-05-12
800,문덕-감포-오천시장,문덕차고지행,오천시장행,,88,61451,176,40,상행,계원리,1641.6,2026-05-12
800,문덕-감포-오천시장,문덕차고지행,오천시장행,,88,61451,176,41,상행,손재림박물관,276.9,2026-05-12
800,문덕-감포-오천시장,문덕차고지행,오천시장행,,88,61451,176,42,상행,계원2리,1083.6,2026-05-12
800,문덕-감포-오천시장,문덕차고지행,오천시장행,,88,61451,176,43,상행,두원리입구,1948.9,2026-05-12
800,문덕-감포-오천시장,문덕차고지행,오천시장행,,88,61451,176,44,상행,두원리,391.7,2026-05-12
800,문덕-감포-오천시장,문덕차고지행,오천시장행,,88,61451,176,45,상행,오류4리,486.7,2026-05-12
800,문덕-감포-오천시장,문덕차고지행,오천시장행,,88,61451,176,46,상행,모곡마을,1622.4,2026-05-12
800,문덕-감포-오천시장,문덕차고지행,오천시장행,,88,61451,176,47,상행,오류해수욕장,609.2,2026-05-12
800,문덕-감포-오천시장,문덕차고지행,오천시장행,,88,61451,176,48,상행,감포진성숯불가든,1801.5,2026-05-12
800,문덕-감포-오천시장,문덕차고지행,오천시장행,,88,61451,176,49,상행,감포초등학교,284.2,2026-05-12
800,문덕-감포-오천시장,문덕차고지행,오천시장행,,88,61451,176,50,상행,감포항,394.4,2026-05-12
800,문덕-감포-오천시장,문덕차고지행,오천시장행,,88,61451,176,51,상행,감포항,60.5,2026-05-12
800,문덕-감포-오천시장,문덕차고지행,오천시장행,,88,61451,176,52,상행,감포초등학교,374.7,2026-05-12
800,문덕-감포-오천시장,문덕차고지행,오천시장행,,88,61451,176,53,상행,감포진성숯불가든,279,2026-05-12
800,문덕-감포-오천시장,문덕차고지행,오천시장행,,88,61451,176,54,상행,오류해수욕장,1798.4,2026-05-12
800,문덕-감포-오천시장,문덕차고지행,오천시장행,,88,61451,176,55,상행,모곡마을,617.7,2026-05-12
800,문덕-감포-오천시장,문덕차고지행,오천시장행,,88,61451,176,56,상행,오류4리,1612.2,2026-05-12
800,문덕-감포-오천시장,문덕차고지행,오천시장행,,88,61451,176,57,상행,두원리,447.2,2026-05-12
800,문덕-감포-오천시장,문덕차고지행,오천시장행,,88,61451,176,58,상행,두원리입구,407.2,2026-05-12
800,문덕-감포-오천시장,문덕차고지행,오천시장행,,88,61451,176,59,상행,계원2리,1936,2026-05-12
800,문덕-감포-오천시장,문덕차고지행,오천시장행,,88,61451,176,60,상행,손재림박물관,1116.1,2026-05-12
800,문덕-감포-오천시장,문덕차고지행,오천시장행,,88,61451,176,61,상행,계원리,271.1,2026-05-12
800,문덕-감포-오천시장,문덕차고지행,오천시장행,,88,61451,176,62,상행,양포삼거리,1605.6,2026-05-12
800,문덕-감포-오천시장,문덕차고지행,오천시장행,,88,61451,176,63,상행,양포초등학교,367,2026-05-12
800,문덕-감포-오천시장,문덕차고지행,오천시장행,,88,61451,176,64,상행,수성리,766.7,2026-05-12
800,문덕-감포-오천시장,문덕차고지행,오천시장행,,88,61451,176,65,상행,수성리딸기직판장,764.1,2026-05-12
800,문덕-감포-오천시장,문덕차고지행,오천시장행,,88,61451,176,66,상행,임중리,643.9,2026-05-12
800,문덕-감포-오천시장,문덕차고지행,오천시장행,,88,61451,176,67,상행,장기중학교,387.9,2026-05-12
800,문덕-감포-오천시장,문덕차고지행,오천시장행,,88,61451,176,68,상행,장기교,244.2,2026-05-12
800,문덕-감포-오천시장,문덕차고지행,오천시장행,,88,61451,176,69,상행,장기파출소,146.2,2026-05-12
800,문덕-감포-오천시장,문덕차고지행,오천시장행,,88,61451,176,70,상행,장기면행정복지센터,157,2026-05-12
800,문덕-감포-오천시장,문덕차고지행,오천시장행,,88,61451,176,71,상행,서촌1리,683,2026-05-12
800,문덕-감포-오천시장,문덕차고지행,오천시장행,,88,61451,176,72,상행,서촌2리,674.8,2026-05-12
800,문덕-감포-오천시장,문덕차고지행,오천시장행,,88,61451,176,73,상행,금오리,1730.2,2026-05-12
800,문덕-감포-오천시장,문덕차고지행,오천시장행,,88,61451,176,74,상행,학곡리,668.2,2026-05-12
800,문덕-감포-오천시장,문덕차고지행,오천시장행,,88,61451,176,75,상행,창지2리,589.9,2026-05-12
800,문덕-감포-오천시장,문덕차고지행,오천시장행,,88,61451,176,76,상행,창지1리,474.6,2026-05-12
800,문덕-감포-오천시장,문덕차고지행,오천시장행,,88,61451,176,77,상행,신계리,379.3,2026-05-12
800,문덕-감포-오천시장,문덕차고지행,오천시장행,,88,61451,176,78,상행,대곡리,874.4,2026-05-12
800,문덕-감포-오천시장,문덕차고지행,오천시장행,,88,61451,176,79,상행,정천2리,2035.2,2026-05-12
800,문덕-감포-오천시장,문덕차고지행,오천시장행,,88,61451,176,80,상행,하정리,469.6,2026-05-12
800,문덕-감포-오천시장,문덕차고지행,오천시장행,,88,61451,176,81,상행,정천1리,929.4,2026-05-12
800,문덕-감포-오천시장,문덕차고지행,오천시장행,,88,61451,176,82,상행,정천리,773,2026-05-12
800,문덕-감포-오천시장,문덕차고지행,오천시장행,,88,61451,176,83,상행,장승배기,249.4,2026-05-12
800,문덕-감포-오천시장,문덕차고지행,오천시장행,,88,61451,176,84,상행,세계2리,612.2,2026-05-12
800,문덕-감포-오천시장,문덕차고지행,오천시장행,,88,61451,176,85,상행,일월문화공원,500.9,2026-05-12
800,문덕-감포-오천시장,문덕차고지행,오천시장행,,88,61451,176,86,상행,해병대교육훈련단,565,2026-05-12
800,문덕-감포-오천시장,문덕차고지행,오천시장행,,88,61451,176,87,상행,신흥중학교,507.9,2026-05-12
800,문덕-감포-오천시장,문덕차고지행,오천시장행,,88,61451,176,88,상행,오천시장,610.3,2026-05-12
800,문덕-감포-폴리텍-도심,문덕행,도심환승센터행,,116,79101,120,1,상행,문덕차고지,0,2026-05-12
800,문덕-감포-폴리텍-도심,문덕행,도심환승센터행,,116,79101,120,2,상행,문덕2리,226.7,2026-05-12
800,문덕-감포-폴리텍-도심,문덕행,도심환승센터행,,116,79101,120,3,상행,운전면허시험장,335.5,2026-05-12
800,문덕-감포-폴리텍-도심,문덕행,도심환승센터행,,116,79101,120,4,상행,오천읍민운동장,489.1,2026-05-12
800,문덕-감포-폴리텍-도심,문덕행,도심환승센터행,,116,79101,120,5,상행,문덕마을회관,1222.2,2026-05-12
800,문덕-감포-폴리텍-도심,문덕행,도심환승센터행,,116,79101,120,6,상행,화이트빌라,436.6,2026-05-12
800,문덕-감포-폴리텍-도심,문덕행,도심환승센터행,,116,79101,120,7,상행,문덕교,403.7,2026-05-12
800,문덕-감포-폴리텍-도심,문덕행,도심환승센터행,,116,79101,120,8,상행,오천119안전센터,412.1,2026-05-12
800,문덕-감포-폴리텍-도심,문덕행,도심환승센터행,,116,79101,120,9,상행,오천고등학교,782.5,2026-05-12
800,문덕-감포-폴리텍-도심,문덕행,도심환승센터행,,116,79101,120,10,상행,서문사거리,1070.1,2026-05-12
800,문덕-감포-폴리텍-도심,문덕행,도심환승센터행,,116,79101,120,11,상행,용덕사거리,433.7,2026-05-12
800,문덕-감포-폴리텍-도심,문덕행,도심환승센터행,,116,79101,120,12,상행,오천초등학교,218.8,2026-05-12
800,문덕-감포-폴리텍-도심,문덕행,도심환승센터행,,116,79101,120,13,상행,오천농협세계지점,403.2,2026-05-12
800,문덕-감포-폴리텍-도심,문덕행,도심환승센터행,,116,79101,120,14,상행,오천시장,168.3,2026-05-12
800,문덕-감포-폴리텍-도심,문덕행,도심환승센터행,,116,79101,120,15,상행,신흥중학교,665.9,2026-05-12
800,문덕-감포-폴리텍-도심,문덕행,도심환승센터행,,116,79101,120,16,상행,해병대교육훈련단,556.9,2026-05-12
800,문덕-감포-폴리텍-도심,문덕행,도심환승센터행,,116,79101,120,17,상행,일월문화공원,475.1,2026-05-12
800,문덕-감포-폴리텍-도심,문덕행,도심환승센터행,,116,79101,120,18,상행,세계2리,491.7,2026-05-12
800,문덕-감포-폴리텍-도심,문덕행,도심환승센터행,,116,79101,120,19,상행,장승배기,698.6,2026-05-12
800,문덕-감포-폴리텍-도심,문덕행,도심환승센터행,,116,79101,120,20,상행,정천리,461.4,2026-05-12
800,문덕-감포-폴리텍-도심,문덕행,도심환승센터행,,116,79101,120,21,상행,정천1리,678,2026-05-12
800,문덕-감포-폴리텍-도심,문덕행,도심환승센터행,,116,79101,120,22,상행,하정리,905.2,2026-05-12
800,문덕-감포-폴리텍-도심,문덕행,도심환승센터행,,116,79101,120,23,상행,정천2리,347.1,2026-05-12
800,문덕-감포-폴리텍-도심,문덕행,도심환승센터행,,116,79101,120,24,상행,대곡리,2039,2026-05-12
800,문덕-감포-폴리텍-도심,문덕행,도심환승센터행,,116,79101,120,25,상행,신계리,853.5,2026-05-12
800,문덕-감포-폴리텍-도심,문덕행,도심환승센터행,,116,79101,120,26,상행,창지1리,362.3,2026-05-12
800,문덕-감포-폴리텍-도심,문덕행,도심환승센터행,,116,79101,120,27,상행,창지2리,495.6,2026-05-12
800,문덕-감포-폴리텍-도심,문덕행,도심환승센터행,,116,79101,120,28,상행,학곡리,619.9,2026-05-12
800,문덕-감포-폴리텍-도심,문덕행,도심환승센터행,,116,79101,120,29,상행,금오리,583.1,2026-05-12
800,문덕-감포-폴리텍-도심,문덕행,도심환승센터행,,116,79101,120,30,상행,서촌2리,1678.6,2026-05-12
800,문덕-감포-폴리텍-도심,문덕행,도심환승센터행,,116,79101,120,31,상행,서촌1리,842.6,2026-05-12
800,문덕-감포-폴리텍-도심,문덕행,도심환승센터행,,116,79101,120,32,상행,장기면행정복지센터,630.7,2026-05-12
800,문덕-감포-폴리텍-도심,문덕행,도심환승센터행,,116,79101,120,33,상행,장기교,287.9,2026-05-12
800,문덕-감포-폴리텍-도심,문덕행,도심환승센터행,,116,79101,120,34,상행,장기중학교,210.7,2026-05-12
800,문덕-감포-폴리텍-도심,문덕행,도심환승센터행,,116,79101,120,35,상행,임중리,422.3,2026-05-12
800,문덕-감포-폴리텍-도심,문덕행,도심환승센터행,,116,79101,120,36,상행,수성리딸기직판장,612.9,2026-05-12
800,문덕-감포-폴리텍-도심,문덕행,도심환승센터행,,116,79101,120,37,상행,수성리,793.4,2026-05-12
800,문덕-감포-폴리텍-도심,문덕행,도심환승센터행,,116,79101,120,38,상행,양포초등학교,802.2,2026-05-12
800,문덕-감포-폴리텍-도심,문덕행,도심환승센터행,,116,79101,120,39,상행,양포삼거리,344.2,2026-05-12
800,문덕-감포-폴리텍-도심,문덕행,도심환승센터행,,116,79101,120,40,상행,계원리,1641.6,2026-05-12
800,문덕-감포-폴리텍-도심,문덕행,도심환승센터행,,116,79101,120,41,상행,손재림박물관,276.9,2026-05-12
800,문덕-감포-폴리텍-도심,문덕행,도심환승센터행,,116,79101,120,42,상행,계원2리,1083.6,2026-05-12
800,문덕-감포-폴리텍-도심,문덕행,도심환승센터행,,116,79101,120,43,상행,두원리입구,1948.9,2026-05-12
800,문덕-감포-폴리텍-도심,문덕행,도심환승센터행,,116,79101,120,44,상행,두원리,391.7,2026-05-12
800,문덕-감포-폴리텍-도심,문덕행,도심환승센터행,,116,79101,120,45,상행,오류4리,486.7,2026-05-12
800,문덕-감포-폴리텍-도심,문덕행,도심환승센터행,,116,79101,120,46,상행,모곡마을,1622.4,2026-05-12
800,문덕-감포-폴리텍-도심,문덕행,도심환승센터행,,116,79101,120,47,상행,오류해수욕장,609.2,2026-05-12
800,문덕-감포-폴리텍-도심,문덕행,도심환승센터행,,116,79101,120,48,상행,감포진성숯불가든,1801.5,2026-05-12
800,문덕-감포-폴리텍-도심,문덕행,도심환승센터행,,116,79101,120,49,상행,감포초등학교,284.2,2026-05-12
800,문덕-감포-폴리텍-도심,문덕행,도심환승센터행,,116,79101,120,50,상행,감포항,394.4,2026-05-12
800,문덕-감포-폴리텍-도심,문덕행,도심환승센터행,,116,79101,120,51,상행,감포항,60.5,2026-05-12
800,문덕-감포-폴리텍-도심,문덕행,도심환승센터행,,116,79101,120,52,상행,감포초등학교,374.7,2026-05-12
800,문덕-감포-폴리텍-도심,문덕행,도심환승센터행,,116,79101,120,53,상행,감포진성숯불가든,279,2026-05-12
800,문덕-감포-폴리텍-도심,문덕행,도심환승센터행,,116,79101,120,54,상행,오류해수욕장,1798.4,2026-05-12
800,문덕-감포-폴리텍-도심,문덕행,도심환승센터행,,116,79101,120,55,상행,모곡마을,617.7,2026-05-12
800,문덕-감포-폴리텍-도심,문덕행,도심환승센터행,,116,79101,120,56,상행,오류4리,1612.2,2026-05-12
800,문덕-감포-폴리텍-도심,문덕행,도심환승센터행,,116,79101,120,57,상행,두원리,447.2,2026-05-12
800,문덕-감포-폴리텍-도심,문덕행,도심환승센터행,,116,79101,120,58,상행,두원리입구,407.2,2026-05-12
800,문덕-감포-폴리텍-도심,문덕행,도심환승센터행,,116,79101,120,59,상행,계원2리,1936,2026-05-12
800,문덕-감포-폴리텍-도심,문덕행,도심환승센터행,,116,79101,120,60,상행,손재림박물관,1116.1,2026-05-12
800,문덕-감포-폴리텍-도심,문덕행,도심환승센터행,,116,79101,120,61,상행,계원리,271.1,2026-05-12
800,문덕-감포-폴리텍-도심,문덕행,도심환승센터행,,116,79101,120,62,상행,양포삼거리,1605.6,2026-05-12
800,문덕-감포-폴리텍-도심,문덕행,도심환승센터행,,116,79101,120,63,상행,양포초등학교,367,2026-05-12
800,문덕-감포-폴리텍-도심,문덕행,도심환승센터행,,116,79101,120,64,상행,수성리,766.7,2026-05-12
800,문덕-감포-폴리텍-도심,문덕행,도심환승센터행,,116,79101,120,65,상행,수성리딸기직판장,764.1,2026-05-12
800,문덕-감포-폴리텍-도심,문덕행,도심환승센터행,,116,79101,120,66,상행,임중리,643.9,2026-05-12
800,문덕-감포-폴리텍-도심,문덕행,도심환승센터행,,116,79101,120,67,상행,장기중학교,387.9,2026-05-12
800,문덕-감포-폴리텍-도심,문덕행,도심환승센터행,,116,79101,120,68,상행,장기교,244.2,2026-05-12
800,문덕-감포-폴리텍-도심,문덕행,도심환승센터행,,116,79101,120,69,상행,장기파출소,146.2,2026-05-12
800,문덕-감포-폴리텍-도심,문덕행,도심환승센터행,,116,79101,120,70,상행,장기면행정복지센터,157,2026-05-12
800,문덕-감포-폴리텍-도심,문덕행,도심환승센터행,,116,79101,120,71,상행,서촌1리,683,2026-05-12
800,문덕-감포-폴리텍-도심,문덕행,도심환승센터행,,116,79101,120,72,상행,서촌2리,674.8,2026-05-12
800,문덕-감포-폴리텍-도심,문덕행,도심환승센터행,,116,79101,120,73,상행,금오리,1730.2,2026-05-12
800,문덕-감포-폴리텍-도심,문덕행,도심환승센터행,,116,79101,120,74,상행,학곡리,668.2,2026-05-12
800,문덕-감포-폴리텍-도심,문덕행,도심환승센터행,,116,79101,120,75,상행,창지2리,589.9,2026-05-12
800,문덕-감포-폴리텍-도심,문덕행,도심환승센터행,,116,79101,120,76,상행,창지1리,474.6,2026-05-12
800,문덕-감포-폴리텍-도심,문덕행,도심환승센터행,,116,79101,120,77,상행,신계리,379.3,2026-05-12
800,문덕-감포-폴리텍-도심,문덕행,도심환승센터행,,116,79101,120,78,상행,대곡리,874.4,2026-05-12
800,문덕-감포-폴리텍-도심,문덕행,도심환승센터행,,116,79101,120,79,상행,정천2리,2035.2,2026-05-12
800,문덕-감포-폴리텍-도심,문덕행,도심환승센터행,,116,79101,120,80,상행,하정리,469.6,2026-05-12
800,문덕-감포-폴리텍-도심,문덕행,도심환승센터행,,116,79101,120,81,상행,정천1리,929.4,2026-05-12
800,문덕-감포-폴리텍-도심,문덕행,도심환승센터행,,116,79101,120,82,상행,정천리,773,2026-05-12
800,문덕-감포-폴리텍-도심,문덕행,도심환승센터행,,116,79101,120,83,상행,장승배기,249.4,2026-05-12
800,문덕-감포-폴리텍-도심,문덕행,도심환승센터행,,116,79101,120,84,상행,세계2리,612.2,2026-05-12
800,문덕-감포-폴리텍-도심,문덕행,도심환승센터행,,116,79101,120,85,상행,일월문화공원,500.9,2026-05-12
800,문덕-감포-폴리텍-도심,문덕행,도심환승센터행,,116,79101,120,86,상행,해병대교육훈련단,565,2026-05-12
800,문덕-감포-폴리텍-도심,문덕행,도심환승센터행,,116,79101,120,87,상행,신흥중학교,507.9,2026-05-12
800,문덕-감포-폴리텍-도심,문덕행,도심환승센터행,,116,79101,120,88,상행,오천시장,610.3,2026-05-12
800,문덕-감포-폴리텍-도심,문덕행,도심환승센터행,,116,79101,120,89,상행,오천농협세계지점,147.4,2026-05-12
800,문덕-감포-폴리텍-도심,문덕행,도심환승센터행,,116,79101,120,90,상행,오천초등학교,307.4,2026-05-12
800,문덕-감포-폴리텍-도심,문덕행,도심환승센터행,,116,79101,120,91,상행,용덕사거리,303.7,2026-05-12
800,문덕-감포-폴리텍-도심,문덕행,도심환승센터행,,116,79101,120,92,상행,서문사거리,484.9,2026-05-12
800,문덕-감포-폴리텍-도심,문덕행,도심환승센터행,,116,79101,120,93,상행,오천고등학교,1111.9,2026-05-12
800,문덕-감포-폴리텍-도심,문덕행,도심환승센터행,,116,79101,120,94,상행,오천119안전센터,747.4,2026-05-12
800,문덕-감포-폴리텍-도심,문덕행,도심환승센터행,,116,79101,120,95,상행,문덕온천,389,2026-05-12
800,문덕-감포-폴리텍-도심,문덕행,도심환승센터행,,116,79101,120,96,상행,문덕사거리,235,2026-05-12
800,문덕-감포-폴리텍-도심,문덕행,도심환승센터행,,116,79101,120,97,상행,준양참마을,330.2,2026-05-12
800,문덕-감포-폴리텍-도심,문덕행,도심환승센터행,,116,79101,120,98,상행,한일철강,1508.2,2026-05-12
800,문덕-감포-폴리텍-도심,문덕행,도심환승센터행,,116,79101,120,99,상행,현대성우캐스팅,631.6,2026-05-12
800,문덕-감포-폴리텍-도심,문덕행,도심환승센터행,,116,79101,120,100,상행,호동근로자종합복지관,623.4,2026-05-12
800,문덕-감포-폴리텍-도심,문덕행,도심환승센터행,,116,79101,120,101,상행,한국폴리텍대학,1802.8,2026-05-12
800,문덕-감포-폴리텍-도심,문덕행,도심환승센터행,,116,79101,120,102,상행,삼일,1926.4,2026-05-12
800,문덕-감포-폴리텍-도심,문덕행,도심환승센터행,,116,79101,120,103,상행,동부제강,521.5,2026-05-12
800,문덕-감포-폴리텍-도심,문덕행,도심환승센터행,,116,79101,120,104,상행,포스코건설,513.7,2026-05-12
800,문덕-감포-폴리텍-도심,문덕행,도심환승센터행,,116,79101,120,105,상행,포스코강판,452.9,2026-05-12
800,문덕-감포-폴리텍-도심,문덕행,도심환승센터행,,116,79101,120,106,상행,단지주유소,629,2026-05-12
800,문덕-감포-폴리텍-도심,문덕행,도심환승센터행,,116,79101,120,107,상행,현대제철,453.2,2026-05-12
800,문덕-감포-폴리텍-도심,문덕행,도심환승센터행,,116,79101,120,108,상행,형산로터리,995.1,2026-05-12
800,문덕-감포-폴리텍-도심,문덕행,도심환승센터행,,116,79101,120,109,상행,장애인생산품판매시설,184.7,2026-05-12
800,문덕-감포-폴리텍-도심,문덕행,도심환승센터행,,116,79101,120,110,상행,대해시장,379.5,2026-05-12
800,문덕-감포-폴리텍-도심,문덕행,도심환승센터행,,116,79101,120,111,상행,해도119안전센터,495.2,2026-05-12
800,문덕-감포-폴리텍-도심,문덕행,도심환승센터행,,116,79101,120,112,상행,고속버스터미널,437.6,2026-05-12
800,문덕-감포-폴리텍-도심,문덕행,도심환승센터행,,116,79101,120,113,상행,농협포항시지부,905.7,2026-05-12
800,문덕-감포-폴리텍-도심,문덕행,도심환승센터행,,116,79101,120,114,상행,롯데시네마,471.8,2026-05-12
800,문덕-감포-폴리텍-도심,문덕행,도심환승센터행,,116,79101,120,115,상행,서산사거리,268,2026-05-12
800,문덕-감포-폴리텍-도심,문덕행,도심환승센터행,,116,79101,120,116,상행,도심환승센터,433.8,2026-05-12
800,문덕-감포-폴리텍-도심-문덕,문덕행,문덕행,도심환승센터행,145,96905,120,1,상행,문덕차고지,0,2026-05-12
800,문덕-감포-폴리텍-도심-문덕,문덕행,문덕행,도심환승센터행,145,96905,120,2,상행,문덕2리,226.7,2026-05-12
800,문덕-감포-폴리텍-도심-문덕,문덕행,문덕행,도심환승센터행,145,96905,120,3,상행,운전면허시험장,335.5,2026-05-12
800,문덕-감포-폴리텍-도심-문덕,문덕행,문덕행,도심환승센터행,145,96905,120,4,상행,오천읍민운동장,489.1,2026-05-12
800,문덕-감포-폴리텍-도심-문덕,문덕행,문덕행,도심환승센터행,145,96905,120,5,상행,문덕마을회관,1222.2,2026-05-12
800,문덕-감포-폴리텍-도심-문덕,문덕행,문덕행,도심환승센터행,145,96905,120,6,상행,화이트빌라,436.6,2026-05-12
800,문덕-감포-폴리텍-도심-문덕,문덕행,문덕행,도심환승센터행,145,96905,120,7,상행,문덕교,403.7,2026-05-12
800,문덕-감포-폴리텍-도심-문덕,문덕행,문덕행,도심환승센터행,145,96905,120,8,상행,오천119안전센터,412.1,2026-05-12
800,문덕-감포-폴리텍-도심-문덕,문덕행,문덕행,도심환승센터행,145,96905,120,9,상행,오천고등학교,782.5,2026-05-12
800,문덕-감포-폴리텍-도심-문덕,문덕행,문덕행,도심환승센터행,145,96905,120,10,상행,서문사거리,1070.1,2026-05-12
800,문덕-감포-폴리텍-도심-문덕,문덕행,문덕행,도심환승센터행,145,96905,120,11,상행,용덕사거리,433.7,2026-05-12
800,문덕-감포-폴리텍-도심-문덕,문덕행,문덕행,도심환승센터행,145,96905,120,12,상행,오천초등학교,218.8,2026-05-12
800,문덕-감포-폴리텍-도심-문덕,문덕행,문덕행,도심환승센터행,145,96905,120,13,상행,오천농협세계지점,403.2,2026-05-12
800,문덕-감포-폴리텍-도심-문덕,문덕행,문덕행,도심환승센터행,145,96905,120,14,상행,오천시장,168.3,2026-05-12
800,문덕-감포-폴리텍-도심-문덕,문덕행,문덕행,도심환승센터행,145,96905,120,15,상행,신흥중학교,665.9,2026-05-12
800,문덕-감포-폴리텍-도심-문덕,문덕행,문덕행,도심환승센터행,145,96905,120,16,상행,해병대교육훈련단,556.9,2026-05-12
800,문덕-감포-폴리텍-도심-문덕,문덕행,문덕행,도심환승센터행,145,96905,120,17,상행,일월문화공원,475.1,2026-05-12
800,문덕-감포-폴리텍-도심-문덕,문덕행,문덕행,도심환승센터행,145,96905,120,18,상행,세계2리,491.7,2026-05-12
800,문덕-감포-폴리텍-도심-문덕,문덕행,문덕행,도심환승센터행,145,96905,120,19,상행,장승배기,698.6,2026-05-12
800,문덕-감포-폴리텍-도심-문덕,문덕행,문덕행,도심환승센터행,145,96905,120,20,상행,정천리,461.4,2026-05-12
800,문덕-감포-폴리텍-도심-문덕,문덕행,문덕행,도심환승센터행,145,96905,120,21,상행,정천1리,678,2026-05-12
800,문덕-감포-폴리텍-도심-문덕,문덕행,문덕행,도심환승센터행,145,96905,120,22,상행,하정리,905.2,2026-05-12
800,문덕-감포-폴리텍-도심-문덕,문덕행,문덕행,도심환승센터행,145,96905,120,23,상행,정천2리,347.1,2026-05-12
800,문덕-감포-폴리텍-도심-문덕,문덕행,문덕행,도심환승센터행,145,96905,120,24,상행,대곡리,2039,2026-05-12
800,문덕-감포-폴리텍-도심-문덕,문덕행,문덕행,도심환승센터행,145,96905,120,25,상행,신계리,853.5,2026-05-12
800,문덕-감포-폴리텍-도심-문덕,문덕행,문덕행,도심환승센터행,145,96905,120,26,상행,창지1리,362.3,2026-05-12
800,문덕-감포-폴리텍-도심-문덕,문덕행,문덕행,도심환승센터행,145,96905,120,27,상행,창지2리,495.6,2026-05-12
800,문덕-감포-폴리텍-도심-문덕,문덕행,문덕행,도심환승센터행,145,96905,120,28,상행,학곡리,619.9,2026-05-12
800,문덕-감포-폴리텍-도심-문덕,문덕행,문덕행,도심환승센터행,145,96905,120,29,상행,금오리,583.1,2026-05-12
800,문덕-감포-폴리텍-도심-문덕,문덕행,문덕행,도심환승센터행,145,96905,120,30,상행,서촌2리,1678.6,2026-05-12
800,문덕-감포-폴리텍-도심-문덕,문덕행,문덕행,도심환승센터행,145,96905,120,31,상행,서촌1리,842.6,2026-05-12
800,문덕-감포-폴리텍-도심-문덕,문덕행,문덕행,도심환승센터행,145,96905,120,32,상행,장기면행정복지센터,630.7,2026-05-12
800,문덕-감포-폴리텍-도심-문덕,문덕행,문덕행,도심환승센터행,145,96905,120,33,상행,장기교,287.9,2026-05-12
800,문덕-감포-폴리텍-도심-문덕,문덕행,문덕행,도심환승센터행,145,96905,120,34,상행,장기중학교,210.7,2026-05-12
800,문덕-감포-폴리텍-도심-문덕,문덕행,문덕행,도심환승센터행,145,96905,120,35,상행,임중리,422.3,2026-05-12
800,문덕-감포-폴리텍-도심-문덕,문덕행,문덕행,도심환승센터행,145,96905,120,36,상행,수성리딸기직판장,612.9,2026-05-12
800,문덕-감포-폴리텍-도심-문덕,문덕행,문덕행,도심환승센터행,145,96905,120,37,상행,수성리,793.4,2026-05-12
800,문덕-감포-폴리텍-도심-문덕,문덕행,문덕행,도심환승센터행,145,96905,120,38,상행,양포초등학교,802.2,2026-05-12
800,문덕-감포-폴리텍-도심-문덕,문덕행,문덕행,도심환승센터행,145,96905,120,39,상행,양포삼거리,344.2,2026-05-12
800,문덕-감포-폴리텍-도심-문덕,문덕행,문덕행,도심환승센터행,145,96905,120,40,상행,계원리,1641.6,2026-05-12
800,문덕-감포-폴리텍-도심-문덕,문덕행,문덕행,도심환승센터행,145,96905,120,41,상행,손재림박물관,276.9,2026-05-12
800,문덕-감포-폴리텍-도심-문덕,문덕행,문덕행,도심환승센터행,145,96905,120,42,상행,계원2리,1083.6,2026-05-12
800,문덕-감포-폴리텍-도심-문덕,문덕행,문덕행,도심환승센터행,145,96905,120,43,상행,두원리입구,1948.9,2026-05-12
800,문덕-감포-폴리텍-도심-문덕,문덕행,문덕행,도심환승센터행,145,96905,120,44,상행,두원리,391.7,2026-05-12
800,문덕-감포-폴리텍-도심-문덕,문덕행,문덕행,도심환승센터행,145,96905,120,45,상행,오류4리,486.7,2026-05-12
800,문덕-감포-폴리텍-도심-문덕,문덕행,문덕행,도심환승센터행,145,96905,120,46,상행,모곡마을,1622.4,2026-05-12
800,문덕-감포-폴리텍-도심-문덕,문덕행,문덕행,도심환승센터행,145,96905,120,47,상행,오류해수욕장,609.2,2026-05-12
800,문덕-감포-폴리텍-도심-문덕,문덕행,문덕행,도심환승센터행,145,96905,120,48,상행,감포진성숯불가든,1801.5,2026-05-12
800,문덕-감포-폴리텍-도심-문덕,문덕행,문덕행,도심환승센터행,145,96905,120,49,상행,감포초등학교,284.2,2026-05-12
800,문덕-감포-폴리텍-도심-문덕,문덕행,문덕행,도심환승센터행,145,96905,120,50,상행,감포항,394.4,2026-05-12
800,문덕-감포-폴리텍-도심-문덕,문덕행,문덕행,도심환승센터행,145,96905,120,51,상행,감포항,60.5,2026-05-12
800,문덕-감포-폴리텍-도심-문덕,문덕행,문덕행,도심환승센터행,145,96905,120,52,상행,감포초등학교,374.7,2026-05-12
800,문덕-감포-폴리텍-도심-문덕,문덕행,문덕행,도심환승센터행,145,96905,120,53,상행,감포진성숯불가든,279,2026-05-12
800,문덕-감포-폴리텍-도심-문덕,문덕행,문덕행,도심환승센터행,145,96905,120,54,상행,오류해수욕장,1798.4,2026-05-12
800,문덕-감포-폴리텍-도심-문덕,문덕행,문덕행,도심환승센터행,145,96905,120,55,상행,모곡마을,617.7,2026-05-12
800,문덕-감포-폴리텍-도심-문덕,문덕행,문덕행,도심환승센터행,145,96905,120,56,상행,오류4리,1612.2,2026-05-12
800,문덕-감포-폴리텍-도심-문덕,문덕행,문덕행,도심환승센터행,145,96905,120,57,상행,두원리,447.2,2026-05-12
800,문덕-감포-폴리텍-도심-문덕,문덕행,문덕행,도심환승센터행,145,96905,120,58,상행,두원리입구,407.2,2026-05-12
800,문덕-감포-폴리텍-도심-문덕,문덕행,문덕행,도심환승센터행,145,96905,120,59,상행,계원2리,1936,2026-05-12
800,문덕-감포-폴리텍-도심-문덕,문덕행,문덕행,도심환승센터행,145,96905,120,60,상행,손재림박물관,1116.1,2026-05-12
800,문덕-감포-폴리텍-도심-문덕,문덕행,문덕행,도심환승센터행,145,96905,120,61,상행,계원리,271.1,2026-05-12
800,문덕-감포-폴리텍-도심-문덕,문덕행,문덕행,도심환승센터행,145,96905,120,62,상행,양포삼거리,1605.6,2026-05-12
800,문덕-감포-폴리텍-도심-문덕,문덕행,문덕행,도심환승센터행,145,96905,120,63,상행,양포초등학교,367,2026-05-12
800,문덕-감포-폴리텍-도심-문덕,문덕행,문덕행,도심환승센터행,145,96905,120,64,상행,수성리,766.7,2026-05-12
800,문덕-감포-폴리텍-도심-문덕,문덕행,문덕행,도심환승센터행,145,96905,120,65,상행,수성리딸기직판장,764.1,2026-05-12
800,문덕-감포-폴리텍-도심-문덕,문덕행,문덕행,도심환승센터행,145,96905,120,66,상행,임중리,643.9,2026-05-12
800,문덕-감포-폴리텍-도심-문덕,문덕행,문덕행,도심환승센터행,145,96905,120,67,상행,장기중학교,387.9,2026-05-12
800,문덕-감포-폴리텍-도심-문덕,문덕행,문덕행,도심환승센터행,145,96905,120,68,상행,장기교,244.2,2026-05-12
800,문덕-감포-폴리텍-도심-문덕,문덕행,문덕행,도심환승센터행,145,96905,120,69,상행,장기파출소,146.2,2026-05-12
800,문덕-감포-폴리텍-도심-문덕,문덕행,문덕행,도심환승센터행,145,96905,120,70,상행,장기면행정복지센터,157,2026-05-12
800,문덕-감포-폴리텍-도심-문덕,문덕행,문덕행,도심환승센터행,145,96905,120,71,상행,서촌1리,683,2026-05-12
800,문덕-감포-폴리텍-도심-문덕,문덕행,문덕행,도심환승센터행,145,96905,120,72,상행,서촌2리,674.8,2026-05-12
800,문덕-감포-폴리텍-도심-문덕,문덕행,문덕행,도심환승센터행,145,96905,120,73,상행,금오리,1730.2,2026-05-12
800,문덕-감포-폴리텍-도심-문덕,문덕행,문덕행,도심환승센터행,145,96905,120,74,상행,학곡리,668.2,2026-05-12
800,문덕-감포-폴리텍-도심-문덕,문덕행,문덕행,도심환승센터행,145,96905,120,75,상행,창지2리,589.9,2026-05-12
800,문덕-감포-폴리텍-도심-문덕,문덕행,문덕행,도심환승센터행,145,96905,120,76,상행,창지1리,474.6,2026-05-12
800,문덕-감포-폴리텍-도심-문덕,문덕행,문덕행,도심환승센터행,145,96905,120,77,상행,신계리,379.3,2026-05-12
800,문덕-감포-폴리텍-도심-문덕,문덕행,문덕행,도심환승센터행,145,96905,120,78,상행,대곡리,874.4,2026-05-12
800,문덕-감포-폴리텍-도심-문덕,문덕행,문덕행,도심환승센터행,145,96905,120,79,상행,정천2리,2035.2,2026-05-12
800,문덕-감포-폴리텍-도심-문덕,문덕행,문덕행,도심환승센터행,145,96905,120,80,상행,하정리,469.6,2026-05-12
800,문덕-감포-폴리텍-도심-문덕,문덕행,문덕행,도심환승센터행,145,96905,120,81,상행,정천1리,929.4,2026-05-12
800,문덕-감포-폴리텍-도심-문덕,문덕행,문덕행,도심환승센터행,145,96905,120,82,상행,정천리,773,2026-05-12
800,문덕-감포-폴리텍-도심-문덕,문덕행,문덕행,도심환승센터행,145,96905,120,83,상행,장승배기,249.4,2026-05-12
800,문덕-감포-폴리텍-도심-문덕,문덕행,문덕행,도심환승센터행,145,96905,120,84,상행,세계2리,612.2,2026-05-12
800,문덕-감포-폴리텍-도심-문덕,문덕행,문덕행,도심환승센터행,145,96905,120,85,상행,일월문화공원,500.9,2026-05-12
800,문덕-감포-폴리텍-도심-문덕,문덕행,문덕행,도심환승센터행,145,96905,120,86,상행,해병대교육훈련단,565,2026-05-12
800,문덕-감포-폴리텍-도심-문덕,문덕행,문덕행,도심환승센터행,145,96905,120,87,상행,신흥중학교,507.9,2026-05-12
800,문덕-감포-폴리텍-도심-문덕,문덕행,문덕행,도심환승센터행,145,96905,120,88,상행,오천시장,610.3,2026-05-12
800,문덕-감포-폴리텍-도심-문덕,문덕행,문덕행,도심환승센터행,145,96905,120,89,상행,오천농협세계지점,147.4,2026-05-12
800,문덕-감포-폴리텍-도심-문덕,문덕행,문덕행,도심환승센터행,145,96905,120,90,상행,오천초등학교,307.4,2026-05-12
800,문덕-감포-폴리텍-도심-문덕,문덕행,문덕행,도심환승센터행,145,96905,120,91,상행,용덕사거리,303.7,2026-05-12
800,문덕-감포-폴리텍-도심-문덕,문덕행,문덕행,도심환승센터행,145,96905,120,92,상행,서문사거리,484.9,2026-05-12
800,문덕-감포-폴리텍-도심-문덕,문덕행,문덕행,도심환승센터행,145,96905,120,93,상행,오천고등학교,1111.9,2026-05-12
800,문덕-감포-폴리텍-도심-문덕,문덕행,문덕행,도심환승센터행,145,96905,120,94,상행,오천119안전센터,747.4,2026-05-12
800,문덕-감포-폴리텍-도심-문덕,문덕행,문덕행,도심환승센터행,145,96905,120,95,상행,문덕온천,389,2026-05-12
800,문덕-감포-폴리텍-도심-문덕,문덕행,문덕행,도심환승센터행,145,96905,120,96,상행,문덕사거리,235,2026-05-12
800,문덕-감포-폴리텍-도심-문덕,문덕행,문덕행,도심환승센터행,145,96905,120,97,상행,준양참마을,330.2,2026-05-12
800,문덕-감포-폴리텍-도심-문덕,문덕행,문덕행,도심환승센터행,145,96905,120,98,상행,한일철강,1508.2,2026-05-12
800,문덕-감포-폴리텍-도심-문덕,문덕행,문덕행,도심환승센터행,145,96905,120,99,상행,현대성우캐스팅,631.6,2026-05-12
800,문덕-감포-폴리텍-도심-문덕,문덕행,문덕행,도심환승센터행,145,96905,120,100,상행,호동근로자종합복지관,623.4,2026-05-12
800,문덕-감포-폴리텍-도심-문덕,문덕행,문덕행,도심환승센터행,145,96905,120,101,상행,한국폴리텍대학,1802.8,2026-05-12
800,문덕-감포-폴리텍-도심-문덕,문덕행,문덕행,도심환승센터행,145,96905,120,102,상행,삼일,1926.4,2026-05-12
800,문덕-감포-폴리텍-도심-문덕,문덕행,문덕행,도심환승센터행,145,96905,120,103,상행,동부제강,521.5,2026-05-12
800,문덕-감포-폴리텍-도심-문덕,문덕행,문덕행,도심환승센터행,145,96905,120,104,상행,포스코건설,513.7,2026-05-12
800,문덕-감포-폴리텍-도심-문덕,문덕행,문덕행,도심환승센터행,145,96905,120,105,상행,포스코강판,452.9,2026-05-12
800,문덕-감포-폴리텍-도심-문덕,문덕행,문덕행,도심환승센터행,145,96905,120,106,상행,단지주유소,629,2026-05-12
800,문덕-감포-폴리텍-도심-문덕,문덕행,문덕행,도심환승센터행,145,96905,120,107,상행,현대제철,453.2,2026-05-12
800,문덕-감포-폴리텍-도심-문덕,문덕행,문덕행,도심환승센터행,145,96905,120,108,상행,형산로터리,995.1,2026-05-12
800,문덕-감포-폴리텍-도심-문덕,문덕행,문덕행,도심환승센터행,145,96905,120,109,상행,장애인생산품판매시설,184.7,2026-05-12
800,문덕-감포-폴리텍-도심-문덕,문덕행,문덕행,도심환승센터행,145,96905,120,110,상행,대해시장,379.5,2026-05-12
800,문덕-감포-폴리텍-도심-문덕,문덕행,문덕행,도심환승센터행,145,96905,120,111,상행,해도119안전센터,495.2,2026-05-12
800,문덕-감포-폴리텍-도심-문덕,문덕행,문덕행,도심환승센터행,145,96905,120,112,상행,고속버스터미널,437.6,2026-05-12
800,문덕-감포-폴리텍-도심-문덕,문덕행,문덕행,도심환승센터행,145,96905,120,113,상행,농협포항시지부,905.7,2026-05-12
800,문덕-감포-폴리텍-도심-문덕,문덕행,문덕행,도심환승센터행,145,96905,120,114,상행,롯데시네마,471.8,2026-05-12
800,문덕-감포-폴리텍-도심-문덕,문덕행,문덕행,도심환승센터행,145,96905,120,115,상행,서산사거리,268,2026-05-12
800,문덕-감포-폴리텍-도심-문덕,문덕행,문덕행,도심환승센터행,145,96905,120,116,하행,도심환승센터,433.8,2026-05-12
800,문덕-감포-폴리텍-도심-문덕,문덕행,문덕행,도심환승센터행,145,96905,120,117,하행,서산사거리,476.6,2026-05-12
800,문덕-감포-폴리텍-도심-문덕,문덕행,문덕행,도심환승센터행,145,96905,120,118,하행,롯데시네마,334.2,2026-05-12
800,문덕-감포-폴리텍-도심-문덕,문덕행,문덕행,도심환승센터행,145,96905,120,119,하행,농협포항시지부,521.9,2026-05-12
800,문덕-감포-폴리텍-도심-문덕,문덕행,문덕행,도심환승센터행,145,96905,120,120,하행,오거리,381.5,2026-05-12
800,문덕-감포-폴리텍-도심-문덕,문덕행,문덕행,도심환승센터행,145,96905,120,121,하행,고속버스터미널,317.7,2026-05-12
800,문덕-감포-폴리텍-도심-문덕,문덕행,문덕행,도심환승센터행,145,96905,120,122,하행,해도119안전센터,571,2026-05-12
800,문덕-감포-폴리텍-도심-문덕,문덕행,문덕행,도심환승센터행,145,96905,120,123,하행,대해시장,423.9,2026-05-12
800,문덕-감포-폴리텍-도심-문덕,문덕행,문덕행,도심환승센터행,145,96905,120,124,하행,장애인생산품판매시설,417.9,2026-05-12
800,문덕-감포-폴리텍-도심-문덕,문덕행,문덕행,도심환승센터행,145,96905,120,125,하행,형산로타리,292,2026-05-12
800,문덕-감포-폴리텍-도심-문덕,문덕행,문덕행,도심환승센터행,145,96905,120,126,하행,현대제철,976.3,2026-05-12
800,문덕-감포-폴리텍-도심-문덕,문덕행,문덕행,도심환승센터행,145,96905,120,127,하행,단지주유소,480.6,2026-05-12
800,문덕-감포-폴리텍-도심-문덕,문덕행,문덕행,도심환승센터행,145,96905,120,128,하행,포스코강판,509,2026-05-12
800,문덕-감포-폴리텍-도심-문덕,문덕행,문덕행,도심환승센터행,145,96905,120,129,하행,포스코건설,575.9,2026-05-12
800,문덕-감포-폴리텍-도심-문덕,문덕행,문덕행,도심환승센터행,145,96905,120,130,하행,동부제강,455.4,2026-05-12
800,문덕-감포-폴리텍-도심-문덕,문덕행,문덕행,도심환승센터행,145,96905,120,131,하행,삼일,547.4,2026-05-12
800,문덕-감포-폴리텍-도심-문덕,문덕행,문덕행,도심환승센터행,145,96905,120,132,하행,한국폴리텍대학,1880.9,2026-05-12
800,문덕-감포-폴리텍-도심-문덕,문덕행,문덕행,도심환승센터행,145,96905,120,133,하행,호동근로자종합복지관,1845,2026-05-12
800,문덕-감포-폴리텍-도심-문덕,문덕행,문덕행,도심환승센터행,145,96905,120,134,하행,현대성우캐스팅,606.6,2026-05-12
800,문덕-감포-폴리텍-도심-문덕,문덕행,문덕행,도심환승센터행,145,96905,120,135,하행,한일철강,622.4,2026-05-12
800,문덕-감포-폴리텍-도심-문덕,문덕행,문덕행,도심환승센터행,145,96905,120,136,하행,준양참마을,1574.2,2026-05-12
800,문덕-감포-폴리텍-도심-문덕,문덕행,문덕행,도심환승센터행,145,96905,120,137,하행,문덕사거리,309.1,2026-05-12
800,문덕-감포-폴리텍-도심-문덕,문덕행,문덕행,도심환승센터행,145,96905,120,138,하행,문덕온천,283.6,2026-05-12
800,문덕-감포-폴리텍-도심-문덕,문덕행,문덕행,도심환승센터행,145,96905,120,139,하행,문덕교,240.9,2026-05-12
800,문덕-감포-폴리텍-도심-문덕,문덕행,문덕행,도심환승센터행,145,96905,120,140,하행,화이트빌라,376.6,2026-05-12
800,문덕-감포-폴리텍-도심-문덕,문덕행,문덕행,도심환승센터행,145,96905,120,141,하행,문덕마을회관,437,2026-05-12
800,문덕-감포-폴리텍-도심-문덕,문덕행,문덕행,도심환승센터행,145,96905,120,142,하행,오천읍민운동장,1251.8,2026-05-12
800,문덕-감포-폴리텍-도심-문덕,문덕행,문덕행,도심환승센터행,145,96905,120,143,하행,운전면허시험장,458.9,2026-05-12
800,문덕-감포-폴리텍-도심-문덕,문덕행,문덕행,도심환승센터행,145,96905,120,144,하행,문덕2리,364.7,2026-05-12
800,문덕-감포-폴리텍-도심-문덕,문덕행,문덕행,도심환승센터행,145,96905,120,145,하행,문덕차고지,215.9,2026-05-12
800,문덕-척사-폴리텍-도심-문덕,문덕행,문덕행,도심환승센터행,148,97708,120,1,상행,문덕차고지,0,2026-05-12
800,문덕-척사-폴리텍-도심-문덕,문덕행,문덕행,도심환승센터행,148,97708,120,2,상행,문덕2리,226.7,2026-05-12
800,문덕-척사-폴리텍-도심-문덕,문덕행,문덕행,도심환승센터행,148,97708,120,3,상행,운전면허시험장,335.5,2026-05-12
800,문덕-척사-폴리텍-도심-문덕,문덕행,문덕행,도심환승센터행,148,97708,120,4,상행,오천읍민운동장,489.1,2026-05-12
800,문덕-척사-폴리텍-도심-문덕,문덕행,문덕행,도심환승센터행,148,97708,120,5,상행,문덕마을회관,1222.2,2026-05-12
800,문덕-척사-폴리텍-도심-문덕,문덕행,문덕행,도심환승센터행,148,97708,120,6,상행,화이트빌라,436.6,2026-05-12
800,문덕-척사-폴리텍-도심-문덕,문덕행,문덕행,도심환승센터행,148,97708,120,7,상행,문덕교,403.7,2026-05-12
800,문덕-척사-폴리텍-도심-문덕,문덕행,문덕행,도심환승센터행,148,97708,120,8,상행,오천119안전센터,412.1,2026-05-12
800,문덕-척사-폴리텍-도심-문덕,문덕행,문덕행,도심환승센터행,148,97708,120,9,상행,오천고등학교,782.5,2026-05-12
800,문덕-척사-폴리텍-도심-문덕,문덕행,문덕행,도심환승센터행,148,97708,120,10,상행,서문사거리,1070.1,2026-05-12
800,문덕-척사-폴리텍-도심-문덕,문덕행,문덕행,도심환승센터행,148,97708,120,11,상행,용덕사거리,433.7,2026-05-12
800,문덕-척사-폴리텍-도심-문덕,문덕행,문덕행,도심환승센터행,148,97708,120,12,상행,오천초등학교,218.8,2026-05-12
800,문덕-척사-폴리텍-도심-문덕,문덕행,문덕행,도심환승센터행,148,97708,120,13,상행,오천농협세계지점,403.2,2026-05-12
800,문덕-척사-폴리텍-도심-문덕,문덕행,문덕행,도심환승센터행,148,97708,120,14,상행,오천시장,168.3,2026-05-12
800,문덕-척사-폴리텍-도심-문덕,문덕행,문덕행,도심환승센터행,148,97708,120,15,상행,신흥중학교,665.9,2026-05-12
800,문덕-척사-폴리텍-도심-문덕,문덕행,문덕행,도심환승센터행,148,97708,120,16,상행,해병대교육훈련단,556.9,2026-05-12
800,문덕-척사-폴리텍-도심-문덕,문덕행,문덕행,도심환승센터행,148,97708,120,17,상행,일월문화공원,475.1,2026-05-12
800,문덕-척사-폴리텍-도심-문덕,문덕행,문덕행,도심환승센터행,148,97708,120,18,상행,세계2리,491.7,2026-05-12
800,문덕-척사-폴리텍-도심-문덕,문덕행,문덕행,도심환승센터행,148,97708,120,19,상행,장승배기,698.6,2026-05-12
800,문덕-척사-폴리텍-도심-문덕,문덕행,문덕행,도심환승센터행,148,97708,120,20,상행,정천리,461.4,2026-05-12
800,문덕-척사-폴리텍-도심-문덕,문덕행,문덕행,도심환승센터행,148,97708,120,21,상행,정천1리,678,2026-05-12
800,문덕-척사-폴리텍-도심-문덕,문덕행,문덕행,도심환승센터행,148,97708,120,22,상행,하정리,905.2,2026-05-12
800,문덕-척사-폴리텍-도심-문덕,문덕행,문덕행,도심환승센터행,148,97708,120,23,상행,정천2리,347.1,2026-05-12
800,문덕-척사-폴리텍-도심-문덕,문덕행,문덕행,도심환승센터행,148,97708,120,24,상행,대곡리,2039,2026-05-12
800,문덕-척사-폴리텍-도심-문덕,문덕행,문덕행,도심환승센터행,148,97708,120,25,상행,신계리,853.5,2026-05-12
800,문덕-척사-폴리텍-도심-문덕,문덕행,문덕행,도심환승센터행,148,97708,120,26,상행,창지1리,362.3,2026-05-12
800,문덕-척사-폴리텍-도심-문덕,문덕행,문덕행,도심환승센터행,148,97708,120,27,상행,창지2리,495.6,2026-05-12
800,문덕-척사-폴리텍-도심-문덕,문덕행,문덕행,도심환승센터행,148,97708,120,28,상행,학곡리,619.9,2026-05-12
800,문덕-척사-폴리텍-도심-문덕,문덕행,문덕행,도심환승센터행,148,97708,120,29,상행,금오리,583.1,2026-05-12
800,문덕-척사-폴리텍-도심-문덕,문덕행,문덕행,도심환승센터행,148,97708,120,30,상행,서촌2리,1678.6,2026-05-12
800,문덕-척사-폴리텍-도심-문덕,문덕행,문덕행,도심환승센터행,148,97708,120,31,상행,서촌1리,842.6,2026-05-12
800,문덕-척사-폴리텍-도심-문덕,문덕행,문덕행,도심환승센터행,148,97708,120,32,상행,장기면행정복지센터,630.7,2026-05-12
800,문덕-척사-폴리텍-도심-문덕,문덕행,문덕행,도심환승센터행,148,97708,120,33,상행,장기교,287.9,2026-05-12
800,문덕-척사-폴리텍-도심-문덕,문덕행,문덕행,도심환승센터행,148,97708,120,34,상행,장기중학교,210.7,2026-05-12
800,문덕-척사-폴리텍-도심-문덕,문덕행,문덕행,도심환승센터행,148,97708,120,35,상행,임중리,422.3,2026-05-12
800,문덕-척사-폴리텍-도심-문덕,문덕행,문덕행,도심환승센터행,148,97708,120,36,상행,수성리딸기직판장,612.9,2026-05-12
800,문덕-척사-폴리텍-도심-문덕,문덕행,문덕행,도심환승센터행,148,97708,120,37,상행,수성리,793.4,2026-05-12
800,문덕-척사-폴리텍-도심-문덕,문덕행,문덕행,도심환승센터행,148,97708,120,38,상행,양포초등학교,802.2,2026-05-12
800,문덕-척사-폴리텍-도심-문덕,문덕행,문덕행,도심환승센터행,148,97708,120,39,상행,양포삼거리,344.2,2026-05-12
800,문덕-척사-폴리텍-도심-문덕,문덕행,문덕행,도심환승센터행,148,97708,120,40,상행,계원리,1641.6,2026-05-12
800,문덕-척사-폴리텍-도심-문덕,문덕행,문덕행,도심환승센터행,148,97708,120,41,상행,손재림박물관,276.9,2026-05-12
800,문덕-척사-폴리텍-도심-문덕,문덕행,문덕행,도심환승센터행,148,97708,120,42,상행,계원2리,1083.6,2026-05-12
800,문덕-척사-폴리텍-도심-문덕,문덕행,문덕행,도심환승센터행,148,97708,120,43,상행,두원리입구,1948.9,2026-05-12
800,문덕-척사-폴리텍-도심-문덕,문덕행,문덕행,도심환승센터행,148,97708,120,44,상행,두원리,391.7,2026-05-12
800,문덕-척사-폴리텍-도심-문덕,문덕행,문덕행,도심환승센터행,148,97708,120,45,상행,오류4리,486.7,2026-05-12
800,문덕-척사-폴리텍-도심-문덕,문덕행,문덕행,도심환승센터행,148,97708,120,46,상행,모곡마을,1622.4,2026-05-12
800,문덕-척사-폴리텍-도심-문덕,문덕행,문덕행,도심환승센터행,148,97708,120,47,상행,오류해수욕장,609.2,2026-05-12
800,문덕-척사-폴리텍-도심-문덕,문덕행,문덕행,도심환승센터행,148,97708,120,48,상행,척사,756.3,2026-05-12
800,문덕-척사-폴리텍-도심-문덕,문덕행,문덕행,도심환승센터행,148,97708,120,49,상행,감포중학교,1106.3,2026-05-12
800,문덕-척사-폴리텍-도심-문덕,문덕행,문덕행,도심환승센터행,148,97708,120,50,상행,감포초등학교,620,2026-05-12
800,문덕-척사-폴리텍-도심-문덕,문덕행,문덕행,도심환승센터행,148,97708,120,51,상행,감포항,394.4,2026-05-12
800,문덕-척사-폴리텍-도심-문덕,문덕행,문덕행,도심환승센터행,148,97708,120,52,상행,감포항,60.5,2026-05-12
800,문덕-척사-폴리텍-도심-문덕,문덕행,문덕행,도심환승센터행,148,97708,120,53,상행,감포초등학교,374.7,2026-05-12
800,문덕-척사-폴리텍-도심-문덕,문덕행,문덕행,도심환승센터행,148,97708,120,54,상행,감포중학교,606.9,2026-05-12
800,문덕-척사-폴리텍-도심-문덕,문덕행,문덕행,도심환승센터행,148,97708,120,55,상행,감포가나안슈퍼,171.1,2026-05-12
800,문덕-척사-폴리텍-도심-문덕,문덕행,문덕행,도심환승센터행,148,97708,120,56,상행,감포매일슈퍼,529.1,2026-05-12
800,문덕-척사-폴리텍-도심-문덕,문덕행,문덕행,도심환승센터행,148,97708,120,57,상행,척사,420.6,2026-05-12
800,문덕-척사-폴리텍-도심-문덕,문덕행,문덕행,도심환승센터행,148,97708,120,58,상행,오류해수욕장,755.8,2026-05-12
800,문덕-척사-폴리텍-도심-문덕,문덕행,문덕행,도심환승센터행,148,97708,120,59,상행,모곡마을,617.7,2026-05-12
800,문덕-척사-폴리텍-도심-문덕,문덕행,문덕행,도심환승센터행,148,97708,120,60,상행,오류4리,1612.2,2026-05-12
800,문덕-척사-폴리텍-도심-문덕,문덕행,문덕행,도심환승센터행,148,97708,120,61,상행,두원리,447.2,2026-05-12
800,문덕-척사-폴리텍-도심-문덕,문덕행,문덕행,도심환승센터행,148,97708,120,62,상행,두원리입구,407.2,2026-05-12
800,문덕-척사-폴리텍-도심-문덕,문덕행,문덕행,도심환승센터행,148,97708,120,63,상행,계원2리,1936,2026-05-12
800,문덕-척사-폴리텍-도심-문덕,문덕행,문덕행,도심환승센터행,148,97708,120,64,상행,손재림박물관,1116.1,2026-05-12
800,문덕-척사-폴리텍-도심-문덕,문덕행,문덕행,도심환승센터행,148,97708,120,65,상행,계원리,271.1,2026-05-12
800,문덕-척사-폴리텍-도심-문덕,문덕행,문덕행,도심환승센터행,148,97708,120,66,상행,양포삼거리,1605.6,2026-05-12
800,문덕-척사-폴리텍-도심-문덕,문덕행,문덕행,도심환승센터행,148,97708,120,67,상행,양포초등학교,367,2026-05-12
800,문덕-척사-폴리텍-도심-문덕,문덕행,문덕행,도심환승센터행,148,97708,120,68,상행,수성리,766.7,2026-05-12
800,문덕-척사-폴리텍-도심-문덕,문덕행,문덕행,도심환승센터행,148,97708,120,69,상행,수성리딸기직판장,764.1,2026-05-12
800,문덕-척사-폴리텍-도심-문덕,문덕행,문덕행,도심환승센터행,148,97708,120,70,상행,임중리,643.9,2026-05-12
800,문덕-척사-폴리텍-도심-문덕,문덕행,문덕행,도심환승센터행,148,97708,120,71,상행,장기중학교,387.9,2026-05-12
800,문덕-척사-폴리텍-도심-문덕,문덕행,문덕행,도심환승센터행,148,97708,120,72,상행,장기교,244.2,2026-05-12
800,문덕-척사-폴리텍-도심-문덕,문덕행,문덕행,도심환승센터행,148,97708,120,73,상행,장기파출소,146.2,2026-05-12
800,문덕-척사-폴리텍-도심-문덕,문덕행,문덕행,도심환승센터행,148,97708,120,74,상행,장기면행정복지센터,157,2026-05-12
800,문덕-척사-폴리텍-도심-문덕,문덕행,문덕행,도심환승센터행,148,97708,120,75,상행,서촌1리,683,2026-05-12
800,문덕-척사-폴리텍-도심-문덕,문덕행,문덕행,도심환승센터행,148,97708,120,76,상행,서촌2리,674.8,2026-05-12
800,문덕-척사-폴리텍-도심-문덕,문덕행,문덕행,도심환승센터행,148,97708,120,77,상행,금오리,1730.2,2026-05-12
800,문덕-척사-폴리텍-도심-문덕,문덕행,문덕행,도심환승센터행,148,97708,120,78,상행,학곡리,668.2,2026-05-12
800,문덕-척사-폴리텍-도심-문덕,문덕행,문덕행,도심환승센터행,148,97708,120,79,상행,창지2리,589.9,2026-05-12
800,문덕-척사-폴리텍-도심-문덕,문덕행,문덕행,도심환승센터행,148,97708,120,80,상행,창지1리,474.6,2026-05-12
800,문덕-척사-폴리텍-도심-문덕,문덕행,문덕행,도심환승센터행,148,97708,120,81,상행,신계리,379.3,2026-05-12
800,문덕-척사-폴리텍-도심-문덕,문덕행,문덕행,도심환승센터행,148,97708,120,82,상행,대곡리,874.4,2026-05-12
800,문덕-척사-폴리텍-도심-문덕,문덕행,문덕행,도심환승센터행,148,97708,120,83,상행,정천2리,2035.2,2026-05-12
800,문덕-척사-폴리텍-도심-문덕,문덕행,문덕행,도심환승센터행,148,97708,120,84,상행,하정리,469.6,2026-05-12
800,문덕-척사-폴리텍-도심-문덕,문덕행,문덕행,도심환승센터행,148,97708,120,85,상행,정천1리,929.4,2026-05-12
800,문덕-척사-폴리텍-도심-문덕,문덕행,문덕행,도심환승센터행,148,97708,120,86,상행,정천리,773,2026-05-12
800,문덕-척사-폴리텍-도심-문덕,문덕행,문덕행,도심환승센터행,148,97708,120,87,상행,장승배기,249.4,2026-05-12
800,문덕-척사-폴리텍-도심-문덕,문덕행,문덕행,도심환승센터행,148,97708,120,88,상행,세계2리,612.2,2026-05-12
800,문덕-척사-폴리텍-도심-문덕,문덕행,문덕행,도심환승센터행,148,97708,120,89,상행,일월문화공원,500.9,2026-05-12
800,문덕-척사-폴리텍-도심-문덕,문덕행,문덕행,도심환승센터행,148,97708,120,90,상행,해병대교육훈련단,565,2026-05-12
800,문덕-척사-폴리텍-도심-문덕,문덕행,문덕행,도심환승센터행,148,97708,120,91,상행,신흥중학교,507.9,2026-05-12
800,문덕-척사-폴리텍-도심-문덕,문덕행,문덕행,도심환승센터행,148,97708,120,92,상행,오천시장,610.3,2026-05-12
800,문덕-척사-폴리텍-도심-문덕,문덕행,문덕행,도심환승센터행,148,97708,120,93,상행,오천농협세계지점,147.4,2026-05-12
800,문덕-척사-폴리텍-도심-문덕,문덕행,문덕행,도심환승센터행,148,97708,120,94,상행,오천초등학교,307.4,2026-05-12
800,문덕-척사-폴리텍-도심-문덕,문덕행,문덕행,도심환승센터행,148,97708,120,95,상행,용덕사거리,303.7,2026-05-12
800,문덕-척사-폴리텍-도심-문덕,문덕행,문덕행,도심환승센터행,148,97708,120,96,상행,서문사거리,484.9,2026-05-12
800,문덕-척사-폴리텍-도심-문덕,문덕행,문덕행,도심환승센터행,148,97708,120,97,상행,오천고등학교,1111.9,2026-05-12
800,문덕-척사-폴리텍-도심-문덕,문덕행,문덕행,도심환승센터행,148,97708,120,98,상행,문덕온천,1136.4,2026-05-12
800,문덕-척사-폴리텍-도심-문덕,문덕행,문덕행,도심환승센터행,148,97708,120,99,상행,문덕사거리,235,2026-05-12
800,문덕-척사-폴리텍-도심-문덕,문덕행,문덕행,도심환승센터행,148,97708,120,100,상행,준양참마을,330.2,2026-05-12
800,문덕-척사-폴리텍-도심-문덕,문덕행,문덕행,도심환승센터행,148,97708,120,101,상행,한일철강,1508.2,2026-05-12
800,문덕-척사-폴리텍-도심-문덕,문덕행,문덕행,도심환승센터행,148,97708,120,102,상행,현대성우캐스팅,631.6,2026-05-12
800,문덕-척사-폴리텍-도심-문덕,문덕행,문덕행,도심환승센터행,148,97708,120,103,상행,호동근로자종합복지관,623.4,2026-05-12
800,문덕-척사-폴리텍-도심-문덕,문덕행,문덕행,도심환승센터행,148,97708,120,104,상행,한국폴리텍대학,1802.8,2026-05-12
800,문덕-척사-폴리텍-도심-문덕,문덕행,문덕행,도심환승센터행,148,97708,120,105,상행,삼일,1926.4,2026-05-12
800,문덕-척사-폴리텍-도심-문덕,문덕행,문덕행,도심환승센터행,148,97708,120,106,상행,동부제강,521.5,2026-05-12
800,문덕-척사-폴리텍-도심-문덕,문덕행,문덕행,도심환승센터행,148,97708,120,107,상행,포스코건설,513.7,2026-05-12
800,문덕-척사-폴리텍-도심-문덕,문덕행,문덕행,도심환승센터행,148,97708,120,108,상행,포스코강판,452.9,2026-05-12
800,문덕-척사-폴리텍-도심-문덕,문덕행,문덕행,도심환승센터행,148,97708,120,109,상행,단지주유소,629,2026-05-12
800,문덕-척사-폴리텍-도심-문덕,문덕행,문덕행,도심환승센터행,148,97708,120,110,상행,현대제철,453.2,2026-05-12
800,문덕-척사-폴리텍-도심-문덕,문덕행,문덕행,도심환승센터행,148,97708,120,111,상행,형산로터리,995.1,2026-05-12
800,문덕-척사-폴리텍-도심-문덕,문덕행,문덕행,도심환승센터행,148,97708,120,112,상행,장애인생산품판매시설,184.7,2026-05-12
800,문덕-척사-폴리텍-도심-문덕,문덕행,문덕행,도심환승센터행,148,97708,120,113,상행,대해시장,379.5,2026-05-12
800,문덕-척사-폴리텍-도심-문덕,문덕행,문덕행,도심환승센터행,148,97708,120,114,상행,해도119안전센터,495.2,2026-05-12
800,문덕-척사-폴리텍-도심-문덕,문덕행,문덕행,도심환승센터행,148,97708,120,115,상행,고속버스터미널,437.6,2026-05-12
800,문덕-척사-폴리텍-도심-문덕,문덕행,문덕행,도심환승센터행,148,97708,120,116,상행,농협포항시지부,905.7,2026-05-12
800,문덕-척사-폴리텍-도심-문덕,문덕행,문덕행,도심환승센터행,148,97708,120,117,상행,롯데시네마,471.8,2026-05-12
800,문덕-척사-폴리텍-도심-문덕,문덕행,문덕행,도심환승센터행,148,97708,120,118,상행,서산사거리,268,2026-05-12
800,문덕-척사-폴리텍-도심-문덕,문덕행,문덕행,도심환승센터행,148,97708,120,119,하행,도심환승센터,433.8,2026-05-12
800,문덕-척사-폴리텍-도심-문덕,문덕행,문덕행,도심환승센터행,148,97708,120,120,하행,서산사거리,476.6,2026-05-12
800,문덕-척사-폴리텍-도심-문덕,문덕행,문덕행,도심환승센터행,148,97708,120,121,하행,롯데시네마,334.2,2026-05-12
800,문덕-척사-폴리텍-도심-문덕,문덕행,문덕행,도심환승센터행,148,97708,120,122,하행,농협포항시지부,521.9,2026-05-12
800,문덕-척사-폴리텍-도심-문덕,문덕행,문덕행,도심환승센터행,148,97708,120,123,하행,오거리,381.5,2026-05-12
800,문덕-척사-폴리텍-도심-문덕,문덕행,문덕행,도심환승센터행,148,97708,120,124,하행,고속버스터미널,317.7,2026-05-12
800,문덕-척사-폴리텍-도심-문덕,문덕행,문덕행,도심환승센터행,148,97708,120,125,하행,해도119안전센터,571,2026-05-12
800,문덕-척사-폴리텍-도심-문덕,문덕행,문덕행,도심환승센터행,148,97708,120,126,하행,대해시장,423.9,2026-05-12
800,문덕-척사-폴리텍-도심-문덕,문덕행,문덕행,도심환승센터행,148,97708,120,127,하행,장애인생산품판매시설,417.9,2026-05-12
800,문덕-척사-폴리텍-도심-문덕,문덕행,문덕행,도심환승센터행,148,97708,120,128,하행,형산로타리,292,2026-05-12
800,문덕-척사-폴리텍-도심-문덕,문덕행,문덕행,도심환승센터행,148,97708,120,129,하행,현대제철,976.3,2026-05-12
800,문덕-척사-폴리텍-도심-문덕,문덕행,문덕행,도심환승센터행,148,97708,120,130,하행,단지주유소,480.6,2026-05-12
800,문덕-척사-폴리텍-도심-문덕,문덕행,문덕행,도심환승센터행,148,97708,120,131,하행,포스코강판,509,2026-05-12
800,문덕-척사-폴리텍-도심-문덕,문덕행,문덕행,도심환승센터행,148,97708,120,132,하행,포스코건설,575.9,2026-05-12
800,문덕-척사-폴리텍-도심-문덕,문덕행,문덕행,도심환승센터행,148,97708,120,133,하행,동부제강,455.4,2026-05-12
800,문덕-척사-폴리텍-도심-문덕,문덕행,문덕행,도심환승센터행,148,97708,120,134,하행,삼일,547.4,2026-05-12
800,문덕-척사-폴리텍-도심-문덕,문덕행,문덕행,도심환승센터행,148,97708,120,135,하행,한국폴리텍대학,1880.9,2026-05-12
800,문덕-척사-폴리텍-도심-문덕,문덕행,문덕행,도심환승센터행,148,97708,120,136,하행,호동근로자종합복지관,1845,2026-05-12
800,문덕-척사-폴리텍-도심-문덕,문덕행,문덕행,도심환승센터행,148,97708,120,137,하행,현대성우캐스팅,606.6,2026-05-12
800,문덕-척사-폴리텍-도심-문덕,문덕행,문덕행,도심환승센터행,148,97708,120,138,하행,한일철강,622.4,2026-05-12
800,문덕-척사-폴리텍-도심-문덕,문덕행,문덕행,도심환승센터행,148,97708,120,139,하행,준양참마을,1574.2,2026-05-12
800,문덕-척사-폴리텍-도심-문덕,문덕행,문덕행,도심환승센터행,148,97708,120,140,하행,문덕사거리,309.1,2026-05-12
800,문덕-척사-폴리텍-도심-문덕,문덕행,문덕행,도심환승센터행,148,97708,120,141,하행,문덕온천,283.6,2026-05-12
800,문덕-척사-폴리텍-도심-문덕,문덕행,문덕행,도심환승센터행,148,97708,120,142,하행,문덕교,240.9,2026-05-12
800,문덕-척사-폴리텍-도심-문덕,문덕행,문덕행,도심환승센터행,148,97708,120,143,하행,화이트빌라,376.6,2026-05-12
800,문덕-척사-폴리텍-도심-문덕,문덕행,문덕행,도심환승센터행,148,97708,120,144,하행,문덕마을회관,437,2026-05-12
800,문덕-척사-폴리텍-도심-문덕,문덕행,문덕행,도심환승센터행,148,97708,120,145,하행,오천읍민운동장,1251.8,2026-05-12
800,문덕-척사-폴리텍-도심-문덕,문덕행,문덕행,도심환승센터행,148,97708,120,146,하행,운전면허시험장,458.9,2026-05-12
800,문덕-척사-폴리텍-도심-문덕,문덕행,문덕행,도심환승센터행,148,97708,120,147,하행,문덕2리,364.7,2026-05-12
800,문덕-척사-폴리텍-도심-문덕,문덕행,문덕행,도심환승센터행,148,97708,120,148,하행,문덕차고지,215.9,2026-05-12
900,양덕-구룡포(공항)-양덕(기본),양덕행,양덕행,구룡포행,130,67731,120,1,상행,양덕차고지,0,2026-05-12
900,양덕-구룡포(공항)-양덕(기본),양덕행,양덕행,구룡포행,130,67731,120,2,상행,양덕교차로(무정차),383.5,2026-05-12
900,양덕-구룡포(공항)-양덕(기본),양덕행,양덕행,구룡포행,130,67731,120,3,상행,청소년수련관,411.5,2026-05-12
900,양덕-구룡포(공항)-양덕(기본),양덕행,양덕행,구룡포행,130,67731,120,4,상행,환호여중,280.9,2026-05-12
900,양덕-구룡포(공항)-양덕(기본),양덕행,양덕행,구룡포행,130,67731,120,5,상행,라메르웨딩컨벤션,394.1,2026-05-12
900,양덕-구룡포(공항)-양덕(기본),양덕행,양덕행,구룡포행,130,67731,120,6,상행,환호해맞이그린빌,384.7,2026-05-12
900,양덕-구룡포(공항)-양덕(기본),양덕행,양덕행,구룡포행,130,67731,120,7,상행,노인복지회관,587.9,2026-05-12
900,양덕-구룡포(공항)-양덕(기본),양덕행,양덕행,구룡포행,130,67731,120,8,상행,설머리물회지구,201.2,2026-05-12
900,양덕-구룡포(공항)-양덕(기본),양덕행,양덕행,구룡포행,130,67731,120,9,상행,동부초등학교,536.2,2026-05-12
900,양덕-구룡포(공항)-양덕(기본),양덕행,양덕행,구룡포행,130,67731,120,10,상행,두호동행정복지센터,264.2,2026-05-12
900,양덕-구룡포(공항)-양덕(기본),양덕행,양덕행,구룡포행,130,67731,120,11,상행,롯데아파트,293.2,2026-05-12
900,양덕-구룡포(공항)-양덕(기본),양덕행,양덕행,구룡포행,130,67731,120,12,상행,우방비치타운,367.9,2026-05-12
900,양덕-구룡포(공항)-양덕(기본),양덕행,양덕행,구룡포행,130,67731,120,13,상행,영일대 해수욕장,241.3,2026-05-12
900,양덕-구룡포(공항)-양덕(기본),양덕행,양덕행,구룡포행,130,67731,120,14,상행,포항세관,346.2,2026-05-12
900,양덕-구룡포(공항)-양덕(기본),양덕행,양덕행,구룡포행,130,67731,120,15,상행,롯데백화점,296.4,2026-05-12
900,양덕-구룡포(공항)-양덕(기본),양덕행,양덕행,구룡포행,130,67731,120,16,상행,북부시장/채움병원,340,2026-05-12
900,양덕-구룡포(공항)-양덕(기본),양덕행,양덕행,구룡포행,130,67731,120,17,상행,국민건강보험공단,503.8,2026-05-12
900,양덕-구룡포(공항)-양덕(기본),양덕행,양덕행,구룡포행,130,67731,120,18,상행,중앙상가,527.7,2026-05-12
900,양덕-구룡포(공항)-양덕(기본),양덕행,양덕행,구룡포행,130,67731,120,19,상행,죽도시장,429.3,2026-05-12
900,양덕-구룡포(공항)-양덕(기본),양덕행,양덕행,구룡포행,130,67731,120,20,상행,홈플러스,307.5,2026-05-12
900,양덕-구룡포(공항)-양덕(기본),양덕행,양덕행,구룡포행,130,67731,120,21,상행,죽도파출소,377.9,2026-05-12
900,양덕-구룡포(공항)-양덕(기본),양덕행,양덕행,구룡포행,130,67731,120,22,상행,GS슈퍼마켓,365.7,2026-05-12
900,양덕-구룡포(공항)-양덕(기본),양덕행,양덕행,구룡포행,130,67731,120,23,상행,고용복지플러스센터,352.3,2026-05-12
900,양덕-구룡포(공항)-양덕(기본),양덕행,양덕행,구룡포행,130,67731,120,24,상행,산업은행,696.5,2026-05-12
900,양덕-구룡포(공항)-양덕(기본),양덕행,양덕행,구룡포행,130,67731,120,25,상행,교보생명,271.3,2026-05-12
900,양덕-구룡포(공항)-양덕(기본),양덕행,양덕행,구룡포행,130,67731,120,26,상행,시외버스터미널,320.4,2026-05-12
900,양덕-구룡포(공항)-양덕(기본),양덕행,양덕행,구룡포행,130,67731,120,27,상행,한전앞교차로,474.2,2026-05-12
900,양덕-구룡포(공항)-양덕(기본),양덕행,양덕행,구룡포행,130,67731,120,28,상행,뱃머리 평생학습원,506.6,2026-05-12
900,양덕-구룡포(공항)-양덕(기본),양덕행,양덕행,구룡포행,130,67731,120,29,상행,남구청(야구장),505.2,2026-05-12
900,양덕-구룡포(공항)-양덕(기본),양덕행,양덕행,구룡포행,130,67731,120,30,상행,문화예술회관,546.3,2026-05-12
900,양덕-구룡포(공항)-양덕(기본),양덕행,양덕행,구룡포행,130,67731,120,31,상행,형산로타리,343.8,2026-05-12
900,양덕-구룡포(공항)-양덕(기본),양덕행,양덕행,구룡포행,130,67731,120,32,상행,형산로터리(무정차),395.5,2026-05-12
900,양덕-구룡포(공항)-양덕(기본),양덕행,양덕행,구룡포행,130,67731,120,33,상행,현대제철,642,2026-05-12
900,양덕-구룡포(공항)-양덕(기본),양덕행,양덕행,구룡포행,130,67731,120,34,상행,단지주유소,480.6,2026-05-12
900,양덕-구룡포(공항)-양덕(기본),양덕행,양덕행,구룡포행,130,67731,120,35,상행,포스코본사,537,2026-05-12
900,양덕-구룡포(공항)-양덕(기본),양덕행,양덕행,구룡포행,130,67731,120,36,상행,포항스틸야드,491.5,2026-05-12
900,양덕-구룡포(공항)-양덕(기본),양덕행,양덕행,구룡포행,130,67731,120,37,상행,포스코2문,397.9,2026-05-12
900,양덕-구룡포(공항)-양덕(기본),양덕행,양덕행,구룡포행,130,67731,120,38,상행,남구보건소(무정차),243.5,2026-05-12
900,양덕-구룡포(공항)-양덕(기본),양덕행,양덕행,구룡포행,130,67731,120,39,상행,남구보건소,263.8,2026-05-12
900,양덕-구룡포(공항)-양덕(기본),양덕행,양덕행,구룡포행,130,67731,120,40,상행,청림파출소,766.4,2026-05-12
900,양덕-구룡포(공항)-양덕(기본),양덕행,양덕행,구룡포행,130,67731,120,41,상행,청림초등학교,201.2,2026-05-12
900,양덕-구룡포(공항)-양덕(기본),양덕행,양덕행,구룡포행,130,67731,120,42,상행,해병대BOQ,320.3,2026-05-12
900,양덕-구룡포(공항)-양덕(기본),양덕행,양덕행,구룡포행,130,67731,120,43,상행,해군 항공역사관,407.7,2026-05-12
900,양덕-구룡포(공항)-양덕(기본),양덕행,양덕행,구룡포행,130,67731,120,44,상행,포항남부소방서,762.5,2026-05-12
900,양덕-구룡포(공항)-양덕(기본),양덕행,양덕행,구룡포행,130,67731,120,45,상행,화신식물원,346.1,2026-05-12
900,양덕-구룡포(공항)-양덕(기본),양덕행,양덕행,구룡포행,130,67731,120,46,상행,공항주유소,435.2,2026-05-12
900,양덕-구룡포(공항)-양덕(기본),양덕행,양덕행,구룡포행,130,67731,120,47,상행,도구1리,1120,2026-05-12
900,양덕-구룡포(공항)-양덕(기본),양덕행,양덕행,구룡포행,130,67731,120,48,상행,포항경주공항,229.2,2026-05-12
900,양덕-구룡포(공항)-양덕(기본),양덕행,양덕행,구룡포행,130,67731,120,49,상행,도구1리,741.5,2026-05-12
900,양덕-구룡포(공항)-양덕(기본),양덕행,양덕행,구룡포행,130,67731,120,50,상행,동해환승센터,650.5,2026-05-12
900,양덕-구룡포(공항)-양덕(기본),양덕행,양덕행,구룡포행,130,67731,120,51,상행,동해면행정복지센터,255.1,2026-05-12
900,양덕-구룡포(공항)-양덕(기본),양덕행,양덕행,구룡포행,130,67731,120,52,상행,신정리,513.7,2026-05-12
900,양덕-구룡포(공항)-양덕(기본),양덕행,양덕행,구룡포행,130,67731,120,53,상행,영남상가,347.6,2026-05-12
900,양덕-구룡포(공항)-양덕(기본),양덕행,양덕행,구룡포행,130,67731,120,54,상행,약전리,294,2026-05-12
900,양덕-구룡포(공항)-양덕(기본),양덕행,양덕행,구룡포행,130,67731,120,55,상행,석리,766.3,2026-05-12
900,양덕-구룡포(공항)-양덕(기본),양덕행,양덕행,구룡포행,130,67731,120,56,상행,신형주택입구,1079.2,2026-05-12
900,양덕-구룡포(공항)-양덕(기본),양덕행,양덕행,구룡포행,130,67731,120,57,상행,동산공원묘지,753.7,2026-05-12
900,양덕-구룡포(공항)-양덕(기본),양덕행,양덕행,구룡포행,130,67731,120,58,상행,상정1리,691.2,2026-05-12
900,양덕-구룡포(공항)-양덕(기본),양덕행,양덕행,구룡포행,130,67731,120,59,상행,블루밸리산단입구,1023.7,2026-05-12
900,양덕-구룡포(공항)-양덕(기본),양덕행,양덕행,구룡포행,130,67731,120,60,상행,호미곶온천랜드,2544,2026-05-12
900,양덕-구룡포(공항)-양덕(기본),양덕행,양덕행,구룡포행,130,67731,120,61,상행,병포2리,2031.6,2026-05-12
900,양덕-구룡포(공항)-양덕(기본),양덕행,양덕행,구룡포행,130,67731,120,62,상행,병포삼거리,427.6,2026-05-12
900,양덕-구룡포(공항)-양덕(기본),양덕행,양덕행,구룡포행,130,67731,120,63,상행,구룡포행정복지센터,535.2,2026-05-12
900,양덕-구룡포(공항)-양덕(기본),양덕행,양덕행,구룡포행,130,67731,120,64,상행,구룡포시장,433.9,2026-05-12
900,양덕-구룡포(공항)-양덕(기본),양덕행,양덕행,구룡포행,130,67731,120,65,상행,구룡포환승센터,382.2,2026-05-12
900,양덕-구룡포(공항)-양덕(기본),양덕행,양덕행,구룡포행,130,67731,120,66,상행,구룡포수협,254.6,2026-05-12
900,양덕-구룡포(공항)-양덕(기본),양덕행,양덕행,구룡포행,130,67731,120,67,하행,구룡포일본인가옥거리,328.5,2026-05-12
900,양덕-구룡포(공항)-양덕(기본),양덕행,양덕행,구룡포행,130,67731,120,68,하행,구룡포수협,250.3,2026-05-12
900,양덕-구룡포(공항)-양덕(기본),양덕행,양덕행,구룡포행,130,67731,120,69,하행,구룡포환승센터,164.4,2026-05-12
900,양덕-구룡포(공항)-양덕(기본),양덕행,양덕행,구룡포행,130,67731,120,70,하행,구룡포시장,459.2,2026-05-12
900,양덕-구룡포(공항)-양덕(기본),양덕행,양덕행,구룡포행,130,67731,120,71,하행,구룡포행정복지센터,440.1,2026-05-12
900,양덕-구룡포(공항)-양덕(기본),양덕행,양덕행,구룡포행,130,67731,120,72,하행,병포삼거리,528.5,2026-05-12
900,양덕-구룡포(공항)-양덕(기본),양덕행,양덕행,구룡포행,130,67731,120,73,하행,병포2리,441,2026-05-12
900,양덕-구룡포(공항)-양덕(기본),양덕행,양덕행,구룡포행,130,67731,120,74,하행,관음사,1228.6,2026-05-12
900,양덕-구룡포(공항)-양덕(기본),양덕행,양덕행,구룡포행,130,67731,120,75,하행,호미곶온천랜드,808.8,2026-05-12
900,양덕-구룡포(공항)-양덕(기본),양덕행,양덕행,구룡포행,130,67731,120,76,하행,상정검문소(무정차),2114.6,2026-05-12
900,양덕-구룡포(공항)-양덕(기본),양덕행,양덕행,구룡포행,130,67731,120,77,하행,블루밸리산단입구,368.1,2026-05-12
900,양덕-구룡포(공항)-양덕(기본),양덕행,양덕행,구룡포행,130,67731,120,78,하행,상정1리,1087.6,2026-05-12
900,양덕-구룡포(공항)-양덕(기본),양덕행,양덕행,구룡포행,130,67731,120,79,하행,신형주택입구,1305.1,2026-05-12
900,양덕-구룡포(공항)-양덕(기본),양덕행,양덕행,구룡포행,130,67731,120,80,하행,석리,1061.4,2026-05-12
900,양덕-구룡포(공항)-양덕(기본),양덕행,양덕행,구룡포행,130,67731,120,81,하행,약전리,761.7,2026-05-12
900,양덕-구룡포(공항)-양덕(기본),양덕행,양덕행,구룡포행,130,67731,120,82,하행,황금상가,312.6,2026-05-12
900,양덕-구룡포(공항)-양덕(기본),양덕행,양덕행,구룡포행,130,67731,120,83,하행,신정리,258.7,2026-05-12
900,양덕-구룡포(공항)-양덕(기본),양덕행,양덕행,구룡포행,130,67731,120,84,하행,동해면행정복지센터,533.5,2026-05-12
900,양덕-구룡포(공항)-양덕(기본),양덕행,양덕행,구룡포행,130,67731,120,85,하행,동해환승센터,309.5,2026-05-12
900,양덕-구룡포(공항)-양덕(기본),양덕행,양덕행,구룡포행,130,67731,120,86,하행,도구1리,657.5,2026-05-12
900,양덕-구룡포(공항)-양덕(기본),양덕행,양덕행,구룡포행,130,67731,120,87,하행,포항경주공항,284.7,2026-05-12
900,양덕-구룡포(공항)-양덕(기본),양덕행,양덕행,구룡포행,130,67731,120,88,하행,도구1리,686,2026-05-12
900,양덕-구룡포(공항)-양덕(기본),양덕행,양덕행,구룡포행,130,67731,120,89,하행,공항주유소,1125.7,2026-05-12
900,양덕-구룡포(공항)-양덕(기본),양덕행,양덕행,구룡포행,130,67731,120,90,하행,화신식물원,442,2026-05-12
900,양덕-구룡포(공항)-양덕(기본),양덕행,양덕행,구룡포행,130,67731,120,91,하행,포항남부소방서,512.5,2026-05-12
900,양덕-구룡포(공항)-양덕(기본),양덕행,양덕행,구룡포행,130,67731,120,92,하행,해군 항공역사관,559.6,2026-05-12
900,양덕-구룡포(공항)-양덕(기본),양덕행,양덕행,구룡포행,130,67731,120,93,하행,해병대BOQ,416.8,2026-05-12
900,양덕-구룡포(공항)-양덕(기본),양덕행,양덕행,구룡포행,130,67731,120,94,하행,청림삼거리,679.7,2026-05-12
900,양덕-구룡포(공항)-양덕(기본),양덕행,양덕행,구룡포행,130,67731,120,95,하행,남구보건소,591.4,2026-05-12
900,양덕-구룡포(공항)-양덕(기본),양덕행,양덕행,구룡포행,130,67731,120,96,하행,포스코2문,522.7,2026-05-12
900,양덕-구룡포(공항)-양덕(기본),양덕행,양덕행,구룡포행,130,67731,120,97,하행,포항스틸야드,510.9,2026-05-12
900,양덕-구룡포(공항)-양덕(기본),양덕행,양덕행,구룡포행,130,67731,120,98,하행,포스코본사,361.7,2026-05-12
900,양덕-구룡포(공항)-양덕(기본),양덕행,양덕행,구룡포행,130,67731,120,99,하행,단지주유소,573.8,2026-05-12
900,양덕-구룡포(공항)-양덕(기본),양덕행,양덕행,구룡포행,130,67731,120,100,하행,현대제철,453.2,2026-05-12
900,양덕-구룡포(공항)-양덕(기본),양덕행,양덕행,구룡포행,130,67731,120,101,하행,형산로터리,1079.3,2026-05-12
900,양덕-구룡포(공항)-양덕(기본),양덕행,양덕행,구룡포행,130,67731,120,102,하행,문화예술회관,273.5,2026-05-12
900,양덕-구룡포(공항)-양덕(기본),양덕행,양덕행,구룡포행,130,67731,120,103,하행,종합운동장,255.3,2026-05-12
900,양덕-구룡포(공항)-양덕(기본),양덕행,양덕행,구룡포행,130,67731,120,104,하행,남구청(야구장),390.2,2026-05-12
900,양덕-구룡포(공항)-양덕(기본),양덕행,양덕행,구룡포행,130,67731,120,105,하행,뱃머리 평생학습원,388.5,2026-05-12
900,양덕-구룡포(공항)-양덕(기본),양덕행,양덕행,구룡포행,130,67731,120,106,하행,한전앞교차로,527.8,2026-05-12
900,양덕-구룡포(공항)-양덕(기본),양덕행,양덕행,구룡포행,130,67731,120,107,하행,시외버스터미널,495.3,2026-05-12
900,양덕-구룡포(공항)-양덕(기본),양덕행,양덕행,구룡포행,130,67731,120,108,하행,교보생명,257.2,2026-05-12
900,양덕-구룡포(공항)-양덕(기본),양덕행,양덕행,구룡포행,130,67731,120,109,하행,산업은행,382.1,2026-05-12
900,양덕-구룡포(공항)-양덕(기본),양덕행,양덕행,구룡포행,130,67731,120,110,하행,고용복지플러스센터,644.9,2026-05-12
900,양덕-구룡포(공항)-양덕(기본),양덕행,양덕행,구룡포행,130,67731,120,111,하행,GS슈퍼마켓,351.9,2026-05-12
900,양덕-구룡포(공항)-양덕(기본),양덕행,양덕행,구룡포행,130,67731,120,112,하행,죽도파출소,352.5,2026-05-12
900,양덕-구룡포(공항)-양덕(기본),양덕행,양덕행,구룡포행,130,67731,120,113,하행,홈플러스(오거리),351.7,2026-05-12
900,양덕-구룡포(공항)-양덕(기본),양덕행,양덕행,구룡포행,130,67731,120,114,하행,죽도시장,556.7,2026-05-12
900,양덕-구룡포(공항)-양덕(기본),양덕행,양덕행,구룡포행,130,67731,120,115,하행,육거리,469.2,2026-05-12
900,양덕-구룡포(공항)-양덕(기본),양덕행,양덕행,구룡포행,130,67731,120,116,하행,북구청,457.1,2026-05-12
900,양덕-구룡포(공항)-양덕(기본),양덕행,양덕행,구룡포행,130,67731,120,117,하행,북부시장/채움병원,286.2,2026-05-12
900,양덕-구룡포(공항)-양덕(기본),양덕행,양덕행,구룡포행,130,67731,120,118,하행,롯데백화점,451.7,2026-05-12
900,양덕-구룡포(공항)-양덕(기본),양덕행,양덕행,구룡포행,130,67731,120,119,하행,포항세관,359.3,2026-05-12
900,양덕-구룡포(공항)-양덕(기본),양덕행,양덕행,구룡포행,130,67731,120,120,하행,영일대 해수욕장,333.5,2026-05-12
900,양덕-구룡포(공항)-양덕(기본),양덕행,양덕행,구룡포행,130,67731,120,121,하행,롯데아파트,360.9,2026-05-12
900,양덕-구룡포(공항)-양덕(기본),양덕행,양덕행,구룡포행,130,67731,120,122,하행,두호동행정복지센터,528.1,2026-05-12
900,양덕-구룡포(공항)-양덕(기본),양덕행,양덕행,구룡포행,130,67731,120,123,하행,설머리물회지구,658.7,2026-05-12
900,양덕-구룡포(공항)-양덕(기본),양덕행,양덕행,구룡포행,130,67731,120,124,하행,노인복지회관,276,2026-05-12
900,양덕-구룡포(공항)-양덕(기본),양덕행,양덕행,구룡포행,130,67731,120,125,하행,환호해맞이그린빌,366.9,2026-05-12
900,양덕-구룡포(공항)-양덕(기본),양덕행,양덕행,구룡포행,130,67731,120,126,하행,환호공원,314.5,2026-05-12
900,양덕-구룡포(공항)-양덕(기본),양덕행,양덕행,구룡포행,130,67731,120,127,하행,라메르웨딩컨벤션,296.2,2026-05-12
900,양덕-구룡포(공항)-양덕(기본),양덕행,양덕행,구룡포행,130,67731,120,128,하행,환호여중,315.5,2026-05-12
900,양덕-구룡포(공항)-양덕(기본),양덕행,양덕행,구룡포행,130,67731,120,129,하행,청소년수련관,280.9,2026-05-12
900,양덕-구룡포(공항)-양덕(기본),양덕행,양덕행,구룡포행,130,67731,120,130,하행,양덕차고지,792.7,2026-05-12
900,양덕-구룡포-양덕(기본),양덕행,양덕행,구룡포행,124,63860,120,1,상행,양덕차고지,0,2026-05-12
900,양덕-구룡포-양덕(기본),양덕행,양덕행,구룡포행,124,63860,120,2,상행,양덕교차로(무정차),383.5,2026-05-12
900,양덕-구룡포-양덕(기본),양덕행,양덕행,구룡포행,124,63860,120,3,상행,청소년수련관,411.5,2026-05-12
900,양덕-구룡포-양덕(기본),양덕행,양덕행,구룡포행,124,63860,120,4,상행,환호여중,280.9,2026-05-12
900,양덕-구룡포-양덕(기본),양덕행,양덕행,구룡포행,124,63860,120,5,상행,라메르웨딩컨벤션,394.1,2026-05-12
900,양덕-구룡포-양덕(기본),양덕행,양덕행,구룡포행,124,63860,120,6,상행,환호해맞이그린빌,384.7,2026-05-12
900,양덕-구룡포-양덕(기본),양덕행,양덕행,구룡포행,124,63860,120,7,상행,노인복지회관,587.9,2026-05-12
900,양덕-구룡포-양덕(기본),양덕행,양덕행,구룡포행,124,63860,120,8,상행,설머리물회지구,201.2,2026-05-12
900,양덕-구룡포-양덕(기본),양덕행,양덕행,구룡포행,124,63860,120,9,상행,동부초등학교,536.2,2026-05-12
900,양덕-구룡포-양덕(기본),양덕행,양덕행,구룡포행,124,63860,120,10,상행,두호동행정복지센터,264.2,2026-05-12
900,양덕-구룡포-양덕(기본),양덕행,양덕행,구룡포행,124,63860,120,11,상행,롯데아파트,293.2,2026-05-12
900,양덕-구룡포-양덕(기본),양덕행,양덕행,구룡포행,124,63860,120,12,상행,우방비치타운,367.9,2026-05-12
900,양덕-구룡포-양덕(기본),양덕행,양덕행,구룡포행,124,63860,120,13,상행,영일대 해수욕장,241.3,2026-05-12
900,양덕-구룡포-양덕(기본),양덕행,양덕행,구룡포행,124,63860,120,14,상행,포항세관,346.2,2026-05-12
900,양덕-구룡포-양덕(기본),양덕행,양덕행,구룡포행,124,63860,120,15,상행,롯데백화점,296.4,2026-05-12
900,양덕-구룡포-양덕(기본),양덕행,양덕행,구룡포행,124,63860,120,16,상행,북부시장/채움병원,340,2026-05-12
900,양덕-구룡포-양덕(기본),양덕행,양덕행,구룡포행,124,63860,120,17,상행,국민건강보험공단,503.8,2026-05-12
900,양덕-구룡포-양덕(기본),양덕행,양덕행,구룡포행,124,63860,120,18,상행,중앙상가,527.7,2026-05-12
900,양덕-구룡포-양덕(기본),양덕행,양덕행,구룡포행,124,63860,120,19,상행,죽도시장,429.3,2026-05-12
900,양덕-구룡포-양덕(기본),양덕행,양덕행,구룡포행,124,63860,120,20,상행,홈플러스,307.5,2026-05-12
900,양덕-구룡포-양덕(기본),양덕행,양덕행,구룡포행,124,63860,120,21,상행,죽도파출소,377.9,2026-05-12
900,양덕-구룡포-양덕(기본),양덕행,양덕행,구룡포행,124,63860,120,22,상행,GS슈퍼마켓,365.7,2026-05-12
900,양덕-구룡포-양덕(기본),양덕행,양덕행,구룡포행,124,63860,120,23,상행,고용복지플러스센터,352.3,2026-05-12
900,양덕-구룡포-양덕(기본),양덕행,양덕행,구룡포행,124,63860,120,24,상행,산업은행,696.5,2026-05-12
900,양덕-구룡포-양덕(기본),양덕행,양덕행,구룡포행,124,63860,120,25,상행,교보생명,271.3,2026-05-12
900,양덕-구룡포-양덕(기본),양덕행,양덕행,구룡포행,124,63860,120,26,상행,시외버스터미널,320.4,2026-05-12
900,양덕-구룡포-양덕(기본),양덕행,양덕행,구룡포행,124,63860,120,27,상행,한전앞교차로,474.2,2026-05-12
900,양덕-구룡포-양덕(기본),양덕행,양덕행,구룡포행,124,63860,120,28,상행,뱃머리 평생학습원,506.6,2026-05-12
900,양덕-구룡포-양덕(기본),양덕행,양덕행,구룡포행,124,63860,120,29,상행,남구청(야구장),505.2,2026-05-12
900,양덕-구룡포-양덕(기본),양덕행,양덕행,구룡포행,124,63860,120,30,상행,문화예술회관,546.3,2026-05-12
900,양덕-구룡포-양덕(기본),양덕행,양덕행,구룡포행,124,63860,120,31,상행,형산로타리,343.8,2026-05-12
900,양덕-구룡포-양덕(기본),양덕행,양덕행,구룡포행,124,63860,120,32,상행,형산로터리(무정차),395.5,2026-05-12
900,양덕-구룡포-양덕(기본),양덕행,양덕행,구룡포행,124,63860,120,33,상행,현대제철,642,2026-05-12
900,양덕-구룡포-양덕(기본),양덕행,양덕행,구룡포행,124,63860,120,34,상행,단지주유소,480.6,2026-05-12
900,양덕-구룡포-양덕(기본),양덕행,양덕행,구룡포행,124,63860,120,35,상행,포스코본사,537,2026-05-12
900,양덕-구룡포-양덕(기본),양덕행,양덕행,구룡포행,124,63860,120,36,상행,포항스틸야드,491.5,2026-05-12
900,양덕-구룡포-양덕(기본),양덕행,양덕행,구룡포행,124,63860,120,37,상행,포스코2문,397.9,2026-05-12
900,양덕-구룡포-양덕(기본),양덕행,양덕행,구룡포행,124,63860,120,38,상행,남구보건소(무정차),243.5,2026-05-12
900,양덕-구룡포-양덕(기본),양덕행,양덕행,구룡포행,124,63860,120,39,상행,남구보건소,263.8,2026-05-12
900,양덕-구룡포-양덕(기본),양덕행,양덕행,구룡포행,124,63860,120,40,상행,청림파출소,766.4,2026-05-12
900,양덕-구룡포-양덕(기본),양덕행,양덕행,구룡포행,124,63860,120,41,상행,청림초등학교,201.2,2026-05-12
900,양덕-구룡포-양덕(기본),양덕행,양덕행,구룡포행,124,63860,120,42,상행,해병대BOQ,320.3,2026-05-12
900,양덕-구룡포-양덕(기본),양덕행,양덕행,구룡포행,124,63860,120,43,상행,해군 항공역사관,407.7,2026-05-12
900,양덕-구룡포-양덕(기본),양덕행,양덕행,구룡포행,124,63860,120,44,상행,포항남부소방서,762.5,2026-05-12
900,양덕-구룡포-양덕(기본),양덕행,양덕행,구룡포행,124,63860,120,45,상행,화신식물원,346.1,2026-05-12
900,양덕-구룡포-양덕(기본),양덕행,양덕행,구룡포행,124,63860,120,46,상행,공항주유소,435.2,2026-05-12
900,양덕-구룡포-양덕(기본),양덕행,양덕행,구룡포행,124,63860,120,47,상행,동해환승센터,805.7,2026-05-12
900,양덕-구룡포-양덕(기본),양덕행,양덕행,구룡포행,124,63860,120,48,상행,동해면행정복지센터,255.1,2026-05-12
900,양덕-구룡포-양덕(기본),양덕행,양덕행,구룡포행,124,63860,120,49,상행,신정리,513.7,2026-05-12
900,양덕-구룡포-양덕(기본),양덕행,양덕행,구룡포행,124,63860,120,50,상행,영남상가,347.6,2026-05-12
900,양덕-구룡포-양덕(기본),양덕행,양덕행,구룡포행,124,63860,120,51,상행,약전리,294,2026-05-12
900,양덕-구룡포-양덕(기본),양덕행,양덕행,구룡포행,124,63860,120,52,상행,석리,766.3,2026-05-12
900,양덕-구룡포-양덕(기본),양덕행,양덕행,구룡포행,124,63860,120,53,상행,신형주택입구,1079.2,2026-05-12
900,양덕-구룡포-양덕(기본),양덕행,양덕행,구룡포행,124,63860,120,54,상행,동산공원묘지,753.7,2026-05-12
900,양덕-구룡포-양덕(기본),양덕행,양덕행,구룡포행,124,63860,120,55,상행,상정1리,691.2,2026-05-12
900,양덕-구룡포-양덕(기본),양덕행,양덕행,구룡포행,124,63860,120,56,상행,블루밸리산단입구,1023.7,2026-05-12
900,양덕-구룡포-양덕(기본),양덕행,양덕행,구룡포행,124,63860,120,57,상행,호미곶온천랜드,2544,2026-05-12
900,양덕-구룡포-양덕(기본),양덕행,양덕행,구룡포행,124,63860,120,58,상행,병포2리,2031.6,2026-05-12
900,양덕-구룡포-양덕(기본),양덕행,양덕행,구룡포행,124,63860,120,59,상행,병포삼거리,427.6,2026-05-12
900,양덕-구룡포-양덕(기본),양덕행,양덕행,구룡포행,124,63860,120,60,상행,구룡포행정복지센터,535.2,2026-05-12
900,양덕-구룡포-양덕(기본),양덕행,양덕행,구룡포행,124,63860,120,61,상행,구룡포시장,433.9,2026-05-12
900,양덕-구룡포-양덕(기본),양덕행,양덕행,구룡포행,124,63860,120,62,상행,구룡포환승센터,382.2,2026-05-12
900,양덕-구룡포-양덕(기본),양덕행,양덕행,구룡포행,124,63860,120,63,상행,구룡포수협,254.6,2026-05-12
900,양덕-구룡포-양덕(기본),양덕행,양덕행,구룡포행,124,63860,120,64,하행,구룡포일본인가옥거리,328.5,2026-05-12
900,양덕-구룡포-양덕(기본),양덕행,양덕행,구룡포행,124,63860,120,65,하행,구룡포수협,250.3,2026-05-12
900,양덕-구룡포-양덕(기본),양덕행,양덕행,구룡포행,124,63860,120,66,하행,구룡포환승센터,164.4,2026-05-12
900,양덕-구룡포-양덕(기본),양덕행,양덕행,구룡포행,124,63860,120,67,하행,구룡포시장,459.2,2026-05-12
900,양덕-구룡포-양덕(기본),양덕행,양덕행,구룡포행,124,63860,120,68,하행,구룡포행정복지센터,440.1,2026-05-12
900,양덕-구룡포-양덕(기본),양덕행,양덕행,구룡포행,124,63860,120,69,하행,병포삼거리,528.5,2026-05-12
900,양덕-구룡포-양덕(기본),양덕행,양덕행,구룡포행,124,63860,120,70,하행,병포2리,441,2026-05-12
900,양덕-구룡포-양덕(기본),양덕행,양덕행,구룡포행,124,63860,120,71,하행,관음사,1228.6,2026-05-12
900,양덕-구룡포-양덕(기본),양덕행,양덕행,구룡포행,124,63860,120,72,하행,호미곶온천랜드,808.8,2026-05-12
900,양덕-구룡포-양덕(기본),양덕행,양덕행,구룡포행,124,63860,120,73,하행,상정검문소(무정차),2114.6,2026-05-12
900,양덕-구룡포-양덕(기본),양덕행,양덕행,구룡포행,124,63860,120,74,하행,블루밸리산단입구,368.1,2026-05-12
900,양덕-구룡포-양덕(기본),양덕행,양덕행,구룡포행,124,63860,120,75,하행,상정1리,1087.6,2026-05-12
900,양덕-구룡포-양덕(기본),양덕행,양덕행,구룡포행,124,63860,120,76,하행,신형주택입구,1305.1,2026-05-12
900,양덕-구룡포-양덕(기본),양덕행,양덕행,구룡포행,124,63860,120,77,하행,석리,1061.4,2026-05-12
900,양덕-구룡포-양덕(기본),양덕행,양덕행,구룡포행,124,63860,120,78,하행,약전리,761.7,2026-05-12
900,양덕-구룡포-양덕(기본),양덕행,양덕행,구룡포행,124,63860,120,79,하행,황금상가,312.6,2026-05-12
900,양덕-구룡포-양덕(기본),양덕행,양덕행,구룡포행,124,63860,120,80,하행,신정리,258.7,2026-05-12
900,양덕-구룡포-양덕(기본),양덕행,양덕행,구룡포행,124,63860,120,81,하행,동해면행정복지센터,533.5,2026-05-12
900,양덕-구룡포-양덕(기본),양덕행,양덕행,구룡포행,124,63860,120,82,하행,동해환승센터,309.5,2026-05-12
900,양덕-구룡포-양덕(기본),양덕행,양덕행,구룡포행,124,63860,120,83,하행,공항주유소,818.4,2026-05-12
900,양덕-구룡포-양덕(기본),양덕행,양덕행,구룡포행,124,63860,120,84,하행,화신식물원,442,2026-05-12
900,양덕-구룡포-양덕(기본),양덕행,양덕행,구룡포행,124,63860,120,85,하행,포항남부소방서,512.5,2026-05-12
900,양덕-구룡포-양덕(기본),양덕행,양덕행,구룡포행,124,63860,120,86,하행,해군 항공역사관,559.6,2026-05-12
900,양덕-구룡포-양덕(기본),양덕행,양덕행,구룡포행,124,63860,120,87,하행,해병대BOQ,416.8,2026-05-12
900,양덕-구룡포-양덕(기본),양덕행,양덕행,구룡포행,124,63860,120,88,하행,청림삼거리,679.7,2026-05-12
900,양덕-구룡포-양덕(기본),양덕행,양덕행,구룡포행,124,63860,120,89,하행,남구보건소,591.4,2026-05-12
900,양덕-구룡포-양덕(기본),양덕행,양덕행,구룡포행,124,63860,120,90,하행,포스코2문,522.7,2026-05-12
900,양덕-구룡포-양덕(기본),양덕행,양덕행,구룡포행,124,63860,120,91,하행,포항스틸야드,510.9,2026-05-12
900,양덕-구룡포-양덕(기본),양덕행,양덕행,구룡포행,124,63860,120,92,하행,포스코본사,361.7,2026-05-12
900,양덕-구룡포-양덕(기본),양덕행,양덕행,구룡포행,124,63860,120,93,하행,단지주유소,573.8,2026-05-12
900,양덕-구룡포-양덕(기본),양덕행,양덕행,구룡포행,124,63860,120,94,하행,현대제철,453.2,2026-05-12
900,양덕-구룡포-양덕(기본),양덕행,양덕행,구룡포행,124,63860,120,95,하행,형산로터리,1079.3,2026-05-12
900,양덕-구룡포-양덕(기본),양덕행,양덕행,구룡포행,124,63860,120,96,하행,문화예술회관,273.5,2026-05-12
900,양덕-구룡포-양덕(기본),양덕행,양덕행,구룡포행,124,63860,120,97,하행,종합운동장,255.3,2026-05-12
900,양덕-구룡포-양덕(기본),양덕행,양덕행,구룡포행,124,63860,120,98,하행,남구청(야구장),390.2,2026-05-12
900,양덕-구룡포-양덕(기본),양덕행,양덕행,구룡포행,124,63860,120,99,하행,뱃머리 평생학습원,388.5,2026-05-12
900,양덕-구룡포-양덕(기본),양덕행,양덕행,구룡포행,124,63860,120,100,하행,한전앞교차로,527.8,2026-05-12
900,양덕-구룡포-양덕(기본),양덕행,양덕행,구룡포행,124,63860,120,101,하행,시외버스터미널,495.3,2026-05-12
900,양덕-구룡포-양덕(기본),양덕행,양덕행,구룡포행,124,63860,120,102,하행,교보생명,257.2,2026-05-12
900,양덕-구룡포-양덕(기본),양덕행,양덕행,구룡포행,124,63860,120,103,하행,산업은행,382.1,2026-05-12
900,양덕-구룡포-양덕(기본),양덕행,양덕행,구룡포행,124,63860,120,104,하행,고용복지플러스센터,644.9,2026-05-12
900,양덕-구룡포-양덕(기본),양덕행,양덕행,구룡포행,124,63860,120,105,하행,GS슈퍼마켓,351.9,2026-05-12
900,양덕-구룡포-양덕(기본),양덕행,양덕행,구룡포행,124,63860,120,106,하행,죽도파출소,352.5,2026-05-12
900,양덕-구룡포-양덕(기본),양덕행,양덕행,구룡포행,124,63860,120,107,하행,홈플러스(오거리),351.7,2026-05-12
900,양덕-구룡포-양덕(기본),양덕행,양덕행,구룡포행,124,63860,120,108,하행,죽도시장,556.7,2026-05-12
900,양덕-구룡포-양덕(기본),양덕행,양덕행,구룡포행,124,63860,120,109,하행,육거리,469.2,2026-05-12
900,양덕-구룡포-양덕(기본),양덕행,양덕행,구룡포행,124,63860,120,110,하행,북구청,457.1,2026-05-12
900,양덕-구룡포-양덕(기본),양덕행,양덕행,구룡포행,124,63860,120,111,하행,북부시장/채움병원,286.2,2026-05-12
900,양덕-구룡포-양덕(기본),양덕행,양덕행,구룡포행,124,63860,120,112,하행,롯데백화점,451.7,2026-05-12
900,양덕-구룡포-양덕(기본),양덕행,양덕행,구룡포행,124,63860,120,113,하행,포항세관,359.3,2026-05-12
900,양덕-구룡포-양덕(기본),양덕행,양덕행,구룡포행,124,63860,120,114,하행,영일대 해수욕장,333.5,2026-05-12
900,양덕-구룡포-양덕(기본),양덕행,양덕행,구룡포행,124,63860,120,115,하행,롯데아파트,360.9,2026-05-12
900,양덕-구룡포-양덕(기본),양덕행,양덕행,구룡포행,124,63860,120,116,하행,두호동행정복지센터,528.1,2026-05-12
900,양덕-구룡포-양덕(기본),양덕행,양덕행,구룡포행,124,63860,120,117,하행,설머리물회지구,658.7,2026-05-12
900,양덕-구룡포-양덕(기본),양덕행,양덕행,구룡포행,124,63860,120,118,하행,노인복지회관,276,2026-05-12
900,양덕-구룡포-양덕(기본),양덕행,양덕행,구룡포행,124,63860,120,119,하행,환호해맞이그린빌,366.9,2026-05-12
900,양덕-구룡포-양덕(기본),양덕행,양덕행,구룡포행,124,63860,120,120,하행,환호공원,314.5,2026-05-12
900,양덕-구룡포-양덕(기본),양덕행,양덕행,구룡포행,124,63860,120,121,하행,라메르웨딩컨벤션,296.2,2026-05-12
900,양덕-구룡포-양덕(기본),양덕행,양덕행,구룡포행,124,63860,120,122,하행,환호여중,315.5,2026-05-12
900,양덕-구룡포-양덕(기본),양덕행,양덕행,구룡포행,124,63860,120,123,하행,청소년수련관,280.9,2026-05-12
900,양덕-구룡포-양덕(기본),양덕행,양덕행,구룡포행,124,63860,120,124,하행,양덕차고지,792.7,2026-05-12
9000,양덕-호미곶-양덕(기본),양덕행,양덕행,호미곶행,159,111792,250,1,상행,양덕차고지,0,2026-05-12
9000,양덕-호미곶-양덕(기본),양덕행,양덕행,호미곶행,159,111792,250,2,상행,양덕교차로(무정차),383.5,2026-05-12
9000,양덕-호미곶-양덕(기본),양덕행,양덕행,호미곶행,159,111792,250,3,상행,청소년수련관,411.5,2026-05-12
9000,양덕-호미곶-양덕(기본),양덕행,양덕행,호미곶행,159,111792,250,4,상행,라메르웨딩컨벤션,675,2026-05-12
9000,양덕-호미곶-양덕(기본),양덕행,양덕행,호미곶행,159,111792,250,5,상행,환호해맞이그린빌,384.7,2026-05-12
9000,양덕-호미곶-양덕(기본),양덕행,양덕행,호미곶행,159,111792,250,6,상행,노인복지회관,587.9,2026-05-12
9000,양덕-호미곶-양덕(기본),양덕행,양덕행,호미곶행,159,111792,250,7,상행,설머리물회지구,201.2,2026-05-12
9000,양덕-호미곶-양덕(기본),양덕행,양덕행,호미곶행,159,111792,250,8,상행,두호동행정복지센터,764.9,2026-05-12
9000,양덕-호미곶-양덕(기본),양덕행,양덕행,호미곶행,159,111792,250,9,상행,영일대해수욕장,493.4,2026-05-12
9000,양덕-호미곶-양덕(기본),양덕행,양덕행,호미곶행,159,111792,250,10,상행,영일대 해수욕장,490.8,2026-05-12
9000,양덕-호미곶-양덕(기본),양덕행,양덕행,호미곶행,159,111792,250,11,상행,선린병원후문,1082.8,2026-05-12
9000,양덕-호미곶-양덕(기본),양덕행,양덕행,호미곶행,159,111792,250,12,상행,대동우방아파트,425.2,2026-05-12
9000,양덕-호미곶-양덕(기본),양덕행,양덕행,호미곶행,159,111792,250,13,상행,유성여자고등학교,722.4,2026-05-12
9000,양덕-호미곶-양덕(기본),양덕행,양덕행,호미곶행,159,111792,250,14,상행,포항 중앙고등학교,1143.8,2026-05-12
9000,양덕-호미곶-양덕(기본),양덕행,양덕행,호미곶행,159,111792,250,15,상행,중앙고-달전(무정차),1092.8,2026-05-12
9000,양덕-호미곶-양덕(기본),양덕행,양덕행,호미곶행,159,111792,250,16,상행,달전(무정차),602.1,2026-05-12
9000,양덕-호미곶-양덕(기본),양덕행,양덕행,호미곶행,159,111792,250,17,상행,포항역(시내행),1160.1,2026-05-12
9000,양덕-호미곶-양덕(기본),양덕행,양덕행,호미곶행,159,111792,250,18,상행,달전(무정차),1209.3,2026-05-12
9000,양덕-호미곶-양덕(기본),양덕행,양덕행,호미곶행,159,111792,250,19,상행,달전-중앙고(무정차),599.3,2026-05-12
9000,양덕-호미곶-양덕(기본),양덕행,양덕행,호미곶행,159,111792,250,20,상행,포항 중앙고등학교,1088.4,2026-05-12
9000,양덕-호미곶-양덕(기본),양덕행,양덕행,호미곶행,159,111792,250,21,상행,유성여자고등학교,1291.1,2026-05-12
9000,양덕-호미곶-양덕(기본),양덕행,양덕행,호미곶행,159,111792,250,22,상행,대동우방아파트,593.9,2026-05-12
9000,양덕-호미곶-양덕(기본),양덕행,양덕행,호미곶행,159,111792,250,23,상행,나루끝,351.8,2026-05-12
9000,양덕-호미곶-양덕(기본),양덕행,양덕행,호미곶행,159,111792,250,24,상행,도심환승센터,447.5,2026-05-12
9000,양덕-호미곶-양덕(기본),양덕행,양덕행,호미곶행,159,111792,250,25,상행,YMCA,422.9,2026-05-12
9000,양덕-호미곶-양덕(기본),양덕행,양덕행,호미곶행,159,111792,250,26,상행,CGV북포항,221.2,2026-05-12
9000,양덕-호미곶-양덕(기본),양덕행,양덕행,호미곶행,159,111792,250,27,상행,죽도어시장,770.2,2026-05-12
9000,양덕-호미곶-양덕(기본),양덕행,양덕행,호미곶행,159,111792,250,28,상행,죽도동민복지회관,335,2026-05-12
9000,양덕-호미곶-양덕(기본),양덕행,양덕행,호미곶행,159,111792,250,29,상행,오거리,432.9,2026-05-12
9000,양덕-호미곶-양덕(기본),양덕행,양덕행,호미곶행,159,111792,250,30,상행,고속버스터미널,317.7,2026-05-12
9000,양덕-호미곶-양덕(기본),양덕행,양덕행,호미곶행,159,111792,250,31,상행,해도119안전센터,571,2026-05-12
9000,양덕-호미곶-양덕(기본),양덕행,양덕행,호미곶행,159,111792,250,32,상행,형산로타리,1133.8,2026-05-12
9000,양덕-호미곶-양덕(기본),양덕행,양덕행,호미곶행,159,111792,250,33,상행,형산로터리(무정차),334.3,2026-05-12
9000,양덕-호미곶-양덕(기본),양덕행,양덕행,호미곶행,159,111792,250,34,상행,현대제철,642,2026-05-12
9000,양덕-호미곶-양덕(기본),양덕행,양덕행,호미곶행,159,111792,250,35,상행,포스코본사,1017.6,2026-05-12
9000,양덕-호미곶-양덕(기본),양덕행,양덕행,호미곶행,159,111792,250,36,상행,남구보건소,1396.7,2026-05-12
9000,양덕-호미곶-양덕(기본),양덕행,양덕행,호미곶행,159,111792,250,37,상행,청림파출소,766.4,2026-05-12
9000,양덕-호미곶-양덕(기본),양덕행,양덕행,호미곶행,159,111792,250,38,상행,해병대BOQ,521.5,2026-05-12
9000,양덕-호미곶-양덕(기본),양덕행,양덕행,호미곶행,159,111792,250,39,상행,포항남부소방서,1170.2,2026-05-12
9000,양덕-호미곶-양덕(기본),양덕행,양덕행,호미곶행,159,111792,250,40,상행,도구1리,1901.3,2026-05-12
9000,양덕-호미곶-양덕(기본),양덕행,양덕행,호미곶행,159,111792,250,41,상행,포항경주공항,229.2,2026-05-12
9000,양덕-호미곶-양덕(기본),양덕행,양덕행,호미곶행,159,111792,250,42,상행,도구1리,741.5,2026-05-12
9000,양덕-호미곶-양덕(기본),양덕행,양덕행,호미곶행,159,111792,250,43,상행,동해환승센터,650.5,2026-05-12
9000,양덕-호미곶-양덕(기본),양덕행,양덕행,호미곶행,159,111792,250,44,상행,동해면행정복지센터,255.1,2026-05-12
9000,양덕-호미곶-양덕(기본),양덕행,양덕행,호미곶행,159,111792,250,45,상행,영남상가,861.3,2026-05-12
9000,양덕-호미곶-양덕(기본),양덕행,양덕행,호미곶행,159,111792,250,46,상행,석동교차로(무정차),2148.4,2026-05-12
9000,양덕-호미곶-양덕(기본),양덕행,양덕행,호미곶행,159,111792,250,47,상행,상정검문소(무정차),2691.2,2026-05-12
9000,양덕-호미곶-양덕(기본),양덕행,양덕행,호미곶행,159,111792,250,48,상행,병포리(무정차),3804.6,2026-05-12
9000,양덕-호미곶-양덕(기본),양덕행,양덕행,호미곶행,159,111792,250,49,상행,구룡포행정복지센터,1375.6,2026-05-12
9000,양덕-호미곶-양덕(기본),양덕행,양덕행,호미곶행,159,111792,250,50,상행,구룡포시장,433.9,2026-05-12
9000,양덕-호미곶-양덕(기본),양덕행,양덕행,호미곶행,159,111792,250,51,상행,구룡포환승센터,382.2,2026-05-12
9000,양덕-호미곶-양덕(기본),양덕행,양덕행,호미곶행,159,111792,250,52,상행,구룡포수협,254.6,2026-05-12
9000,양덕-호미곶-양덕(기본),양덕행,양덕행,호미곶행,159,111792,250,53,상행,구룡포일본인가옥거리,258.6,2026-05-12
9000,양덕-호미곶-양덕(기본),양덕행,양덕행,호미곶행,159,111792,250,54,상행,구룡포중학교,351.4,2026-05-12
9000,양덕-호미곶-양덕(기본),양덕행,양덕행,호미곶행,159,111792,250,55,상행,구룡포6리,546,2026-05-12
9000,양덕-호미곶-양덕(기본),양덕행,양덕행,호미곶행,159,111792,250,56,상행,구룡포해수욕장,590,2026-05-12
9000,양덕-호미곶-양덕(기본),양덕행,양덕행,호미곶행,159,111792,250,57,상행,삼정1리,958.4,2026-05-12
9000,양덕-호미곶-양덕(기본),양덕행,양덕행,호미곶행,159,111792,250,58,상행,삼정2리,543.2,2026-05-12
9000,양덕-호미곶-양덕(기본),양덕행,양덕행,호미곶행,159,111792,250,59,상행,삼정3리,302.8,2026-05-12
9000,양덕-호미곶-양덕(기본),양덕행,양덕행,호미곶행,159,111792,250,60,상행,석병1리,468,2026-05-12
9000,양덕-호미곶-양덕(기본),양덕행,양덕행,호미곶행,159,111792,250,61,상행,석병교회,1244.3,2026-05-12
9000,양덕-호미곶-양덕(기본),양덕행,양덕행,호미곶행,159,111792,250,62,상행,석병2리,677.4,2026-05-12
9000,양덕-호미곶-양덕(기본),양덕행,양덕행,호미곶행,159,111792,250,63,상행,청소년수련원,322.4,2026-05-12
9000,양덕-호미곶-양덕(기본),양덕행,양덕행,호미곶행,159,111792,250,64,상행,다무포,558.8,2026-05-12
9000,양덕-호미곶-양덕(기본),양덕행,양덕행,호미곶행,159,111792,250,65,상행,강사2교차로,560.9,2026-05-12
9000,양덕-호미곶-양덕(기본),양덕행,양덕행,호미곶행,159,111792,250,66,상행,강사1리,373.5,2026-05-12
9000,양덕-호미곶-양덕(기본),양덕행,양덕행,호미곶행,159,111792,250,67,상행,강사교회,795,2026-05-12
9000,양덕-호미곶-양덕(기본),양덕행,양덕행,호미곶행,159,111792,250,68,상행,강사2리,362.7,2026-05-12
9000,양덕-호미곶-양덕(기본),양덕행,양덕행,호미곶행,159,111792,250,69,상행,해맞이로입구,795.4,2026-05-12
9000,양덕-호미곶-양덕(기본),양덕행,양덕행,호미곶행,159,111792,250,70,상행,송림촌,326,2026-05-12
9000,양덕-호미곶-양덕(기본),양덕행,양덕행,호미곶행,159,111792,250,71,상행,호미로,334.5,2026-05-12
9000,양덕-호미곶-양덕(기본),양덕행,양덕행,호미곶행,159,111792,250,72,상행,대천,478.7,2026-05-12
9000,양덕-호미곶-양덕(기본),양덕행,양덕행,호미곶행,159,111792,250,73,상행,대천교,454.5,2026-05-12
9000,양덕-호미곶-양덕(기본),양덕행,양덕행,호미곶행,159,111792,250,74,상행,대보1리,220.5,2026-05-12
9000,양덕-호미곶-양덕(기본),양덕행,양덕행,호미곶행,159,111792,250,75,상행,대보중학교,490.6,2026-05-12
9000,양덕-호미곶-양덕(기본),양덕행,양덕행,호미곶행,159,111792,250,76,상행,해맞이광장(면민회관),274.5,2026-05-12
9000,양덕-호미곶-양덕(기본),양덕행,양덕행,호미곶행,159,111792,250,77,상행,구룡포농협호미곶지점,200.6,2026-05-12
9000,양덕-호미곶-양덕(기본),양덕행,양덕행,호미곶행,159,111792,250,78,상행,구룡포수협호미곶지점,310.6,2026-05-12
9000,양덕-호미곶-양덕(기본),양덕행,양덕행,호미곶행,159,111792,250,79,상행,호미곶행정복지센터,332.3,2026-05-12
9000,양덕-호미곶-양덕(기본),양덕행,양덕행,호미곶행,159,111792,250,80,상행,구만2리마을회관,509.8,2026-05-12
9000,양덕-호미곶-양덕(기본),양덕행,양덕행,호미곶행,159,111792,250,81,하행,구만2리,243.1,2026-05-12
9000,양덕-호미곶-양덕(기본),양덕행,양덕행,호미곶행,159,111792,250,82,하행,구만2리,85.1,2026-05-12
9000,양덕-호미곶-양덕(기본),양덕행,양덕행,호미곶행,159,111792,250,83,하행,구만2리마을회관,217.7,2026-05-12
9000,양덕-호미곶-양덕(기본),양덕행,양덕행,호미곶행,159,111792,250,84,하행,호미곶행정복지센터,520.9,2026-05-12
9000,양덕-호미곶-양덕(기본),양덕행,양덕행,호미곶행,159,111792,250,85,하행,구룡포수협호미곶지점,317.7,2026-05-12
9000,양덕-호미곶-양덕(기본),양덕행,양덕행,호미곶행,159,111792,250,86,하행,구룡포농협호미곶지점,308.1,2026-05-12
9000,양덕-호미곶-양덕(기본),양덕행,양덕행,호미곶행,159,111792,250,87,하행,해맞이광장(면민회관),221.6,2026-05-12
9000,양덕-호미곶-양덕(기본),양덕행,양덕행,호미곶행,159,111792,250,88,하행,대보중학교,254.6,2026-05-12
9000,양덕-호미곶-양덕(기본),양덕행,양덕행,호미곶행,159,111792,250,89,하행,대보1리,482.4,2026-05-12
9000,양덕-호미곶-양덕(기본),양덕행,양덕행,호미곶행,159,111792,250,90,하행,대천교,220.9,2026-05-12
9000,양덕-호미곶-양덕(기본),양덕행,양덕행,호미곶행,159,111792,250,91,하행,대천,473.7,2026-05-12
9000,양덕-호미곶-양덕(기본),양덕행,양덕행,호미곶행,159,111792,250,92,하행,호미로,428.8,2026-05-12
9000,양덕-호미곶-양덕(기본),양덕행,양덕행,호미곶행,159,111792,250,93,하행,송림촌,369.3,2026-05-12
9000,양덕-호미곶-양덕(기본),양덕행,양덕행,호미곶행,159,111792,250,94,하행,강사2리,1105.2,2026-05-12
9000,양덕-호미곶-양덕(기본),양덕행,양덕행,호미곶행,159,111792,250,95,하행,강사교회,306.9,2026-05-12
9000,양덕-호미곶-양덕(기본),양덕행,양덕행,호미곶행,159,111792,250,96,하행,강사1리,856.7,2026-05-12
9000,양덕-호미곶-양덕(기본),양덕행,양덕행,호미곶행,159,111792,250,97,하행,강사2교차로,370.6,2026-05-12
9000,양덕-호미곶-양덕(기본),양덕행,양덕행,호미곶행,159,111792,250,98,하행,다무포,570.1,2026-05-12
9000,양덕-호미곶-양덕(기본),양덕행,양덕행,호미곶행,159,111792,250,99,하행,청소년수련원,542.8,2026-05-12
9000,양덕-호미곶-양덕(기본),양덕행,양덕행,호미곶행,159,111792,250,100,하행,석병2리,340.2,2026-05-12
9000,양덕-호미곶-양덕(기본),양덕행,양덕행,호미곶행,159,111792,250,101,하행,석병교회,670.7,2026-05-12
9000,양덕-호미곶-양덕(기본),양덕행,양덕행,호미곶행,159,111792,250,102,하행,석병1리,1142.8,2026-05-12
9000,양덕-호미곶-양덕(기본),양덕행,양덕행,호미곶행,159,111792,250,103,하행,삼정3리,558.3,2026-05-12
9000,양덕-호미곶-양덕(기본),양덕행,양덕행,호미곶행,159,111792,250,104,하행,삼정2리,302.1,2026-05-12
9000,양덕-호미곶-양덕(기본),양덕행,양덕행,호미곶행,159,111792,250,105,하행,삼정1리,512.6,2026-05-12
9000,양덕-호미곶-양덕(기본),양덕행,양덕행,호미곶행,159,111792,250,106,하행,구룡포해수욕장,915.4,2026-05-12
9000,양덕-호미곶-양덕(기본),양덕행,양덕행,호미곶행,159,111792,250,107,하행,구룡포6리,647.8,2026-05-12
9000,양덕-호미곶-양덕(기본),양덕행,양덕행,호미곶행,159,111792,250,108,하행,구룡포중학교,503.5,2026-05-12
9000,양덕-호미곶-양덕(기본),양덕행,양덕행,호미곶행,159,111792,250,109,하행,구룡포일본인가옥거리,275.1,2026-05-12
9000,양덕-호미곶-양덕(기본),양덕행,양덕행,호미곶행,159,111792,250,110,하행,구룡포수협,332.9,2026-05-12
9000,양덕-호미곶-양덕(기본),양덕행,양덕행,호미곶행,159,111792,250,111,하행,구룡포환승센터,164.4,2026-05-12
9000,양덕-호미곶-양덕(기본),양덕행,양덕행,호미곶행,159,111792,250,112,하행,구룡포시장,459.2,2026-05-12
9000,양덕-호미곶-양덕(기본),양덕행,양덕행,호미곶행,159,111792,250,113,하행,구룡포행정복지센터,440.1,2026-05-12
9000,양덕-호미곶-양덕(기본),양덕행,양덕행,호미곶행,159,111792,250,114,하행,병포리(무정차),1339.1,2026-05-12
9000,양덕-호미곶-양덕(기본),양덕행,양덕행,호미곶행,159,111792,250,115,하행,상정검문소(무정차),3782.4,2026-05-12
9000,양덕-호미곶-양덕(기본),양덕행,양덕행,호미곶행,159,111792,250,116,하행,석동교차로(무정차),2691.7,2026-05-12
9000,양덕-호미곶-양덕(기본),양덕행,양덕행,호미곶행,159,111792,250,117,하행,황금상가,2215.2,2026-05-12
9000,양덕-호미곶-양덕(기본),양덕행,양덕행,호미곶행,159,111792,250,118,하행,동해면행정복지센터,792.2,2026-05-12
9000,양덕-호미곶-양덕(기본),양덕행,양덕행,호미곶행,159,111792,250,119,하행,동해환승센터,309.5,2026-05-12
9000,양덕-호미곶-양덕(기본),양덕행,양덕행,호미곶행,159,111792,250,120,하행,도구1리,657.5,2026-05-12
9000,양덕-호미곶-양덕(기본),양덕행,양덕행,호미곶행,159,111792,250,121,하행,포항경주공항,284.7,2026-05-12
9000,양덕-호미곶-양덕(기본),양덕행,양덕행,호미곶행,159,111792,250,122,하행,도구1리,686,2026-05-12
9000,양덕-호미곶-양덕(기본),양덕행,양덕행,호미곶행,159,111792,250,123,하행,포항남부소방서,2080.2,2026-05-12
9000,양덕-호미곶-양덕(기본),양덕행,양덕행,호미곶행,159,111792,250,124,하행,해병대BOQ,976.4,2026-05-12
9000,양덕-호미곶-양덕(기본),양덕행,양덕행,호미곶행,159,111792,250,125,하행,남구보건소,1271.1,2026-05-12
9000,양덕-호미곶-양덕(기본),양덕행,양덕행,호미곶행,159,111792,250,126,하행,포스코본사,1395.3,2026-05-12
9000,양덕-호미곶-양덕(기본),양덕행,양덕행,호미곶행,159,111792,250,127,하행,현대제철,1027,2026-05-12
9000,양덕-호미곶-양덕(기본),양덕행,양덕행,호미곶행,159,111792,250,128,하행,형산로터리,995.1,2026-05-12
9000,양덕-호미곶-양덕(기본),양덕행,양덕행,호미곶행,159,111792,250,129,하행,해도119안전센터,1059.4,2026-05-12
9000,양덕-호미곶-양덕(기본),양덕행,양덕행,호미곶행,159,111792,250,130,하행,고속버스터미널,437.6,2026-05-12
9000,양덕-호미곶-양덕(기본),양덕행,양덕행,호미곶행,159,111792,250,131,하행,오거리,547.2,2026-05-12
9000,양덕-호미곶-양덕(기본),양덕행,양덕행,호미곶행,159,111792,250,132,하행,죽도동민복지회관,344.1,2026-05-12
9000,양덕-호미곶-양덕(기본),양덕행,양덕행,호미곶행,159,111792,250,133,하행,죽도어시장,575.6,2026-05-12
9000,양덕-호미곶-양덕(기본),양덕행,양덕행,호미곶행,159,111792,250,134,하행,CGV북포항,565.7,2026-05-12
9000,양덕-호미곶-양덕(기본),양덕행,양덕행,호미곶행,159,111792,250,135,하행,수인사,252,2026-05-12
9000,양덕-호미곶-양덕(기본),양덕행,양덕행,호미곶행,159,111792,250,136,하행,도심환승센터,366.8,2026-05-12
9000,양덕-호미곶-양덕(기본),양덕행,양덕행,호미곶행,159,111792,250,137,하행,나루끝,502.4,2026-05-12
9000,양덕-호미곶-양덕(기본),양덕행,양덕행,호미곶행,159,111792,250,138,하행,대동우방아파트,317.1,2026-05-12
9000,양덕-호미곶-양덕(기본),양덕행,양덕행,호미곶행,159,111792,250,139,하행,유성여자고등학교,722.4,2026-05-12
9000,양덕-호미곶-양덕(기본),양덕행,양덕행,호미곶행,159,111792,250,140,하행,포항 중앙고등학교,1143.8,2026-05-12
9000,양덕-호미곶-양덕(기본),양덕행,양덕행,호미곶행,159,111792,250,141,하행,중앙고-달전(무정차),1092.8,2026-05-12
9000,양덕-호미곶-양덕(기본),양덕행,양덕행,호미곶행,159,111792,250,142,하행,달전(무정차),602.1,2026-05-12
9000,양덕-호미곶-양덕(기본),양덕행,양덕행,호미곶행,159,111792,250,143,하행,포항역(흥해행),1121.1,2026-05-12
9000,양덕-호미곶-양덕(기본),양덕행,양덕행,호미곶행,159,111792,250,144,하행,달전(무정차),1248.3,2026-05-12
9000,양덕-호미곶-양덕(기본),양덕행,양덕행,호미곶행,159,111792,250,145,하행,달전-중앙고(무정차),599.3,2026-05-12
9000,양덕-호미곶-양덕(기본),양덕행,양덕행,호미곶행,159,111792,250,146,하행,포항 중앙고등학교,1088.4,2026-05-12
9000,양덕-호미곶-양덕(기본),양덕행,양덕행,호미곶행,159,111792,250,147,하행,유성여자고등학교,1291.1,2026-05-12
9000,양덕-호미곶-양덕(기본),양덕행,양덕행,호미곶행,159,111792,250,148,하행,대동우방아파트,593.9,2026-05-12
9000,양덕-호미곶-양덕(기본),양덕행,양덕행,호미곶행,159,111792,250,149,하행,선린병원후문,420.8,2026-05-12
9000,양덕-호미곶-양덕(기본),양덕행,양덕행,호미곶행,159,111792,250,150,하행,포항세관,904.9,2026-05-12
9000,양덕-호미곶-양덕(기본),양덕행,양덕행,호미곶행,159,111792,250,151,하행,영일대해수욕장,638.5,2026-05-12
9000,양덕-호미곶-양덕(기본),양덕행,양덕행,호미곶행,159,111792,250,152,하행,두호동행정복지센터,511.3,2026-05-12
9000,양덕-호미곶-양덕(기본),양덕행,양덕행,호미곶행,159,111792,250,153,하행,설머리물회지구,797.9,2026-05-12
9000,양덕-호미곶-양덕(기본),양덕행,양덕행,호미곶행,159,111792,250,154,하행,노인복지회관,276,2026-05-12
9000,양덕-호미곶-양덕(기본),양덕행,양덕행,호미곶행,159,111792,250,155,하행,환호해맞이그린빌,366.9,2026-05-12
9000,양덕-호미곶-양덕(기본),양덕행,양덕행,호미곶행,159,111792,250,156,하행,환호공원,314.5,2026-05-12
9000,양덕-호미곶-양덕(기본),양덕행,양덕행,호미곶행,159,111792,250,157,하행,라메르웨딩컨벤션,296.2,2026-05-12
9000,양덕-호미곶-양덕(기본),양덕행,양덕행,호미곶행,159,111792,250,158,하행,청소년수련관,596.4,2026-05-12
9000,양덕-호미곶-양덕(기본),양덕행,양덕행,호미곶행,159,111792,250,159,하행,양덕차고지,792.7,2026-05-12
구룡포1,강사3리-후동-눌태-구룡포,강사3리행,구룡포행,구룡포행,23,17109,60,1,상행,해봉사,0,2026-05-12
구룡포1,강사3리-후동-눌태-구룡포,강사3리행,구룡포행,구룡포행,23,17109,60,2,상행,강사3리마을회관,361.1,2026-05-12
구룡포1,강사3리-후동-눌태-구룡포,강사3리행,구룡포행,구룡포행,23,17109,60,3,상행,청소년수련원,2671.5,2026-05-12
구룡포1,강사3리-후동-눌태-구룡포,강사3리행,구룡포행,구룡포행,23,17109,60,4,상행,석병2리,340.2,2026-05-12
구룡포1,강사3리-후동-눌태-구룡포,강사3리행,구룡포행,구룡포행,23,17109,60,5,상행,석병교회,670.7,2026-05-12
구룡포1,강사3리-후동-눌태-구룡포,강사3리행,구룡포행,구룡포행,23,17109,60,6,상행,석병1리,1142.8,2026-05-12
구룡포1,강사3리-후동-눌태-구룡포,강사3리행,구룡포행,구룡포행,23,17109,60,7,상행,삼정3리,558.3,2026-05-12
구룡포1,강사3리-후동-눌태-구룡포,강사3리행,구룡포행,구룡포행,23,17109,60,8,상행,삼정2리,302.1,2026-05-12
구룡포1,강사3리-후동-눌태-구룡포,강사3리행,구룡포행,구룡포행,23,17109,60,9,상행,삼정1리,512.6,2026-05-12
구룡포1,강사3리-후동-눌태-구룡포,강사3리행,구룡포행,구룡포행,23,17109,60,10,상행,구룡포해수욕장,915.4,2026-05-12
구룡포1,강사3리-후동-눌태-구룡포,강사3리행,구룡포행,구룡포행,23,17109,60,11,상행,구룡포6리,647.8,2026-05-12
구룡포1,강사3리-후동-눌태-구룡포,강사3리행,구룡포행,구룡포행,23,17109,60,12,상행,구룡포중학교,503.5,2026-05-12
구룡포1,강사3리-후동-눌태-구룡포,강사3리행,구룡포행,구룡포행,23,17109,60,13,상행,구룡포일본인가옥거리,275.1,2026-05-12
구룡포1,강사3리-후동-눌태-구룡포,강사3리행,구룡포행,구룡포행,23,17109,60,14,상행,구룡포수협,332.9,2026-05-12
구룡포1,강사3리-후동-눌태-구룡포,강사3리행,구룡포행,구룡포행,23,17109,60,15,하행,구룡포환승센터,164.4,2026-05-12
구룡포1,강사3리-후동-눌태-구룡포,강사3리행,구룡포행,구룡포행,23,17109,60,16,하행,구룡포시장,459.2,2026-05-12
구룡포1,강사3리-후동-눌태-구룡포,강사3리행,구룡포행,구룡포행,23,17109,60,17,하행,구룡포행정복지센터,440.1,2026-05-12
구룡포1,강사3리-후동-눌태-구룡포,강사3리행,구룡포행,구룡포행,23,17109,60,18,하행,후동마을입구,1149.9,2026-05-12
구룡포1,강사3리-후동-눌태-구룡포,강사3리행,구룡포행,구룡포행,23,17109,60,19,하행,후동리마을회관,380,2026-05-12
구룡포1,강사3리-후동-눌태-구룡포,강사3리행,구룡포행,구룡포행,23,17109,60,20,하행,눌태1리마을회관,2706.1,2026-05-12
구룡포1,강사3리-후동-눌태-구룡포,강사3리행,구룡포행,구룡포행,23,17109,60,21,하행,구룡포행정복지센터,1677.5,2026-05-12
구룡포1,강사3리-후동-눌태-구룡포,강사3리행,구룡포행,구룡포행,23,17109,60,22,하행,구룡포시장,433.9,2026-05-12
구룡포1,강사3리-후동-눌태-구룡포,강사3리행,구룡포행,구룡포행,23,17109,60,23,하행,구룡포환승센터,382.2,2026-05-12
구룡포1,구룡포-강사3리-구룡포,구룡포행,구룡포행,해봉사행,27,19050,60,1,상행,구룡포환승센터,0,2026-05-12
구룡포1,구룡포-강사3리-구룡포,구룡포행,구룡포행,해봉사행,27,19050,60,2,상행,구룡포수협,254.6,2026-05-12
구룡포1,구룡포-강사3리-구룡포,구룡포행,구룡포행,해봉사행,27,19050,60,3,상행,구룡포중학교,610,2026-05-12
구룡포1,구룡포-강사3리-구룡포,구룡포행,구룡포행,해봉사행,27,19050,60,4,상행,구룡포6리,546,2026-05-12
구룡포1,구룡포-강사3리-구룡포,구룡포행,구룡포행,해봉사행,27,19050,60,5,상행,구룡포해수욕장,590,2026-05-12
구룡포1,구룡포-강사3리-구룡포,구룡포행,구룡포행,해봉사행,27,19050,60,6,상행,삼정1리,958.4,2026-05-12
구룡포1,구룡포-강사3리-구룡포,구룡포행,구룡포행,해봉사행,27,19050,60,7,상행,삼정2리,543.2,2026-05-12
구룡포1,구룡포-강사3리-구룡포,구룡포행,구룡포행,해봉사행,27,19050,60,8,상행,삼정3리,302.8,2026-05-12
구룡포1,구룡포-강사3리-구룡포,구룡포행,구룡포행,해봉사행,27,19050,60,9,상행,석병1리,468,2026-05-12
구룡포1,구룡포-강사3리-구룡포,구룡포행,구룡포행,해봉사행,27,19050,60,10,상행,석병교회,1244.3,2026-05-12
구룡포1,구룡포-강사3리-구룡포,구룡포행,구룡포행,해봉사행,27,19050,60,11,상행,석병2리,677.4,2026-05-12
구룡포1,구룡포-강사3리-구룡포,구룡포행,구룡포행,해봉사행,27,19050,60,12,상행,청소년수련원,322.4,2026-05-12
구룡포1,구룡포-강사3리-구룡포,구룡포행,구룡포행,해봉사행,27,19050,60,13,하행,해봉사,3061.3,2026-05-12
구룡포1,구룡포-강사3리-구룡포,구룡포행,구룡포행,해봉사행,27,19050,60,14,하행,강사3리마을회관,361.1,2026-05-12
구룡포1,구룡포-강사3리-구룡포,구룡포행,구룡포행,해봉사행,27,19050,60,15,하행,청소년수련원,2671.5,2026-05-12
구룡포1,구룡포-강사3리-구룡포,구룡포행,구룡포행,해봉사행,27,19050,60,16,하행,석병2리,340.2,2026-05-12
구룡포1,구룡포-강사3리-구룡포,구룡포행,구룡포행,해봉사행,27,19050,60,17,하행,석병교회,670.7,2026-05-12
구룡포1,구룡포-강사3리-구룡포,구룡포행,구룡포행,해봉사행,27,19050,60,18,하행,석병1리,1142.8,2026-05-12
구룡포1,구룡포-강사3리-구룡포,구룡포행,구룡포행,해봉사행,27,19050,60,19,하행,삼정3리,558.3,2026-05-12
구룡포1,구룡포-강사3리-구룡포,구룡포행,구룡포행,해봉사행,27,19050,60,20,하행,삼정2리,302.1,2026-05-12
구룡포1,구룡포-강사3리-구룡포,구룡포행,구룡포행,해봉사행,27,19050,60,21,하행,삼정1리,512.6,2026-05-12
구룡포1,구룡포-강사3리-구룡포,구룡포행,구룡포행,해봉사행,27,19050,60,22,하행,구룡포해수욕장,915.4,2026-05-12
구룡포1,구룡포-강사3리-구룡포,구룡포행,구룡포행,해봉사행,27,19050,60,23,하행,구룡포6리,647.8,2026-05-12
구룡포1,구룡포-강사3리-구룡포,구룡포행,구룡포행,해봉사행,27,19050,60,24,하행,구룡포중학교,503.5,2026-05-12
구룡포1,구룡포-강사3리-구룡포,구룡포행,구룡포행,해봉사행,27,19050,60,25,하행,구룡포일본인가옥거리,275.1,2026-05-12
구룡포1,구룡포-강사3리-구룡포,구룡포행,구룡포행,해봉사행,27,19050,60,26,하행,구룡포수협,332.9,2026-05-12
구룡포1,구룡포-강사3리-구룡포,구룡포행,구룡포행,해봉사행,27,19050,60,27,하행,구룡포환승센터,164.4,2026-05-12
구룡포1,구룡포-병포-구평3-영암-양포,구룡포행,양포행,,33,22743,60,1,상행,구룡포환승센터,0,2026-05-12
구룡포1,구룡포-병포-구평3-영암-양포,구룡포행,양포행,,33,22743,60,2,상행,구룡포시장,459.2,2026-05-12
구룡포1,구룡포-병포-구평3-영암-양포,구룡포행,양포행,,33,22743,60,3,상행,구룡포행정복지센터,440.1,2026-05-12
구룡포1,구룡포-병포-구평3-영암-양포,구룡포행,양포행,,33,22743,60,4,상행,구룡포예술회관,403.1,2026-05-12
구룡포1,구룡포-병포-구평3-영암-양포,구룡포행,양포행,,33,22743,60,5,상행,병포리여성회관,626.2,2026-05-12
구룡포1,구룡포-병포-구평3-영암-양포,구룡포행,양포행,,33,22743,60,6,상행,구룡포작은도서관,368.3,2026-05-12
구룡포1,구룡포-병포-구평3-영암-양포,구룡포행,양포행,,33,22743,60,7,상행,병포1리,172,2026-05-12
구룡포1,구룡포-병포-구평3-영암-양포,구룡포행,양포행,,33,22743,60,8,상행,하정3리,568.8,2026-05-12
구룡포1,구룡포-병포-구평3-영암-양포,구룡포행,양포행,,33,22743,60,9,상행,경북대수련원,556,2026-05-12
구룡포1,구룡포-병포-구평3-영암-양포,구룡포행,양포행,,33,22743,60,10,상행,하정2리,675,2026-05-12
구룡포1,구룡포-병포-구평3-영암-양포,구룡포행,양포행,,33,22743,60,11,상행,하정1리,477.5,2026-05-12
구룡포1,구룡포-병포-구평3-영암-양포,구룡포행,양포행,,33,22743,60,12,상행,장길리,889.6,2026-05-12
구룡포1,구룡포-병포-구평3-영암-양포,구룡포행,양포행,,33,22743,60,13,상행,장길리낚시공원,675.2,2026-05-12
구룡포1,구룡포-병포-구평3-영암-양포,구룡포행,양포행,,33,22743,60,14,상행,구평2리,654.6,2026-05-12
구룡포1,구룡포-병포-구평3-영암-양포,구룡포행,양포행,,33,22743,60,15,상행,구평리,1458,2026-05-12
구룡포1,구룡포-병포-구평3-영암-양포,구룡포행,양포행,,33,22743,60,16,상행,구평3리마을회관,1181.9,2026-05-12
구룡포1,구룡포-병포-구평3-영암-양포,구룡포행,양포행,,33,22743,60,17,상행,구평리,1171.2,2026-05-12
구룡포1,구룡포-병포-구평3-영암-양포,구룡포행,양포행,,33,22743,60,18,상행,구평보건진료소,1584.2,2026-05-12
구룡포1,구룡포-병포-구평3-영암-양포,구룡포행,양포행,,33,22743,60,19,상행,구평1리,225.5,2026-05-12
구룡포1,구룡포-병포-구평3-영암-양포,구룡포행,양포행,,33,22743,60,20,상행,새바위,413,2026-05-12
구룡포1,구룡포-병포-구평3-영암-양포,구룡포행,양포행,,33,22743,60,21,상행,구포휴게소,628.5,2026-05-12
구룡포1,구룡포-병포-구평3-영암-양포,구룡포행,양포행,,33,22743,60,22,상행,모포분교,721,2026-05-12
구룡포1,구룡포-병포-구평3-영암-양포,구룡포행,양포행,,33,22743,60,23,상행,모포2리,550.1,2026-05-12
구룡포1,구룡포-병포-구평3-영암-양포,구룡포행,양포행,,33,22743,60,24,상행,대진리,690,2026-05-12
구룡포1,구룡포-병포-구평3-영암-양포,구룡포행,양포행,,33,22743,60,25,상행,영암1리,1967.1,2026-05-12
구룡포1,구룡포-병포-구평3-영암-양포,구룡포행,양포행,,33,22743,60,26,상행,죽하,1735.7,2026-05-12
구룡포1,구룡포-병포-구평3-영암-양포,구룡포행,양포행,,33,22743,60,27,상행,신창1리,526,2026-05-12
구룡포1,구룡포-병포-구평3-영암-양포,구룡포행,양포행,,33,22743,60,28,상행,신창해수욕장,342.8,2026-05-12
구룡포1,구룡포-병포-구평3-영암-양포,구룡포행,양포행,,33,22743,60,29,상행,신창2리,392.2,2026-05-12
구룡포1,구룡포-병포-구평3-영암-양포,구룡포행,양포행,,33,22743,60,30,상행,창암,311.3,2026-05-12
구룡포1,구룡포-병포-구평3-영암-양포,구룡포행,양포행,,33,22743,60,31,상행,수협장기지점,866.7,2026-05-12
구룡포1,구룡포-병포-구평3-영암-양포,구룡포행,양포행,,33,22743,60,32,상행,농협양포점,391.4,2026-05-12
구룡포1,구룡포-병포-구평3-영암-양포,구룡포행,양포행,,33,22743,60,33,상행,양포삼거리,189.4,2026-05-12
구룡포1,구룡포-병포-영암-양포,구룡포행,양포행,,30,17745,60,1,상행,구룡포환승센터,0,2026-05-12
구룡포1,구룡포-병포-영암-양포,구룡포행,양포행,,30,17745,60,2,상행,구룡포시장,459.2,2026-05-12
구룡포1,구룡포-병포-영암-양포,구룡포행,양포행,,30,17745,60,3,상행,구룡포행정복지센터,440.1,2026-05-12
구룡포1,구룡포-병포-영암-양포,구룡포행,양포행,,30,17745,60,4,상행,구룡포예술회관,403.1,2026-05-12
구룡포1,구룡포-병포-영암-양포,구룡포행,양포행,,30,17745,60,5,상행,병포리여성회관,626.2,2026-05-12
구룡포1,구룡포-병포-영암-양포,구룡포행,양포행,,30,17745,60,6,상행,구룡포작은도서관,368.3,2026-05-12
구룡포1,구룡포-병포-영암-양포,구룡포행,양포행,,30,17745,60,7,상행,병포1리,172,2026-05-12
구룡포1,구룡포-병포-영암-양포,구룡포행,양포행,,30,17745,60,8,상행,하정3리,568.8,2026-05-12
구룡포1,구룡포-병포-영암-양포,구룡포행,양포행,,30,17745,60,9,상행,경북대수련원,556,2026-05-12
구룡포1,구룡포-병포-영암-양포,구룡포행,양포행,,30,17745,60,10,상행,하정2리,675,2026-05-12
구룡포1,구룡포-병포-영암-양포,구룡포행,양포행,,30,17745,60,11,상행,하정1리,477.5,2026-05-12
구룡포1,구룡포-병포-영암-양포,구룡포행,양포행,,30,17745,60,12,상행,장길리,889.6,2026-05-12
구룡포1,구룡포-병포-영암-양포,구룡포행,양포행,,30,17745,60,13,상행,장길리낚시공원,675.2,2026-05-12
구룡포1,구룡포-병포-영암-양포,구룡포행,양포행,,30,17745,60,14,상행,구평2리,654.6,2026-05-12
구룡포1,구룡포-병포-영암-양포,구룡포행,양포행,,30,17745,60,15,상행,구평보건진료소,396.8,2026-05-12
구룡포1,구룡포-병포-영암-양포,구룡포행,양포행,,30,17745,60,16,상행,구평1리,225.5,2026-05-12
구룡포1,구룡포-병포-영암-양포,구룡포행,양포행,,30,17745,60,17,상행,새바위,413,2026-05-12
구룡포1,구룡포-병포-영암-양포,구룡포행,양포행,,30,17745,60,18,상행,구포휴게소,628.5,2026-05-12
구룡포1,구룡포-병포-영암-양포,구룡포행,양포행,,30,17745,60,19,상행,모포분교,721,2026-05-12
구룡포1,구룡포-병포-영암-양포,구룡포행,양포행,,30,17745,60,20,상행,모포2리,550.1,2026-05-12
구룡포1,구룡포-병포-영암-양포,구룡포행,양포행,,30,17745,60,21,상행,대진리,690,2026-05-12
구룡포1,구룡포-병포-영암-양포,구룡포행,양포행,,30,17745,60,22,상행,영암1리,1967.1,2026-05-12
구룡포1,구룡포-병포-영암-양포,구룡포행,양포행,,30,17745,60,23,상행,죽하,1735.7,2026-05-12
구룡포1,구룡포-병포-영암-양포,구룡포행,양포행,,30,17745,60,24,상행,신창1리,526,2026-05-12
구룡포1,구룡포-병포-영암-양포,구룡포행,양포행,,30,17745,60,25,상행,신창해수욕장,342.8,2026-05-12
구룡포1,구룡포-병포-영암-양포,구룡포행,양포행,,30,17745,60,26,상행,신창2리,392.2,2026-05-12
구룡포1,구룡포-병포-영암-양포,구룡포행,양포행,,30,17745,60,27,상행,창암,311.3,2026-05-12
구룡포1,구룡포-병포-영암-양포,구룡포행,양포행,,30,17745,60,28,상행,수협장기지점,866.7,2026-05-12
구룡포1,구룡포-병포-영암-양포,구룡포행,양포행,,30,17745,60,29,상행,농협양포점,391.4,2026-05-12
구룡포1,구룡포-병포-영암-양포,구룡포행,양포행,,30,17745,60,30,상행,양포삼거리,189.4,2026-05-12
구룡포1,구룡포-병포리-장기-양포,구룡포행,양포행,,34,21331,60,1,상행,구룡포환승센터,0,2026-05-12
구룡포1,구룡포-병포리-장기-양포,구룡포행,양포행,,34,21331,60,2,상행,구룡포시장,459.2,2026-05-12
구룡포1,구룡포-병포리-장기-양포,구룡포행,양포행,,34,21331,60,3,상행,구룡포행정복지센터,440.1,2026-05-12
구룡포1,구룡포-병포리-장기-양포,구룡포행,양포행,,34,21331,60,4,상행,구룡포예술회관,403.1,2026-05-12
구룡포1,구룡포-병포리-장기-양포,구룡포행,양포행,,34,21331,60,5,상행,병포리여성회관,626.2,2026-05-12
구룡포1,구룡포-병포리-장기-양포,구룡포행,양포행,,34,21331,60,6,상행,구룡포작은도서관,368.3,2026-05-12
구룡포1,구룡포-병포리-장기-양포,구룡포행,양포행,,34,21331,60,7,상행,병포1리,172,2026-05-12
구룡포1,구룡포-병포리-장기-양포,구룡포행,양포행,,34,21331,60,8,상행,하정3리,568.8,2026-05-12
구룡포1,구룡포-병포리-장기-양포,구룡포행,양포행,,34,21331,60,9,상행,경북대수련원,556,2026-05-12
구룡포1,구룡포-병포리-장기-양포,구룡포행,양포행,,34,21331,60,10,상행,하정2리,675,2026-05-12
구룡포1,구룡포-병포리-장기-양포,구룡포행,양포행,,34,21331,60,11,상행,하정1리,477.5,2026-05-12
구룡포1,구룡포-병포리-장기-양포,구룡포행,양포행,,34,21331,60,12,상행,장길리,889.6,2026-05-12
구룡포1,구룡포-병포리-장기-양포,구룡포행,양포행,,34,21331,60,13,상행,장길리낚시공원,675.2,2026-05-12
구룡포1,구룡포-병포리-장기-양포,구룡포행,양포행,,34,21331,60,14,상행,구평2리,654.6,2026-05-12
구룡포1,구룡포-병포리-장기-양포,구룡포행,양포행,,34,21331,60,15,상행,구평보건진료소,396.8,2026-05-12
구룡포1,구룡포-병포리-장기-양포,구룡포행,양포행,,34,21331,60,16,상행,구평1리,225.5,2026-05-12
구룡포1,구룡포-병포리-장기-양포,구룡포행,양포행,,34,21331,60,17,상행,새바위,413,2026-05-12
구룡포1,구룡포-병포리-장기-양포,구룡포행,양포행,,34,21331,60,18,상행,구포휴게소,628.5,2026-05-12
구룡포1,구룡포-병포리-장기-양포,구룡포행,양포행,,34,21331,60,19,상행,모포분교,721,2026-05-12
구룡포1,구룡포-병포리-장기-양포,구룡포행,양포행,,34,21331,60,20,상행,모포2리,550.1,2026-05-12
구룡포1,구룡포-병포리-장기-양포,구룡포행,양포행,,34,21331,60,21,상행,대진리,690,2026-05-12
구룡포1,구룡포-병포리-장기-양포,구룡포행,양포행,,34,21331,60,22,상행,대진해수욕장,424.5,2026-05-12
구룡포1,구룡포-병포리-장기-양포,구룡포행,양포행,,34,21331,60,23,상행,영암3리,1246.7,2026-05-12
구룡포1,구룡포-병포리-장기-양포,구룡포행,양포행,,34,21331,60,24,상행,영암1리,1384.8,2026-05-12
구룡포1,구룡포-병포리-장기-양포,구룡포행,양포행,,34,21331,60,25,상행,죽하,685.3,2026-05-12
구룡포1,구룡포-병포리-장기-양포,구룡포행,양포행,,34,21331,60,26,상행,금곡교,248.8,2026-05-12
구룡포1,구룡포-병포리-장기-양포,구룡포행,양포행,,34,21331,60,27,상행,금곡리,927.1,2026-05-12
구룡포1,구룡포-병포리-장기-양포,구룡포행,양포행,,34,21331,60,28,상행,장기교,2206.6,2026-05-12
구룡포1,구룡포-병포리-장기-양포,구룡포행,양포행,,34,21331,60,29,상행,장기중학교,210.7,2026-05-12
구룡포1,구룡포-병포리-장기-양포,구룡포행,양포행,,34,21331,60,30,상행,임중리,422.3,2026-05-12
구룡포1,구룡포-병포리-장기-양포,구룡포행,양포행,,34,21331,60,31,상행,수성리딸기직판장,597.7,2026-05-12
구룡포1,구룡포-병포리-장기-양포,구룡포행,양포행,,34,21331,60,32,상행,수성리,793.4,2026-05-12
구룡포1,구룡포-병포리-장기-양포,구룡포행,양포행,,34,21331,60,33,상행,양포초등학교,802.2,2026-05-12
구룡포1,구룡포-병포리-장기-양포,구룡포행,양포행,,34,21331,60,34,상행,양포삼거리,361.2,2026-05-12
구룡포1,구룡포-영암-양포,구룡포행,양포행,,28,17225,60,1,상행,구룡포환승센터,0,2026-05-12
구룡포1,구룡포-영암-양포,구룡포행,양포행,,28,17225,60,2,상행,구룡포시장,459.2,2026-05-12
구룡포1,구룡포-영암-양포,구룡포행,양포행,,28,17225,60,3,상행,구룡포행정복지센터,440.1,2026-05-12
구룡포1,구룡포-영암-양포,구룡포행,양포행,,28,17225,60,4,상행,병포삼거리,564.9,2026-05-12
구룡포1,구룡포-영암-양포,구룡포행,양포행,,28,17225,60,5,상행,병포1리,484.8,2026-05-12
구룡포1,구룡포-영암-양포,구룡포행,양포행,,28,17225,60,6,상행,하정3리,568.8,2026-05-12
구룡포1,구룡포-영암-양포,구룡포행,양포행,,28,17225,60,7,상행,경북대수련원,556,2026-05-12
구룡포1,구룡포-영암-양포,구룡포행,양포행,,28,17225,60,8,상행,하정2리,675,2026-05-12
구룡포1,구룡포-영암-양포,구룡포행,양포행,,28,17225,60,9,상행,하정1리,477.5,2026-05-12
구룡포1,구룡포-영암-양포,구룡포행,양포행,,28,17225,60,10,상행,장길리,889.6,2026-05-12
구룡포1,구룡포-영암-양포,구룡포행,양포행,,28,17225,60,11,상행,장길리낚시공원,675.2,2026-05-12
구룡포1,구룡포-영암-양포,구룡포행,양포행,,28,17225,60,12,상행,구평2리,654.6,2026-05-12
구룡포1,구룡포-영암-양포,구룡포행,양포행,,28,17225,60,13,상행,구평보건진료소,396.8,2026-05-12
구룡포1,구룡포-영암-양포,구룡포행,양포행,,28,17225,60,14,상행,구평1리,225.5,2026-05-12
구룡포1,구룡포-영암-양포,구룡포행,양포행,,28,17225,60,15,상행,새바위,413,2026-05-12
구룡포1,구룡포-영암-양포,구룡포행,양포행,,28,17225,60,16,상행,구포휴게소,628.5,2026-05-12
구룡포1,구룡포-영암-양포,구룡포행,양포행,,28,17225,60,17,상행,모포분교,721,2026-05-12
구룡포1,구룡포-영암-양포,구룡포행,양포행,,28,17225,60,18,상행,모포2리,550.1,2026-05-12
구룡포1,구룡포-영암-양포,구룡포행,양포행,,28,17225,60,19,상행,대진리,690,2026-05-12
구룡포1,구룡포-영암-양포,구룡포행,양포행,,28,17225,60,20,상행,영암1리,1967.1,2026-05-12
구룡포1,구룡포-영암-양포,구룡포행,양포행,,28,17225,60,21,상행,죽하,1735.7,2026-05-12
구룡포1,구룡포-영암-양포,구룡포행,양포행,,28,17225,60,22,상행,신창1리,526,2026-05-12
구룡포1,구룡포-영암-양포,구룡포행,양포행,,28,17225,60,23,상행,신창해수욕장,342.8,2026-05-12
구룡포1,구룡포-영암-양포,구룡포행,양포행,,28,17225,60,24,상행,신창2리,392.2,2026-05-12
구룡포1,구룡포-영암-양포,구룡포행,양포행,,28,17225,60,25,상행,창암,311.3,2026-05-12
구룡포1,구룡포-영암-양포,구룡포행,양포행,,28,17225,60,26,상행,수협장기지점,866.7,2026-05-12
구룡포1,구룡포-영암-양포,구룡포행,양포행,,28,17225,60,27,상행,농협양포점,391.4,2026-05-12
구룡포1,구룡포-영암-양포,구룡포행,양포행,,28,17225,60,28,상행,양포삼거리,189.4,2026-05-12
구룡포1,구룡포-후동-눌태1리-구룡포,구룡포행,구룡포행,눌태1리행,9,8109,60,1,상행,구룡포환승센터,0,2026-05-12
구룡포1,구룡포-후동-눌태1리-구룡포,구룡포행,구룡포행,눌태1리행,9,8109,60,2,상행,구룡포시장,459.2,2026-05-12
구룡포1,구룡포-후동-눌태1리-구룡포,구룡포행,구룡포행,눌태1리행,9,8109,60,3,상행,구룡포행정복지센터,440.1,2026-05-12
구룡포1,구룡포-후동-눌태1리-구룡포,구룡포행,구룡포행,눌태1리행,9,8109,60,4,상행,후동마을입구,1149.9,2026-05-12
구룡포1,구룡포-후동-눌태1리-구룡포,구룡포행,구룡포행,눌태1리행,9,8109,60,5,상행,후동리마을회관,380,2026-05-12
구룡포1,구룡포-후동-눌태1리-구룡포,구룡포행,구룡포행,눌태1리행,9,8109,60,6,하행,눌태1리마을회관,2706.1,2026-05-12
구룡포1,구룡포-후동-눌태1리-구룡포,구룡포행,구룡포행,눌태1리행,9,8109,60,7,하행,구룡포행정복지센터,1677.5,2026-05-12
구룡포1,구룡포-후동-눌태1리-구룡포,구룡포행,구룡포행,눌태1리행,9,8109,60,8,하행,구룡포시장,433.9,2026-05-12
구룡포1,구룡포-후동-눌태1리-구룡포,구룡포행,구룡포행,눌태1리행,9,8109,60,9,하행,구룡포환승센터,382.2,2026-05-12
구룡포1,양포-병포리-구룡포,양포행,구룡포행,,31,17402,60,1,상행,양포삼거리,0,2026-05-12
구룡포1,양포-병포리-구룡포,양포행,구룡포행,,31,17402,60,2,상행,농협양포점,174.8,2026-05-12
구룡포1,양포-병포리-구룡포,양포행,구룡포행,,31,17402,60,3,상행,수협장기지점,390.5,2026-05-12
구룡포1,양포-병포리-구룡포,양포행,구룡포행,,31,17402,60,4,상행,창암,886.5,2026-05-12
구룡포1,양포-병포리-구룡포,양포행,구룡포행,,31,17402,60,5,상행,신창2리,308.4,2026-05-12
구룡포1,양포-병포리-구룡포,양포행,구룡포행,,31,17402,60,6,상행,신창해수욕장,387.5,2026-05-12
구룡포1,양포-병포리-구룡포,양포행,구룡포행,,31,17402,60,7,상행,신창1리,344.2,2026-05-12
구룡포1,양포-병포리-구룡포,양포행,구룡포행,,31,17402,60,8,상행,죽하,533.4,2026-05-12
구룡포1,양포-병포리-구룡포,양포행,구룡포행,,31,17402,60,9,상행,영암1리,680.1,2026-05-12
구룡포1,양포-병포리-구룡포,양포행,구룡포행,,31,17402,60,10,상행,영암3리,1362.9,2026-05-12
구룡포1,양포-병포리-구룡포,양포행,구룡포행,,31,17402,60,11,상행,대진해수욕장,1259,2026-05-12
구룡포1,양포-병포리-구룡포,양포행,구룡포행,,31,17402,60,12,상행,대진리,408.5,2026-05-12
구룡포1,양포-병포리-구룡포,양포행,구룡포행,,31,17402,60,13,상행,모포2리,686.2,2026-05-12
구룡포1,양포-병포리-구룡포,양포행,구룡포행,,31,17402,60,14,상행,모포분교,521.2,2026-05-12
구룡포1,양포-병포리-구룡포,양포행,구룡포행,,31,17402,60,15,상행,구포휴게소,744.6,2026-05-12
구룡포1,양포-병포리-구룡포,양포행,구룡포행,,31,17402,60,16,상행,새바위,596.4,2026-05-12
구룡포1,양포-병포리-구룡포,양포행,구룡포행,,31,17402,60,17,상행,구평1리,444.8,2026-05-12
구룡포1,양포-병포리-구룡포,양포행,구룡포행,,31,17402,60,18,상행,구평보건진료소,234,2026-05-12
구룡포1,양포-병포리-구룡포,양포행,구룡포행,,31,17402,60,19,상행,구평2리,394,2026-05-12
구룡포1,양포-병포리-구룡포,양포행,구룡포행,,31,17402,60,20,상행,장길리낚시공원,655.4,2026-05-12
구룡포1,양포-병포리-구룡포,양포행,구룡포행,,31,17402,60,21,상행,장길리,640.1,2026-05-12
구룡포1,양포-병포리-구룡포,양포행,구룡포행,,31,17402,60,22,상행,하정1리,939.3,2026-05-12
구룡포1,양포-병포리-구룡포,양포행,구룡포행,,31,17402,60,23,상행,하정2리,472.6,2026-05-12
구룡포1,양포-병포리-구룡포,양포행,구룡포행,,31,17402,60,24,상행,경북대수련원,684.3,2026-05-12
구룡포1,양포-병포리-구룡포,양포행,구룡포행,,31,17402,60,25,상행,하정3리,503.6,2026-05-12
구룡포1,양포-병포리-구룡포,양포행,구룡포행,,31,17402,60,26,상행,병포1리,607.7,2026-05-12
구룡포1,양포-병포리-구룡포,양포행,구룡포행,,31,17402,60,27,상행,병포리여성회관,545.4,2026-05-12
구룡포1,양포-병포리-구룡포,양포행,구룡포행,,31,17402,60,28,상행,구룡포예술회관,639,2026-05-12
구룡포1,양포-병포리-구룡포,양포행,구룡포행,,31,17402,60,29,상행,구룡포행정복지센터,439.3,2026-05-12
구룡포1,양포-병포리-구룡포,양포행,구룡포행,,31,17402,60,30,상행,구룡포시장,433.9,2026-05-12
구룡포1,양포-병포리-구룡포,양포행,구룡포행,,31,17402,60,31,상행,구룡포환승센터,382.2,2026-05-12
구룡포1,양포-영암-구룡포,양포행,구룡포행,,28,16719,60,1,상행,양포삼거리,0,2026-05-12
구룡포1,양포-영암-구룡포,양포행,구룡포행,,28,16719,60,2,상행,농협양포점,174.8,2026-05-12
구룡포1,양포-영암-구룡포,양포행,구룡포행,,28,16719,60,3,상행,수협장기지점,390.5,2026-05-12
구룡포1,양포-영암-구룡포,양포행,구룡포행,,28,16719,60,4,상행,창암,886.5,2026-05-12
구룡포1,양포-영암-구룡포,양포행,구룡포행,,28,16719,60,5,상행,신창2리,308.4,2026-05-12
구룡포1,양포-영암-구룡포,양포행,구룡포행,,28,16719,60,6,상행,신창해수욕장,387.5,2026-05-12
구룡포1,양포-영암-구룡포,양포행,구룡포행,,28,16719,60,7,상행,신창1리,344.2,2026-05-12
구룡포1,양포-영암-구룡포,양포행,구룡포행,,28,16719,60,8,상행,죽하,533.4,2026-05-12
구룡포1,양포-영암-구룡포,양포행,구룡포행,,28,16719,60,9,상행,영암2리,1066.6,2026-05-12
구룡포1,양포-영암-구룡포,양포행,구룡포행,,28,16719,60,10,상행,대진리,2504.7,2026-05-12
구룡포1,양포-영암-구룡포,양포행,구룡포행,,28,16719,60,11,상행,모포2리,686.2,2026-05-12
구룡포1,양포-영암-구룡포,양포행,구룡포행,,28,16719,60,12,상행,모포분교,521.2,2026-05-12
구룡포1,양포-영암-구룡포,양포행,구룡포행,,28,16719,60,13,상행,구포휴게소,744.6,2026-05-12
구룡포1,양포-영암-구룡포,양포행,구룡포행,,28,16719,60,14,상행,새바위,596.4,2026-05-12
구룡포1,양포-영암-구룡포,양포행,구룡포행,,28,16719,60,15,상행,구평1리,444.8,2026-05-12
구룡포1,양포-영암-구룡포,양포행,구룡포행,,28,16719,60,16,상행,구평보건진료소,234,2026-05-12
구룡포1,양포-영암-구룡포,양포행,구룡포행,,28,16719,60,17,상행,구평2리,394,2026-05-12
구룡포1,양포-영암-구룡포,양포행,구룡포행,,28,16719,60,18,상행,장길리낚시공원,655.4,2026-05-12
구룡포1,양포-영암-구룡포,양포행,구룡포행,,28,16719,60,19,상행,장길리,640.1,2026-05-12
구룡포1,양포-영암-구룡포,양포행,구룡포행,,28,16719,60,20,상행,하정1리,939.3,2026-05-12
구룡포1,양포-영암-구룡포,양포행,구룡포행,,28,16719,60,21,상행,하정2리,472.6,2026-05-12
구룡포1,양포-영암-구룡포,양포행,구룡포행,,28,16719,60,22,상행,경북대수련원,684.3,2026-05-12
구룡포1,양포-영암-구룡포,양포행,구룡포행,,28,16719,60,23,상행,하정3리,503.6,2026-05-12
구룡포1,양포-영암-구룡포,양포행,구룡포행,,28,16719,60,24,상행,병포1리,607.7,2026-05-12
구룡포1,양포-영암-구룡포,양포행,구룡포행,,28,16719,60,25,상행,병포삼거리,545.3,2026-05-12
구룡포1,양포-영암-구룡포,양포행,구룡포행,,28,16719,60,26,상행,구룡포행정복지센터,535.2,2026-05-12
구룡포1,양포-영암-구룡포,양포행,구룡포행,,28,16719,60,27,상행,구룡포시장,433.9,2026-05-12
구룡포1,양포-영암-구룡포,양포행,구룡포행,,28,16719,60,28,상행,구룡포환승센터,382.2,2026-05-12
구룡포1,양포-영암-구평3리-병포리,양포행,구룡포행,,32,22261,60,1,상행,양포삼거리,0,2026-05-12
구룡포1,양포-영암-구평3리-병포리,양포행,구룡포행,,32,22261,60,2,상행,농협양포점,174.8,2026-05-12
구룡포1,양포-영암-구평3리-병포리,양포행,구룡포행,,32,22261,60,3,상행,수협장기지점,390.5,2026-05-12
구룡포1,양포-영암-구평3리-병포리,양포행,구룡포행,,32,22261,60,4,상행,창암,886.5,2026-05-12
구룡포1,양포-영암-구평3리-병포리,양포행,구룡포행,,32,22261,60,5,상행,신창2리,308.4,2026-05-12
구룡포1,양포-영암-구평3리-병포리,양포행,구룡포행,,32,22261,60,6,상행,신창해수욕장,387.5,2026-05-12
구룡포1,양포-영암-구평3리-병포리,양포행,구룡포행,,32,22261,60,7,상행,신창1리,344.2,2026-05-12
구룡포1,양포-영암-구평3리-병포리,양포행,구룡포행,,32,22261,60,8,상행,죽하,533.4,2026-05-12
구룡포1,양포-영암-구평3리-병포리,양포행,구룡포행,,32,22261,60,9,상행,영암2리,1066.6,2026-05-12
구룡포1,양포-영암-구평3리-병포리,양포행,구룡포행,,32,22261,60,10,상행,대진리,2504.7,2026-05-12
구룡포1,양포-영암-구평3리-병포리,양포행,구룡포행,,32,22261,60,11,상행,모포2리,686.2,2026-05-12
구룡포1,양포-영암-구평3리-병포리,양포행,구룡포행,,32,22261,60,12,상행,모포분교,521.2,2026-05-12
구룡포1,양포-영암-구평3리-병포리,양포행,구룡포행,,32,22261,60,13,상행,구포휴게소,744.6,2026-05-12
구룡포1,양포-영암-구평3리-병포리,양포행,구룡포행,,32,22261,60,14,상행,새바위,596.4,2026-05-12
구룡포1,양포-영암-구평3리-병포리,양포행,구룡포행,,32,22261,60,15,상행,구평1리,444.8,2026-05-12
구룡포1,양포-영암-구평3리-병포리,양포행,구룡포행,,32,22261,60,16,상행,구평보건진료소,234,2026-05-12
구룡포1,양포-영암-구평3리-병포리,양포행,구룡포행,,32,22261,60,17,상행,구평리,1577.4,2026-05-12
구룡포1,양포-영암-구평3리-병포리,양포행,구룡포행,,32,22261,60,18,상행,구평3리마을회관,1181.9,2026-05-12
구룡포1,양포-영암-구평3리-병포리,양포행,구룡포행,,32,22261,60,19,상행,구평리,1171.2,2026-05-12
구룡포1,양포-영암-구평3리-병포리,양포행,구룡포행,,32,22261,60,20,상행,구평2리,1462,2026-05-12
구룡포1,양포-영암-구평3리-병포리,양포행,구룡포행,,32,22261,60,21,상행,장길리낚시공원,655.4,2026-05-12
구룡포1,양포-영암-구평3리-병포리,양포행,구룡포행,,32,22261,60,22,상행,장길리,640.1,2026-05-12
구룡포1,양포-영암-구평3리-병포리,양포행,구룡포행,,32,22261,60,23,상행,하정1리,939.3,2026-05-12
구룡포1,양포-영암-구평3리-병포리,양포행,구룡포행,,32,22261,60,24,상행,하정2리,472.6,2026-05-12
구룡포1,양포-영암-구평3리-병포리,양포행,구룡포행,,32,22261,60,25,상행,경북대수련원,684.3,2026-05-12
구룡포1,양포-영암-구평3리-병포리,양포행,구룡포행,,32,22261,60,26,상행,하정3리,503.6,2026-05-12
구룡포1,양포-영암-구평3리-병포리,양포행,구룡포행,,32,22261,60,27,상행,병포1리,607.7,2026-05-12
구룡포1,양포-영암-구평3리-병포리,양포행,구룡포행,,32,22261,60,28,상행,병포리여성회관,545.4,2026-05-12
구룡포1,양포-영암-구평3리-병포리,양포행,구룡포행,,32,22261,60,29,상행,구룡포예술회관,639,2026-05-12
구룡포1,양포-영암-구평3리-병포리,양포행,구룡포행,,32,22261,60,30,상행,구룡포행정복지센터,439.3,2026-05-12
구룡포1,양포-영암-구평3리-병포리,양포행,구룡포행,,32,22261,60,31,상행,구룡포시장,433.9,2026-05-12
구룡포1,양포-영암-구평3리-병포리,양포행,구룡포행,,32,22261,60,32,상행,구룡포환승센터,382.2,2026-05-12
구룡포2,구룡포-양포,구룡포행,양포행,,30,17263,60,1,상행,구룡포환승센터,0,2026-05-12
구룡포2,구룡포-양포,구룡포행,양포행,,30,17263,60,2,상행,구룡포시장,459.2,2026-05-12
구룡포2,구룡포-양포,구룡포행,양포행,,30,17263,60,3,상행,구룡포행정복지센터,440.1,2026-05-12
구룡포2,구룡포-양포,구룡포행,양포행,,30,17263,60,4,상행,병포삼거리,564.9,2026-05-12
구룡포2,구룡포-양포,구룡포행,양포행,,30,17263,60,5,상행,병포1리,484.8,2026-05-12
구룡포2,구룡포-양포,구룡포행,양포행,,30,17263,60,6,상행,하정3리,568.8,2026-05-12
구룡포2,구룡포-양포,구룡포행,양포행,,30,17263,60,7,상행,경북대수련원,556,2026-05-12
구룡포2,구룡포-양포,구룡포행,양포행,,30,17263,60,8,상행,하정2리,675,2026-05-12
구룡포2,구룡포-양포,구룡포행,양포행,,30,17263,60,9,상행,하정1리,477.5,2026-05-12
구룡포2,구룡포-양포,구룡포행,양포행,,30,17263,60,10,상행,장길리,889.6,2026-05-12
구룡포2,구룡포-양포,구룡포행,양포행,,30,17263,60,11,상행,장길리낚시공원,675.2,2026-05-12
구룡포2,구룡포-양포,구룡포행,양포행,,30,17263,60,12,상행,구평2리,654.6,2026-05-12
구룡포2,구룡포-양포,구룡포행,양포행,,30,17263,60,13,상행,구평보건진료소,396.8,2026-05-12
구룡포2,구룡포-양포,구룡포행,양포행,,30,17263,60,14,상행,구평1리,225.5,2026-05-12
구룡포2,구룡포-양포,구룡포행,양포행,,30,17263,60,15,상행,새바위,413,2026-05-12
구룡포2,구룡포-양포,구룡포행,양포행,,30,17263,60,16,상행,구포휴게소,628.5,2026-05-12
구룡포2,구룡포-양포,구룡포행,양포행,,30,17263,60,17,상행,모포분교,721,2026-05-12
구룡포2,구룡포-양포,구룡포행,양포행,,30,17263,60,18,상행,모포2리,550.1,2026-05-12
구룡포2,구룡포-양포,구룡포행,양포행,,30,17263,60,19,상행,대진리,690,2026-05-12
구룡포2,구룡포-양포,구룡포행,양포행,,30,17263,60,20,상행,대진해수욕장,424.5,2026-05-12
구룡포2,구룡포-양포,구룡포행,양포행,,30,17263,60,21,상행,영암3리,1246.7,2026-05-12
구룡포2,구룡포-양포,구룡포행,양포행,,30,17263,60,22,상행,영암1리,1384.8,2026-05-12
구룡포2,구룡포-양포,구룡포행,양포행,,30,17263,60,23,상행,죽하,685.3,2026-05-12
구룡포2,구룡포-양포,구룡포행,양포행,,30,17263,60,24,상행,신창1리,526,2026-05-12
구룡포2,구룡포-양포,구룡포행,양포행,,30,17263,60,25,상행,신창해수욕장,342.8,2026-05-12
구룡포2,구룡포-양포,구룡포행,양포행,,30,17263,60,26,상행,신창2리,392.2,2026-05-12
구룡포2,구룡포-양포,구룡포행,양포행,,30,17263,60,27,상행,창암,311.3,2026-05-12
구룡포2,구룡포-양포,구룡포행,양포행,,30,17263,60,28,상행,수협장기지점,866.7,2026-05-12
구룡포2,구룡포-양포,구룡포행,양포행,,30,17263,60,29,상행,농협양포점,391.4,2026-05-12
구룡포2,구룡포-양포,구룡포행,양포행,,30,17263,60,30,상행,양포삼거리,189.4,2026-05-12
구룡포2,구룡포-영암-양포,구룡포행,양포행,,28,17225,60,1,상행,구룡포환승센터,0,2026-05-12
구룡포2,구룡포-영암-양포,구룡포행,양포행,,28,17225,60,2,상행,구룡포시장,459.2,2026-05-12
구룡포2,구룡포-영암-양포,구룡포행,양포행,,28,17225,60,3,상행,구룡포행정복지센터,440.1,2026-05-12
구룡포2,구룡포-영암-양포,구룡포행,양포행,,28,17225,60,4,상행,병포삼거리,564.9,2026-05-12
구룡포2,구룡포-영암-양포,구룡포행,양포행,,28,17225,60,5,상행,병포1리,484.8,2026-05-12
구룡포2,구룡포-영암-양포,구룡포행,양포행,,28,17225,60,6,상행,하정3리,568.8,2026-05-12
구룡포2,구룡포-영암-양포,구룡포행,양포행,,28,17225,60,7,상행,경북대수련원,556,2026-05-12
구룡포2,구룡포-영암-양포,구룡포행,양포행,,28,17225,60,8,상행,하정2리,675,2026-05-12
구룡포2,구룡포-영암-양포,구룡포행,양포행,,28,17225,60,9,상행,하정1리,477.5,2026-05-12
구룡포2,구룡포-영암-양포,구룡포행,양포행,,28,17225,60,10,상행,장길리,889.6,2026-05-12
구룡포2,구룡포-영암-양포,구룡포행,양포행,,28,17225,60,11,상행,장길리낚시공원,675.2,2026-05-12
구룡포2,구룡포-영암-양포,구룡포행,양포행,,28,17225,60,12,상행,구평2리,654.6,2026-05-12
구룡포2,구룡포-영암-양포,구룡포행,양포행,,28,17225,60,13,상행,구평보건진료소,396.8,2026-05-12
구룡포2,구룡포-영암-양포,구룡포행,양포행,,28,17225,60,14,상행,구평1리,225.5,2026-05-12
구룡포2,구룡포-영암-양포,구룡포행,양포행,,28,17225,60,15,상행,새바위,413,2026-05-12
구룡포2,구룡포-영암-양포,구룡포행,양포행,,28,17225,60,16,상행,구포휴게소,628.5,2026-05-12
구룡포2,구룡포-영암-양포,구룡포행,양포행,,28,17225,60,17,상행,모포분교,721,2026-05-12
구룡포2,구룡포-영암-양포,구룡포행,양포행,,28,17225,60,18,상행,모포2리,550.1,2026-05-12
구룡포2,구룡포-영암-양포,구룡포행,양포행,,28,17225,60,19,상행,대진리,690,2026-05-12
구룡포2,구룡포-영암-양포,구룡포행,양포행,,28,17225,60,20,상행,영암1리,1967.1,2026-05-12
구룡포2,구룡포-영암-양포,구룡포행,양포행,,28,17225,60,21,상행,죽하,1735.7,2026-05-12
구룡포2,구룡포-영암-양포,구룡포행,양포행,,28,17225,60,22,상행,신창1리,526,2026-05-12
구룡포2,구룡포-영암-양포,구룡포행,양포행,,28,17225,60,23,상행,신창해수욕장,342.8,2026-05-12
구룡포2,구룡포-영암-양포,구룡포행,양포행,,28,17225,60,24,상행,신창2리,392.2,2026-05-12
구룡포2,구룡포-영암-양포,구룡포행,양포행,,28,17225,60,25,상행,창암,311.3,2026-05-12
구룡포2,구룡포-영암-양포,구룡포행,양포행,,28,17225,60,26,상행,수협장기지점,866.7,2026-05-12
구룡포2,구룡포-영암-양포,구룡포행,양포행,,28,17225,60,27,상행,농협양포점,391.4,2026-05-12
구룡포2,구룡포-영암-양포,구룡포행,양포행,,28,17225,60,28,상행,양포삼거리,189.4,2026-05-12
구룡포2,구룡포-장기-양포,구룡포행,양포행,,32,20812,60,1,상행,구룡포환승센터,0,2026-05-12
구룡포2,구룡포-장기-양포,구룡포행,양포행,,32,20812,60,2,상행,구룡포시장,459.2,2026-05-12
구룡포2,구룡포-장기-양포,구룡포행,양포행,,32,20812,60,3,상행,구룡포행정복지센터,440.1,2026-05-12
구룡포2,구룡포-장기-양포,구룡포행,양포행,,32,20812,60,4,상행,병포삼거리,564.9,2026-05-12
구룡포2,구룡포-장기-양포,구룡포행,양포행,,32,20812,60,5,상행,병포1리,484.8,2026-05-12
구룡포2,구룡포-장기-양포,구룡포행,양포행,,32,20812,60,6,상행,하정3리,568.8,2026-05-12
구룡포2,구룡포-장기-양포,구룡포행,양포행,,32,20812,60,7,상행,경북대수련원,556,2026-05-12
구룡포2,구룡포-장기-양포,구룡포행,양포행,,32,20812,60,8,상행,하정2리,675,2026-05-12
구룡포2,구룡포-장기-양포,구룡포행,양포행,,32,20812,60,9,상행,하정1리,477.5,2026-05-12
구룡포2,구룡포-장기-양포,구룡포행,양포행,,32,20812,60,10,상행,장길리,889.6,2026-05-12
구룡포2,구룡포-장기-양포,구룡포행,양포행,,32,20812,60,11,상행,장길리낚시공원,675.2,2026-05-12
구룡포2,구룡포-장기-양포,구룡포행,양포행,,32,20812,60,12,상행,구평2리,654.6,2026-05-12
구룡포2,구룡포-장기-양포,구룡포행,양포행,,32,20812,60,13,상행,구평보건진료소,396.8,2026-05-12
구룡포2,구룡포-장기-양포,구룡포행,양포행,,32,20812,60,14,상행,구평1리,225.5,2026-05-12
구룡포2,구룡포-장기-양포,구룡포행,양포행,,32,20812,60,15,상행,새바위,413,2026-05-12
구룡포2,구룡포-장기-양포,구룡포행,양포행,,32,20812,60,16,상행,구포휴게소,628.5,2026-05-12
구룡포2,구룡포-장기-양포,구룡포행,양포행,,32,20812,60,17,상행,모포분교,721,2026-05-12
구룡포2,구룡포-장기-양포,구룡포행,양포행,,32,20812,60,18,상행,모포2리,550.1,2026-05-12
구룡포2,구룡포-장기-양포,구룡포행,양포행,,32,20812,60,19,상행,대진리,690,2026-05-12
구룡포2,구룡포-장기-양포,구룡포행,양포행,,32,20812,60,20,상행,대진해수욕장,424.5,2026-05-12
구룡포2,구룡포-장기-양포,구룡포행,양포행,,32,20812,60,21,상행,영암3리,1246.7,2026-05-12
구룡포2,구룡포-장기-양포,구룡포행,양포행,,32,20812,60,22,상행,영암1리,1384.8,2026-05-12
구룡포2,구룡포-장기-양포,구룡포행,양포행,,32,20812,60,23,상행,죽하,685.3,2026-05-12
구룡포2,구룡포-장기-양포,구룡포행,양포행,,32,20812,60,24,상행,금곡교,248.8,2026-05-12
구룡포2,구룡포-장기-양포,구룡포행,양포행,,32,20812,60,25,상행,금곡리,927.1,2026-05-12
구룡포2,구룡포-장기-양포,구룡포행,양포행,,32,20812,60,26,상행,장기교,2206.6,2026-05-12
구룡포2,구룡포-장기-양포,구룡포행,양포행,,32,20812,60,27,상행,장기중학교,210.7,2026-05-12
구룡포2,구룡포-장기-양포,구룡포행,양포행,,32,20812,60,28,상행,임중리,422.3,2026-05-12
구룡포2,구룡포-장기-양포,구룡포행,양포행,,32,20812,60,29,상행,수성리딸기직판장,597.7,2026-05-12
구룡포2,구룡포-장기-양포,구룡포행,양포행,,32,20812,60,30,상행,수성리,793.4,2026-05-12
구룡포2,구룡포-장기-양포,구룡포행,양포행,,32,20812,60,31,상행,양포초등학교,802.2,2026-05-12
구룡포2,구룡포-장기-양포,구룡포행,양포행,,32,20812,60,32,상행,양포삼거리,361.2,2026-05-12
구룡포2,양포-모포-구룡포,양포행,구룡포행,,29,18292,60,1,상행,양포삼거리,0,2026-05-12
구룡포2,양포-모포-구룡포,양포행,구룡포행,,29,18292,60,2,상행,농협양포점,174.8,2026-05-12
구룡포2,양포-모포-구룡포,양포행,구룡포행,,29,18292,60,3,상행,수협장기지점,390.5,2026-05-12
구룡포2,양포-모포-구룡포,양포행,구룡포행,,29,18292,60,4,상행,창암,886.5,2026-05-12
구룡포2,양포-모포-구룡포,양포행,구룡포행,,29,18292,60,5,상행,신창2리,308.4,2026-05-12
구룡포2,양포-모포-구룡포,양포행,구룡포행,,29,18292,60,6,상행,신창해수욕장,387.5,2026-05-12
구룡포2,양포-모포-구룡포,양포행,구룡포행,,29,18292,60,7,상행,신창1리,344.2,2026-05-12
구룡포2,양포-모포-구룡포,양포행,구룡포행,,29,18292,60,8,상행,죽하,533.4,2026-05-12
구룡포2,양포-모포-구룡포,양포행,구룡포행,,29,18292,60,9,상행,영암1리,680.1,2026-05-12
구룡포2,양포-모포-구룡포,양포행,구룡포행,,29,18292,60,10,상행,영암3리,1362.9,2026-05-12
구룡포2,양포-모포-구룡포,양포행,구룡포행,,29,18292,60,11,상행,대진해수욕장,1259,2026-05-12
구룡포2,양포-모포-구룡포,양포행,구룡포행,,29,18292,60,12,상행,대진리,408.5,2026-05-12
구룡포2,양포-모포-구룡포,양포행,구룡포행,,29,18292,60,13,상행,모포1리,1901.5,2026-05-12
구룡포2,양포-모포-구룡포,양포행,구룡포행,,29,18292,60,14,상행,구포휴게소,1484,2026-05-12
구룡포2,양포-모포-구룡포,양포행,구룡포행,,29,18292,60,15,상행,새바위,596.4,2026-05-12
구룡포2,양포-모포-구룡포,양포행,구룡포행,,29,18292,60,16,상행,구평1리,444.8,2026-05-12
구룡포2,양포-모포-구룡포,양포행,구룡포행,,29,18292,60,17,상행,구평보건진료소,234,2026-05-12
구룡포2,양포-모포-구룡포,양포행,구룡포행,,29,18292,60,18,상행,구평2리,394,2026-05-12
구룡포2,양포-모포-구룡포,양포행,구룡포행,,29,18292,60,19,상행,장길리낚시공원,655.4,2026-05-12
구룡포2,양포-모포-구룡포,양포행,구룡포행,,29,18292,60,20,상행,장길리,640.1,2026-05-12
구룡포2,양포-모포-구룡포,양포행,구룡포행,,29,18292,60,21,상행,하정1리,939.3,2026-05-12
구룡포2,양포-모포-구룡포,양포행,구룡포행,,29,18292,60,22,상행,하정2리,472.6,2026-05-12
구룡포2,양포-모포-구룡포,양포행,구룡포행,,29,18292,60,23,상행,경북대수련원,684.3,2026-05-12
구룡포2,양포-모포-구룡포,양포행,구룡포행,,29,18292,60,24,상행,하정3리,503.6,2026-05-12
구룡포2,양포-모포-구룡포,양포행,구룡포행,,29,18292,60,25,상행,병포1리,607.7,2026-05-12
구룡포2,양포-모포-구룡포,양포행,구룡포행,,29,18292,60,26,상행,병포삼거리,545.3,2026-05-12
구룡포2,양포-모포-구룡포,양포행,구룡포행,,29,18292,60,27,상행,구룡포행정복지센터,535.2,2026-05-12
구룡포2,양포-모포-구룡포,양포행,구룡포행,,29,18292,60,28,상행,구룡포시장,433.9,2026-05-12
구룡포2,양포-모포-구룡포,양포행,구룡포행,,29,18292,60,29,상행,구룡포환승센터,382.2,2026-05-12
구룡포2,양포-영암-모포-구룡포,양포행,구룡포행,,27,18153,60,1,상행,양포삼거리,0,2026-05-12
구룡포2,양포-영암-모포-구룡포,양포행,구룡포행,,27,18153,60,2,상행,농협양포점,174.8,2026-05-12
구룡포2,양포-영암-모포-구룡포,양포행,구룡포행,,27,18153,60,3,상행,수협장기지점,390.5,2026-05-12
구룡포2,양포-영암-모포-구룡포,양포행,구룡포행,,27,18153,60,4,상행,창암,886.5,2026-05-12
구룡포2,양포-영암-모포-구룡포,양포행,구룡포행,,27,18153,60,5,상행,신창2리,308.4,2026-05-12
구룡포2,양포-영암-모포-구룡포,양포행,구룡포행,,27,18153,60,6,상행,신창해수욕장,387.5,2026-05-12
구룡포2,양포-영암-모포-구룡포,양포행,구룡포행,,27,18153,60,7,상행,신창1리,344.2,2026-05-12
구룡포2,양포-영암-모포-구룡포,양포행,구룡포행,,27,18153,60,8,상행,죽하,533.4,2026-05-12
구룡포2,양포-영암-모포-구룡포,양포행,구룡포행,,27,18153,60,9,상행,영암2리,1066.6,2026-05-12
구룡포2,양포-영암-모포-구룡포,양포행,구룡포행,,27,18153,60,10,상행,대진리,2504.7,2026-05-12
구룡포2,양포-영암-모포-구룡포,양포행,구룡포행,,27,18153,60,11,상행,모포1리,1901.5,2026-05-12
구룡포2,양포-영암-모포-구룡포,양포행,구룡포행,,27,18153,60,12,상행,구포휴게소,1484,2026-05-12
구룡포2,양포-영암-모포-구룡포,양포행,구룡포행,,27,18153,60,13,상행,새바위,596.4,2026-05-12
구룡포2,양포-영암-모포-구룡포,양포행,구룡포행,,27,18153,60,14,상행,구평1리,444.8,2026-05-12
구룡포2,양포-영암-모포-구룡포,양포행,구룡포행,,27,18153,60,15,상행,구평보건진료소,234,2026-05-12
구룡포2,양포-영암-모포-구룡포,양포행,구룡포행,,27,18153,60,16,상행,구평2리,394,2026-05-12
구룡포2,양포-영암-모포-구룡포,양포행,구룡포행,,27,18153,60,17,상행,장길리낚시공원,655.4,2026-05-12
구룡포2,양포-영암-모포-구룡포,양포행,구룡포행,,27,18153,60,18,상행,장길리,640.1,2026-05-12
구룡포2,양포-영암-모포-구룡포,양포행,구룡포행,,27,18153,60,19,상행,하정1리,939.3,2026-05-12
구룡포2,양포-영암-모포-구룡포,양포행,구룡포행,,27,18153,60,20,상행,하정2리,472.6,2026-05-12
구룡포2,양포-영암-모포-구룡포,양포행,구룡포행,,27,18153,60,21,상행,경북대수련원,684.3,2026-05-12
구룡포2,양포-영암-모포-구룡포,양포행,구룡포행,,27,18153,60,22,상행,하정3리,503.6,2026-05-12
구룡포2,양포-영암-모포-구룡포,양포행,구룡포행,,27,18153,60,23,상행,병포1리,607.7,2026-05-12
구룡포2,양포-영암-모포-구룡포,양포행,구룡포행,,27,18153,60,24,상행,병포삼거리,545.3,2026-05-12
구룡포2,양포-영암-모포-구룡포,양포행,구룡포행,,27,18153,60,25,상행,구룡포행정복지센터,535.2,2026-05-12
구룡포2,양포-영암-모포-구룡포,양포행,구룡포행,,27,18153,60,26,상행,구룡포시장,433.9,2026-05-12
구룡포2,양포-영암-모포-구룡포,양포행,구룡포행,,27,18153,60,27,상행,구룡포환승센터,382.2,2026-05-12
구룡포2,후동-눌태-구룡포-강사-구룡포,구룡포행,구룡포행,구룡포행,35,26586,60,1,상행,구룡포환승센터,0,2026-05-12
구룡포2,후동-눌태-구룡포-강사-구룡포,구룡포행,구룡포행,구룡포행,35,26586,60,2,상행,구룡포시장,459.2,2026-05-12
구룡포2,후동-눌태-구룡포-강사-구룡포,구룡포행,구룡포행,구룡포행,35,26586,60,3,상행,구룡포행정복지센터,440.1,2026-05-12
구룡포2,후동-눌태-구룡포-강사-구룡포,구룡포행,구룡포행,구룡포행,35,26586,60,4,상행,후동마을입구,1149.9,2026-05-12
구룡포2,후동-눌태-구룡포-강사-구룡포,구룡포행,구룡포행,구룡포행,35,26586,60,5,상행,후동리마을회관,380,2026-05-12
구룡포2,후동-눌태-구룡포-강사-구룡포,구룡포행,구룡포행,구룡포행,35,26586,60,6,상행,눌태1리마을회관,2257.8,2026-05-12
구룡포2,후동-눌태-구룡포-강사-구룡포,구룡포행,구룡포행,구룡포행,35,26586,60,7,상행,구룡포행정복지센터,1677.5,2026-05-12
구룡포2,후동-눌태-구룡포-강사-구룡포,구룡포행,구룡포행,구룡포행,35,26586,60,8,상행,구룡포시장,433.9,2026-05-12
구룡포2,후동-눌태-구룡포-강사-구룡포,구룡포행,구룡포행,구룡포행,35,26586,60,9,하행,구룡포환승센터,382.2,2026-05-12
구룡포2,후동-눌태-구룡포-강사-구룡포,구룡포행,구룡포행,구룡포행,35,26586,60,10,하행,구룡포수협,254.6,2026-05-12
구룡포2,후동-눌태-구룡포-강사-구룡포,구룡포행,구룡포행,구룡포행,35,26586,60,11,하행,구룡포중학교,610,2026-05-12
구룡포2,후동-눌태-구룡포-강사-구룡포,구룡포행,구룡포행,구룡포행,35,26586,60,12,하행,구룡포6리,546,2026-05-12
구룡포2,후동-눌태-구룡포-강사-구룡포,구룡포행,구룡포행,구룡포행,35,26586,60,13,하행,구룡포해수욕장,590,2026-05-12
구룡포2,후동-눌태-구룡포-강사-구룡포,구룡포행,구룡포행,구룡포행,35,26586,60,14,하행,삼정1리,958.4,2026-05-12
구룡포2,후동-눌태-구룡포-강사-구룡포,구룡포행,구룡포행,구룡포행,35,26586,60,15,하행,삼정2리,543.2,2026-05-12
구룡포2,후동-눌태-구룡포-강사-구룡포,구룡포행,구룡포행,구룡포행,35,26586,60,16,하행,삼정3리,302.8,2026-05-12
구룡포2,후동-눌태-구룡포-강사-구룡포,구룡포행,구룡포행,구룡포행,35,26586,60,17,하행,석병1리,468,2026-05-12
구룡포2,후동-눌태-구룡포-강사-구룡포,구룡포행,구룡포행,구룡포행,35,26586,60,18,하행,석병교회,1244.3,2026-05-12
구룡포2,후동-눌태-구룡포-강사-구룡포,구룡포행,구룡포행,구룡포행,35,26586,60,19,하행,석병2리,677.4,2026-05-12
구룡포2,후동-눌태-구룡포-강사-구룡포,구룡포행,구룡포행,구룡포행,35,26586,60,20,하행,청소년수련원,322.4,2026-05-12
구룡포2,후동-눌태-구룡포-강사-구룡포,구룡포행,구룡포행,구룡포행,35,26586,60,21,하행,해봉사,3061.3,2026-05-12
구룡포2,후동-눌태-구룡포-강사-구룡포,구룡포행,구룡포행,구룡포행,35,26586,60,22,하행,강사3리마을회관,361.1,2026-05-12
구룡포2,후동-눌태-구룡포-강사-구룡포,구룡포행,구룡포행,구룡포행,35,26586,60,23,하행,청소년수련원,2671.5,2026-05-12
구룡포2,후동-눌태-구룡포-강사-구룡포,구룡포행,구룡포행,구룡포행,35,26586,60,24,하행,석병2리,340.2,2026-05-12
구룡포2,후동-눌태-구룡포-강사-구룡포,구룡포행,구룡포행,구룡포행,35,26586,60,25,하행,석병교회,670.7,2026-05-12
구룡포2,후동-눌태-구룡포-강사-구룡포,구룡포행,구룡포행,구룡포행,35,26586,60,26,하행,석병1리,1142.8,2026-05-12
구룡포2,후동-눌태-구룡포-강사-구룡포,구룡포행,구룡포행,구룡포행,35,26586,60,27,하행,삼정3리,558.3,2026-05-12
구룡포2,후동-눌태-구룡포-강사-구룡포,구룡포행,구룡포행,구룡포행,35,26586,60,28,하행,삼정2리,302.1,2026-05-12
구룡포2,후동-눌태-구룡포-강사-구룡포,구룡포행,구룡포행,구룡포행,35,26586,60,29,하행,삼정1리,512.6,2026-05-12
구룡포2,후동-눌태-구룡포-강사-구룡포,구룡포행,구룡포행,구룡포행,35,26586,60,30,하행,구룡포해수욕장,915.4,2026-05-12
구룡포2,후동-눌태-구룡포-강사-구룡포,구룡포행,구룡포행,구룡포행,35,26586,60,31,하행,구룡포6리,647.8,2026-05-12
구룡포2,후동-눌태-구룡포-강사-구룡포,구룡포행,구룡포행,구룡포행,35,26586,60,32,하행,구룡포중학교,503.5,2026-05-12
구룡포2,후동-눌태-구룡포-강사-구룡포,구룡포행,구룡포행,구룡포행,35,26586,60,33,하행,구룡포일본인가옥거리,275.1,2026-05-12
구룡포2,후동-눌태-구룡포-강사-구룡포,구룡포행,구룡포행,구룡포행,35,26586,60,34,하행,구룡포수협,332.9,2026-05-12
구룡포2,후동-눌태-구룡포-강사-구룡포,구룡포행,구룡포행,구룡포행,35,26586,60,35,하행,구룡포환승센터,164.4,2026-05-12
기계1,기계-내단2-내단3-기계,기계행,기계행,내단3리행,10,10717,60,1,상행,기계환승센터,0,2026-05-12
기계1,기계-내단2-내단3-기계,기계행,기계행,내단3리행,10,10717,60,2,상행,내단2리마을회관,1444,2026-05-12
기계1,기계-내단2-내단3-기계,기계행,기계행,내단3리행,10,10717,60,3,상행,내단2리,844.5,2026-05-12
기계1,기계-내단2-내단3-기계,기계행,기계행,내단3리행,10,10717,60,4,상행,내단1리,1262.1,2026-05-12
기계1,기계-내단2-내단3-기계,기계행,기계행,내단3리행,10,10717,60,5,상행,내단3리,872.2,2026-05-12
기계1,기계-내단2-내단3-기계,기계행,기계행,내단3리행,10,10717,60,6,하행,내단3리마을회관,1680.6,2026-05-12
기계1,기계-내단2-내단3-기계,기계행,기계행,내단3리행,10,10717,60,7,하행,내단3리,1657.3,2026-05-12
기계1,기계-내단2-내단3-기계,기계행,기계행,내단3리행,10,10717,60,8,하행,내단1리,870.1,2026-05-12
기계1,기계-내단2-내단3-기계,기계행,기계행,내단3리행,10,10717,60,9,하행,내단2리,1254.4,2026-05-12
기계1,기계-내단2-내단3-기계,기계행,기계행,내단3리행,10,10717,60,10,하행,기계환승센터,697.9,2026-05-12
기계1,기계-안강-기계,기계행,기계행,안강행,39,24784,60,1,상행,기계환승센터,0,2026-05-12
기계1,기계-안강-기계,기계행,기계행,안강행,39,24784,60,2,상행,내단2리,750,2026-05-12
기계1,기계-안강-기계,기계행,기계행,안강행,39,24784,60,3,상행,내단3리,2134.8,2026-05-12
기계1,기계-안강-기계,기계행,기계행,안강행,39,24784,60,4,상행,달성사거리,542.6,2026-05-12
기계1,기계-안강-기계,기계행,기계행,안강행,39,24784,60,5,상행,달성다리,830.6,2026-05-12
기계1,기계-안강-기계,기계행,기계행,안강행,39,24784,60,6,상행,노당화룡사,1024.6,2026-05-12
기계1,기계-안강-기계,기계행,기계행,안강행,39,24784,60,7,상행,노당1리,698.4,2026-05-12
기계1,기계-안강-기계,기계행,기계행,안강행,39,24784,60,8,상행,노당SK주유소,496,2026-05-12
기계1,기계-안강-기계,기계행,기계행,안강행,39,24784,60,9,상행,노당2리,545.8,2026-05-12
기계1,기계-안강-기계,기계행,기계행,안강행,39,24784,60,10,상행,안강북부초등학교,733.4,2026-05-12
기계1,기계-안강-기계,기계행,기계행,안강행,39,24784,60,11,상행,육통리,354.5,2026-05-12
기계1,기계-안강-기계,기계행,기계행,안강행,39,24784,60,12,상행,흥덕왕릉,942.1,2026-05-12
기계1,기계-안강-기계,기계행,기계행,안강행,39,24784,60,13,상행,새창마을,779.5,2026-05-12
기계1,기계-안강-기계,기계행,기계행,안강행,39,24784,60,14,상행,양월2리,360.2,2026-05-12
기계1,기계-안강-기계,기계행,기계행,안강행,39,24784,60,15,상행,안강동부터미널,757,2026-05-12
기계1,기계-안강-기계,기계행,기계행,안강행,39,24784,60,16,상행,백년예식장,410,2026-05-12
기계1,기계-안강-기계,기계행,기계행,안강행,39,24784,60,17,상행,안강파출소,193.2,2026-05-12
기계1,기계-안강-기계,기계행,기계행,안강행,39,24784,60,18,상행,안강제일초등학교,347.4,2026-05-12
기계1,기계-안강-기계,기계행,기계행,안강행,39,24784,60,19,상행,안강LH아파트(상),446.9,2026-05-12
기계1,기계-안강-기계,기계행,기계행,안강행,39,24784,60,20,하행,안강LH아파트(하),47.8,2026-05-12
기계1,기계-안강-기계,기계행,기계행,안강행,39,24784,60,21,하행,안강제일초등학교,426.7,2026-05-12
기계1,기계-안강-기계,기계행,기계행,안강행,39,24784,60,22,하행,안강시장,216.9,2026-05-12
기계1,기계-안강-기계,기계행,기계행,안강행,39,24784,60,23,하행,안강우체국,144.2,2026-05-12
기계1,기계-안강-기계,기계행,기계행,안강행,39,24784,60,24,하행,안강동부터미널,581.6,2026-05-12
기계1,기계-안강-기계,기계행,기계행,안강행,39,24784,60,25,하행,양월2리,770.2,2026-05-12
기계1,기계-안강-기계,기계행,기계행,안강행,39,24784,60,26,하행,새창마을,355.6,2026-05-12
기계1,기계-안강-기계,기계행,기계행,안강행,39,24784,60,27,하행,흥덕왕릉,799.8,2026-05-12
기계1,기계-안강-기계,기계행,기계행,안강행,39,24784,60,28,하행,육통리,913.5,2026-05-12
기계1,기계-안강-기계,기계행,기계행,안강행,39,24784,60,29,하행,안강북부초등학교,340.1,2026-05-12
기계1,기계-안강-기계,기계행,기계행,안강행,39,24784,60,30,하행,노당2리,738,2026-05-12
기계1,기계-안강-기계,기계행,기계행,안강행,39,24784,60,31,하행,노당SK주유소,540.9,2026-05-12
기계1,기계-안강-기계,기계행,기계행,안강행,39,24784,60,32,하행,노당1리,500,2026-05-12
기계1,기계-안강-기계,기계행,기계행,안강행,39,24784,60,33,하행,노당화룡사,688.8,2026-05-12
기계1,기계-안강-기계,기계행,기계행,안강행,39,24784,60,34,하행,달성다리,1064.3,2026-05-12
기계1,기계-안강-기계,기계행,기계행,안강행,39,24784,60,35,하행,달성사거리,808.2,2026-05-12
기계1,기계-안강-기계,기계행,기계행,안강행,39,24784,60,36,하행,내단3리,544.2,2026-05-12
기계1,기계-안강-기계,기계행,기계행,안강행,39,24784,60,37,하행,내단1리,870.1,2026-05-12
기계1,기계-안강-기계,기계행,기계행,안강행,39,24784,60,38,하행,내단2리,1254.4,2026-05-12
기계1,기계-안강-기계,기계행,기계행,안강행,39,24784,60,39,하행,기계환승센터,697.9,2026-05-12
기계1,기계-죽장-기계,기계행,기계행,죽장행,48,40476,60,1,상행,기계환승센터,0,2026-05-12
기계1,기계-죽장-기계,기계행,기계행,죽장행,48,40476,60,2,상행,서포항농협,467.1,2026-05-12
기계1,기계-죽장-기계,기계행,기계행,죽장행,48,40476,60,3,상행,기계초등학교,332,2026-05-12
기계1,기계-죽장-기계,기계행,기계행,죽장행,48,40476,60,4,상행,경북세무고등학교,777.6,2026-05-12
기계1,기계-죽장-기계,기계행,기계행,죽장행,48,40476,60,5,상행,현내2리,278.9,2026-05-12
기계1,기계-죽장-기계,기계행,기계행,죽장행,48,40476,60,6,상행,지가2리청년회관,1104.4,2026-05-12
기계1,기계-죽장-기계,기계행,기계행,죽장행,48,40476,60,7,상행,지가2리,743.9,2026-05-12
기계1,기계-죽장-기계,기계행,기계행,죽장행,48,40476,60,8,상행,지가1리,483.1,2026-05-12
기계1,기계-죽장-기계,기계행,기계행,죽장행,48,40476,60,9,상행,지가1리마을회관,449.5,2026-05-12
기계1,기계-죽장-기계,기계행,기계행,죽장행,48,40476,60,10,상행,인비교,864.9,2026-05-12
기계1,기계-죽장-기계,기계행,기계행,죽장행,48,40476,60,11,상행,새각단,1633.2,2026-05-12
기계1,기계-죽장-기계,기계행,기계행,죽장행,48,40476,60,12,상행,구지리,508.6,2026-05-12
기계1,기계-죽장-기계,기계행,기계행,죽장행,48,40476,60,13,상행,가안1리,729.5,2026-05-12
기계1,기계-죽장-기계,기계행,기계행,죽장행,48,40476,60,14,상행,안심,734,2026-05-12
기계1,기계-죽장-기계,기계행,기계행,죽장행,48,40476,60,15,상행,한티마을,1005.3,2026-05-12
기계1,기계-죽장-기계,기계행,기계행,죽장행,48,40476,60,16,상행,가안2리,716.8,2026-05-12
기계1,기계-죽장-기계,기계행,기계행,죽장행,48,40476,60,17,상행,감곡입구,1527.6,2026-05-12
기계1,기계-죽장-기계,기계행,기계행,죽장행,48,40476,60,18,상행,정자리,537,2026-05-12
기계1,기계-죽장-기계,기계행,기계행,죽장행,48,40476,60,19,상행,정자 마을회관,621.8,2026-05-12
기계1,기계-죽장-기계,기계행,기계행,죽장행,48,40476,60,20,상행,지동삼거리,1830.6,2026-05-12
기계1,기계-죽장-기계,기계행,기계행,죽장행,48,40476,60,21,상행,일광 입구,1098.7,2026-05-12
기계1,기계-죽장-기계,기계행,기계행,죽장행,48,40476,60,22,상행,일광리,1043.1,2026-05-12
기계1,기계-죽장-기계,기계행,기계행,죽장행,48,40476,60,23,상행,죽장초등학교,2180.5,2026-05-12
기계1,기계-죽장-기계,기계행,기계행,죽장행,48,40476,60,24,상행,죽장정류장,413.6,2026-05-12
기계1,기계-죽장-기계,기계행,기계행,죽장행,48,40476,60,25,하행,죽장정류장,55.1,2026-05-12
기계1,기계-죽장-기계,기계행,기계행,죽장행,48,40476,60,26,하행,죽장초등학교,401.1,2026-05-12
기계1,기계-죽장-기계,기계행,기계행,죽장행,48,40476,60,27,하행,일광리,2243.5,2026-05-12
기계1,기계-죽장-기계,기계행,기계행,죽장행,48,40476,60,28,하행,일광 입구,1021.9,2026-05-12
기계1,기계-죽장-기계,기계행,기계행,죽장행,48,40476,60,29,하행,지동삼거리,1057.8,2026-05-12
기계1,기계-죽장-기계,기계행,기계행,죽장행,48,40476,60,30,하행,정자 마을회관,1900.8,2026-05-12
기계1,기계-죽장-기계,기계행,기계행,죽장행,48,40476,60,31,하행,정자리,602.3,2026-05-12
기계1,기계-죽장-기계,기계행,기계행,죽장행,48,40476,60,32,하행,감곡입구,542.8,2026-05-12
기계1,기계-죽장-기계,기계행,기계행,죽장행,48,40476,60,33,하행,가안2리,1533.1,2026-05-12
기계1,기계-죽장-기계,기계행,기계행,죽장행,48,40476,60,34,하행,한티마을,726.8,2026-05-12
기계1,기계-죽장-기계,기계행,기계행,죽장행,48,40476,60,35,하행,안심,993.1,2026-05-12
기계1,기계-죽장-기계,기계행,기계행,죽장행,48,40476,60,36,하행,가안1리,739.9,2026-05-12
기계1,기계-죽장-기계,기계행,기계행,죽장행,48,40476,60,37,하행,구지리,732.3,2026-05-12
기계1,기계-죽장-기계,기계행,기계행,죽장행,48,40476,60,38,하행,새각단,503.2,2026-05-12
기계1,기계-죽장-기계,기계행,기계행,죽장행,48,40476,60,39,하행,인비교,1652.1,2026-05-12
기계1,기계-죽장-기계,기계행,기계행,죽장행,48,40476,60,40,하행,지가1리마을회관,862,2026-05-12
기계1,기계-죽장-기계,기계행,기계행,죽장행,48,40476,60,41,하행,지가1리,442,2026-05-12
기계1,기계-죽장-기계,기계행,기계행,죽장행,48,40476,60,42,하행,지가2리,436.3,2026-05-12
기계1,기계-죽장-기계,기계행,기계행,죽장행,48,40476,60,43,하행,지가2리청년회관,766.4,2026-05-12
기계1,기계-죽장-기계,기계행,기계행,죽장행,48,40476,60,44,하행,현내2리,1157,2026-05-12
기계1,기계-죽장-기계,기계행,기계행,죽장행,48,40476,60,45,하행,경북세무고등학교,268.9,2026-05-12
기계1,기계-죽장-기계,기계행,기계행,죽장행,48,40476,60,46,하행,기계초등학교,766.8,2026-05-12
기계1,기계-죽장-기계,기계행,기계행,죽장행,48,40476,60,47,하행,서포항농협,287.6,2026-05-12
기계1,기계-죽장-기계,기계행,기계행,죽장행,48,40476,60,48,하행,기계환승센터,552.1,2026-05-12
기계2,기계-계전-미현-화봉-기계,기계행,기계행,미현리행,27,26102,60,1,상행,기계환승센터,0,2026-05-12
기계2,기계-계전-미현-화봉-기계,기계행,기계행,미현리행,27,26102,60,2,상행,화대리,1318.4,2026-05-12
기계2,기계-계전-미현-화봉-기계,기계행,기계행,미현리행,27,26102,60,3,상행,화봉리경로당마을회관,1353,2026-05-12
기계2,기계-계전-미현-화봉-기계,기계행,기계행,미현리행,27,26102,60,4,상행,화봉리,314.7,2026-05-12
기계2,기계-계전-미현-화봉-기계,기계행,기계행,미현리행,27,26102,60,5,상행,화봉저수지,294.1,2026-05-12
기계2,기계-계전-미현-화봉-기계,기계행,기계행,미현리행,27,26102,60,6,상행,계전삼거리,871.5,2026-05-12
기계2,기계-계전-미현-화봉-기계,기계행,기계행,미현리행,27,26102,60,7,상행,계전리아루골,785.9,2026-05-12
기계2,기계-계전-미현-화봉-기계,기계행,기계행,미현리행,27,26102,60,8,상행,계전리,319.7,2026-05-12
기계2,기계-계전-미현-화봉-기계,기계행,기계행,미현리행,27,26102,60,9,상행,계전리새터,935.6,2026-05-12
기계2,기계-계전-미현-화봉-기계,기계행,기계행,미현리행,27,26102,60,10,상행,계전리새터마을,498.8,2026-05-12
기계2,기계-계전-미현-화봉-기계,기계행,기계행,미현리행,27,26102,60,11,상행,계전리덕거리,264.8,2026-05-12
기계2,기계-계전-미현-화봉-기계,기계행,기계행,미현리행,27,26102,60,12,상행,계전종점,615.9,2026-05-12
기계2,기계-계전-미현-화봉-기계,기계행,기계행,미현리행,27,26102,60,13,상행,계전리덕거리,579.6,2026-05-12
기계2,기계-계전-미현-화봉-기계,기계행,기계행,미현리행,27,26102,60,14,상행,계전리새터마을,267.6,2026-05-12
기계2,기계-계전-미현-화봉-기계,기계행,기계행,미현리행,27,26102,60,15,상행,안재내미마을,2412.8,2026-05-12
기계2,기계-계전-미현-화봉-기계,기계행,기계행,미현리행,27,26102,60,16,상행,계전리새터,1899,2026-05-12
기계2,기계-계전-미현-화봉-기계,기계행,기계행,미현리행,27,26102,60,17,상행,계전리,938.1,2026-05-12
기계2,기계-계전-미현-화봉-기계,기계행,기계행,미현리행,27,26102,60,18,상행,계전리아루골,313.6,2026-05-12
기계2,기계-계전-미현-화봉-기계,기계행,기계행,미현리행,27,26102,60,19,상행,미현리,2007.9,2026-05-12
기계2,기계-계전-미현-화봉-기계,기계행,기계행,미현리행,27,26102,60,20,상행,미현종점,2134.6,2026-05-12
기계2,기계-계전-미현-화봉-기계,기계행,기계행,미현리행,27,26102,60,21,하행,안정사입구,465.6,2026-05-12
기계2,기계-계전-미현-화봉-기계,기계행,기계행,미현리행,27,26102,60,22,하행,미현리,2522.6,2026-05-12
기계2,기계-계전-미현-화봉-기계,기계행,기계행,미현리행,27,26102,60,23,하행,계전삼거리,1236.4,2026-05-12
기계2,기계-계전-미현-화봉-기계,기계행,기계행,미현리행,27,26102,60,24,하행,화봉저수지,889.6,2026-05-12
기계2,기계-계전-미현-화봉-기계,기계행,기계행,미현리행,27,26102,60,25,하행,화봉리,299.8,2026-05-12
기계2,기계-계전-미현-화봉-기계,기계행,기계행,미현리행,27,26102,60,26,하행,화대리,1092.9,2026-05-12
기계2,기계-계전-미현-화봉-기계,기계행,기계행,미현리행,27,26102,60,27,하행,기계환승센터,1335.1,2026-05-12
기계2,기계-남계-인비-봉계-기계,기계행,기계행,남계리행,33,21035,60,1,상행,기계환승센터,0,2026-05-12
기계2,기계-남계-인비-봉계-기계,기계행,기계행,남계리행,33,21035,60,2,상행,기계초등학교,799.1,2026-05-12
기계2,기계-남계-인비-봉계-기계,기계행,기계행,남계리행,33,21035,60,3,상행,경북세무고등학교,777.6,2026-05-12
기계2,기계-남계-인비-봉계-기계,기계행,기계행,남계리행,33,21035,60,4,상행,현내2리,278.9,2026-05-12
기계2,기계-남계-인비-봉계-기계,기계행,기계행,남계리행,33,21035,60,5,상행,지가2리청년회관,1104.4,2026-05-12
기계2,기계-남계-인비-봉계-기계,기계행,기계행,남계리행,33,21035,60,6,상행,지가2리,743.9,2026-05-12
기계2,기계-남계-인비-봉계-기계,기계행,기계행,남계리행,33,21035,60,7,상행,지가1리,483.1,2026-05-12
기계2,기계-남계-인비-봉계-기계,기계행,기계행,남계리행,33,21035,60,8,상행,지가1리마을회관,449.5,2026-05-12
기계2,기계-남계-인비-봉계-기계,기계행,기계행,남계리행,33,21035,60,9,상행,인비교,864.9,2026-05-12
기계2,기계-남계-인비-봉계-기계,기계행,기계행,남계리행,33,21035,60,10,상행,새각단,1633.2,2026-05-12
기계2,기계-남계-인비-봉계-기계,기계행,기계행,남계리행,33,21035,60,11,상행,구지리,508.6,2026-05-12
기계2,기계-남계-인비-봉계-기계,기계행,기계행,남계리행,33,21035,60,12,상행,가천,996.7,2026-05-12
기계2,기계-남계-인비-봉계-기계,기계행,기계행,남계리행,33,21035,60,13,하행,남계리,616.2,2026-05-12
기계2,기계-남계-인비-봉계-기계,기계행,기계행,남계리행,33,21035,60,14,하행,가천,682.5,2026-05-12
기계2,기계-남계-인비-봉계-기계,기계행,기계행,남계리행,33,21035,60,15,하행,구지리,983.8,2026-05-12
기계2,기계-남계-인비-봉계-기계,기계행,기계행,남계리행,33,21035,60,16,하행,새각단,644.7,2026-05-12
기계2,기계-남계-인비-봉계-기계,기계행,기계행,남계리행,33,21035,60,17,하행,밀전,815.8,2026-05-12
기계2,기계-남계-인비-봉계-기계,기계행,기계행,남계리행,33,21035,60,18,하행,뒤짝골,441.4,2026-05-12
기계2,기계-남계-인비-봉계-기계,기계행,기계행,남계리행,33,21035,60,19,하행,인비리마을입구,620.1,2026-05-12
기계2,기계-남계-인비-봉계-기계,기계행,기계행,남계리행,33,21035,60,20,하행,인비리마을회관,158.4,2026-05-12
기계2,기계-남계-인비-봉계-기계,기계행,기계행,남계리행,33,21035,60,21,하행,인비리,249.7,2026-05-12
기계2,기계-남계-인비-봉계-기계,기계행,기계행,남계리행,33,21035,60,22,하행,인비교회,276.6,2026-05-12
기계2,기계-남계-인비-봉계-기계,기계행,기계행,남계리행,33,21035,60,23,하행,봉계2리,1231.1,2026-05-12
기계2,기계-남계-인비-봉계-기계,기계행,기계행,남계리행,33,21035,60,24,하행,봉계2리 입구,770.6,2026-05-12
기계2,기계-남계-인비-봉계-기계,기계행,기계행,남계리행,33,21035,60,25,하행,봉계입구,917.7,2026-05-12
기계2,기계-남계-인비-봉계-기계,기계행,기계행,남계리행,33,21035,60,26,하행,고지리,346.3,2026-05-12
기계2,기계-남계-인비-봉계-기계,기계행,기계행,남계리행,33,21035,60,27,하행,고지1리,337.7,2026-05-12
기계2,기계-남계-인비-봉계-기계,기계행,기계행,남계리행,33,21035,60,28,하행,화창리,291.8,2026-05-12
기계2,기계-남계-인비-봉계-기계,기계행,기계행,남계리행,33,21035,60,29,하행,고지2리,672.7,2026-05-12
기계2,기계-남계-인비-봉계-기계,기계행,기계행,남계리행,33,21035,60,30,하행,경북세무고등학교,582.1,2026-05-12
기계2,기계-남계-인비-봉계-기계,기계행,기계행,남계리행,33,21035,60,31,하행,기계초등학교,766.8,2026-05-12
기계2,기계-남계-인비-봉계-기계,기계행,기계행,남계리행,33,21035,60,32,하행,서포항농협,287.6,2026-05-12
기계2,기계-남계-인비-봉계-기계,기계행,기계행,남계리행,33,21035,60,33,하행,기계환승센터,552.1,2026-05-12
기계2,기계-내단2-내단3-기계,기계행,기계행,내단3리행,10,10717,60,1,상행,기계환승센터,0,2026-05-12
기계2,기계-내단2-내단3-기계,기계행,기계행,내단3리행,10,10717,60,2,상행,내단2리마을회관,1444,2026-05-12
기계2,기계-내단2-내단3-기계,기계행,기계행,내단3리행,10,10717,60,3,상행,내단2리,844.5,2026-05-12
기계2,기계-내단2-내단3-기계,기계행,기계행,내단3리행,10,10717,60,4,상행,내단1리,1262.1,2026-05-12
기계2,기계-내단2-내단3-기계,기계행,기계행,내단3리행,10,10717,60,5,상행,내단3리,872.2,2026-05-12
기계2,기계-내단2-내단3-기계,기계행,기계행,내단3리행,10,10717,60,6,하행,내단3리마을회관,1680.6,2026-05-12
기계2,기계-내단2-내단3-기계,기계행,기계행,내단3리행,10,10717,60,7,하행,내단3리,1657.3,2026-05-12
기계2,기계-내단2-내단3-기계,기계행,기계행,내단3리행,10,10717,60,8,하행,내단1리,870.1,2026-05-12
기계2,기계-내단2-내단3-기계,기계행,기계행,내단3리행,10,10717,60,9,하행,내단2리,1254.4,2026-05-12
기계2,기계-내단2-내단3-기계,기계행,기계행,내단3리행,10,10717,60,10,하행,기계환승센터,697.9,2026-05-12
기계2,기계-내단3-내단2-기계,기계행,기계행,내단3리행,10,10717,60,1,상행,기계환승센터,0,2026-05-12
기계2,기계-내단3-내단2-기계,기계행,기계행,내단3리행,10,10717,60,2,상행,내단2리,750,2026-05-12
기계2,기계-내단3-내단2-기계,기계행,기계행,내단3리행,10,10717,60,3,상행,내단1리,1262.1,2026-05-12
기계2,기계-내단3-내단2-기계,기계행,기계행,내단3리행,10,10717,60,4,상행,내단3리,872.2,2026-05-12
기계2,기계-내단3-내단2-기계,기계행,기계행,내단3리행,10,10717,60,5,하행,내단3리마을회관,1680.6,2026-05-12
기계2,기계-내단3-내단2-기계,기계행,기계행,내단3리행,10,10717,60,6,하행,내단3리,1657.3,2026-05-12
기계2,기계-내단3-내단2-기계,기계행,기계행,내단3리행,10,10717,60,7,하행,내단1리,870.1,2026-05-12
기계2,기계-내단3-내단2-기계,기계행,기계행,내단3리행,10,10717,60,8,하행,내단2리,1254.4,2026-05-12
기계2,기계-내단3-내단2-기계,기계행,기계행,내단3리행,10,10717,60,9,하행,내단2리마을회관,801.1,2026-05-12
기계2,기계-내단3-내단2-기계,기계행,기계행,내단3리행,10,10717,60,10,하행,기계환승센터,1435.3,2026-05-12
기계2,기계-문성-학야-성계1-기계,기계행,기계행,성계1리행,12,13256,60,1,상행,기계환승센터,0,2026-05-12
기계2,기계-문성-학야-성계1-기계,기계행,기계행,성계1리행,12,13256,60,2,상행,서포항농협,467.1,2026-05-12
기계2,기계-문성-학야-성계1-기계,기계행,기계행,성계1리행,12,13256,60,3,상행,포항농수산물유통센터,490,2026-05-12
기계2,기계-문성-학야-성계1-기계,기계행,기계행,성계1리행,12,13256,60,4,상행,문성리새마을회관,684.9,2026-05-12
기계2,기계-문성-학야-성계1-기계,기계행,기계행,성계1리행,12,13256,60,5,상행,학야리,3283.6,2026-05-12
기계2,기계-문성-학야-성계1-기계,기계행,기계행,성계1리행,12,13256,60,6,상행,성계2리마을회관,2405.1,2026-05-12
기계2,기계-문성-학야-성계1-기계,기계행,기계행,성계1리행,12,13256,60,7,상행,성계1리,603.1,2026-05-12
기계2,기계-문성-학야-성계1-기계,기계행,기계행,성계1리행,12,13256,60,8,하행,성계1리종점,1164.3,2026-05-12
기계2,기계-문성-학야-성계1-기계,기계행,기계행,성계1리행,12,13256,60,9,하행,성계1리,1131,2026-05-12
기계2,기계-문성-학야-성계1-기계,기계행,기계행,성계1리행,12,13256,60,10,하행,포항농수산물유통센터,1894.5,2026-05-12
기계2,기계-문성-학야-성계1-기계,기계행,기계행,성계1리행,12,13256,60,11,하행,서포항농협,430.6,2026-05-12
기계2,기계-문성-학야-성계1-기계,기계행,기계행,성계1리행,12,13256,60,12,하행,기계환승센터,552.1,2026-05-12
기계2,기계-봉계1-고지뱅이-고지2-기계,기계행,기계행,고지2리행,30,20353,60,1,상행,기계환승센터,0,2026-05-12
기계2,기계-봉계1-고지뱅이-고지2-기계,기계행,기계행,고지2리행,30,20353,60,2,상행,서포항농협,467.1,2026-05-12
기계2,기계-봉계1-고지뱅이-고지2-기계,기계행,기계행,고지2리행,30,20353,60,3,상행,기계초등학교,332,2026-05-12
기계2,기계-봉계1-고지뱅이-고지2-기계,기계행,기계행,고지2리행,30,20353,60,4,상행,경북세무고등학교,777.6,2026-05-12
기계2,기계-봉계1-고지뱅이-고지2-기계,기계행,기계행,고지2리행,30,20353,60,5,상행,현내2리,278.9,2026-05-12
기계2,기계-봉계1-고지뱅이-고지2-기계,기계행,기계행,고지2리행,30,20353,60,6,상행,지가2리청년회관,1104.4,2026-05-12
기계2,기계-봉계1-고지뱅이-고지2-기계,기계행,기계행,고지2리행,30,20353,60,7,상행,지가2리,743.9,2026-05-12
기계2,기계-봉계1-고지뱅이-고지2-기계,기계행,기계행,고지2리행,30,20353,60,8,상행,지가1리,483.1,2026-05-12
기계2,기계-봉계1-고지뱅이-고지2-기계,기계행,기계행,고지2리행,30,20353,60,9,상행,지가1리마을회관,449.5,2026-05-12
기계2,기계-봉계1-고지뱅이-고지2-기계,기계행,기계행,고지2리행,30,20353,60,10,상행,인비교,864.9,2026-05-12
기계2,기계-봉계1-고지뱅이-고지2-기계,기계행,기계행,고지2리행,30,20353,60,11,상행,인비리,387.4,2026-05-12
기계2,기계-봉계1-고지뱅이-고지2-기계,기계행,기계행,고지2리행,30,20353,60,12,상행,인비교회,276.6,2026-05-12
기계2,기계-봉계1-고지뱅이-고지2-기계,기계행,기계행,고지2리행,30,20353,60,13,상행,봉계2리,1231.1,2026-05-12
기계2,기계-봉계1-고지뱅이-고지2-기계,기계행,기계행,고지2리행,30,20353,60,14,상행,봉계2리,247.2,2026-05-12
기계2,기계-봉계1-고지뱅이-고지2-기계,기계행,기계행,고지2리행,30,20353,60,15,상행,봉계상리,875.6,2026-05-12
기계2,기계-봉계1-고지뱅이-고지2-기계,기계행,기계행,고지2리행,30,20353,60,16,상행,봉계2리,701.3,2026-05-12
기계2,기계-봉계1-고지뱅이-고지2-기계,기계행,기계행,고지2리행,30,20353,60,17,상행,봉계2리 입구,729.3,2026-05-12
기계2,기계-봉계1-고지뱅이-고지2-기계,기계행,기계행,고지2리행,30,20353,60,18,상행,포스코연수원,1228.7,2026-05-12
기계2,기계-봉계1-고지뱅이-고지2-기계,기계행,기계행,고지2리행,30,20353,60,19,상행,포스코연수원,2623.6,2026-05-12
기계2,기계-봉계1-고지뱅이-고지2-기계,기계행,기계행,고지2리행,30,20353,60,20,상행,봉계입구,308.3,2026-05-12
기계2,기계-봉계1-고지뱅이-고지2-기계,기계행,기계행,고지2리행,30,20353,60,21,상행,고지리,346.3,2026-05-12
기계2,기계-봉계1-고지뱅이-고지2-기계,기계행,기계행,고지2리행,30,20353,60,22,상행,고지1리,337.7,2026-05-12
기계2,기계-봉계1-고지뱅이-고지2-기계,기계행,기계행,고지2리행,30,20353,60,23,상행,고지1리마을,578.2,2026-05-12
기계2,기계-봉계1-고지뱅이-고지2-기계,기계행,기계행,고지2리행,30,20353,60,24,상행,화창리,825.3,2026-05-12
기계2,기계-봉계1-고지뱅이-고지2-기계,기계행,기계행,고지2리행,30,20353,60,25,상행,고지2리,672.7,2026-05-12
기계2,기계-봉계1-고지뱅이-고지2-기계,기계행,기계행,고지2리행,30,20353,60,26,하행,고지2리마을회관,661.9,2026-05-12
기계2,기계-봉계1-고지뱅이-고지2-기계,기계행,기계행,고지2리행,30,20353,60,27,하행,경북세무고등학교,1064.9,2026-05-12
기계2,기계-봉계1-고지뱅이-고지2-기계,기계행,기계행,고지2리행,30,20353,60,28,하행,기계초등학교,766.8,2026-05-12
기계2,기계-봉계1-고지뱅이-고지2-기계,기계행,기계행,고지2리행,30,20353,60,29,하행,서포항농협,287.6,2026-05-12
기계2,기계-봉계1-고지뱅이-고지2-기계,기계행,기계행,고지2리행,30,20353,60,30,하행,기계환승센터,552.1,2026-05-12
기계2,성계1-성계2-학야-문성-기계,기계행,기계행,문성리행,12,13256,60,1,상행,기계환승센터,0,2026-05-12
기계2,성계1-성계2-학야-문성-기계,기계행,기계행,문성리행,12,13256,60,2,상행,서포항농협,467.1,2026-05-12
기계2,성계1-성계2-학야-문성-기계,기계행,기계행,문성리행,12,13256,60,3,상행,포항농수산물유통센터,490,2026-05-12
기계2,성계1-성계2-학야-문성-기계,기계행,기계행,문성리행,12,13256,60,4,상행,성계1리,1901.4,2026-05-12
기계2,성계1-성계2-학야-문성-기계,기계행,기계행,문성리행,12,13256,60,5,상행,성계1리종점,1164.3,2026-05-12
기계2,성계1-성계2-학야-문성-기계,기계행,기계행,문성리행,12,13256,60,6,상행,성계1리,1131,2026-05-12
기계2,성계1-성계2-학야-문성-기계,기계행,기계행,문성리행,12,13256,60,7,상행,성계2리마을회관,415.8,2026-05-12
기계2,성계1-성계2-학야-문성-기계,기계행,기계행,문성리행,12,13256,60,8,상행,학야리,2498.5,2026-05-12
기계2,성계1-성계2-학야-문성-기계,기계행,기계행,문성리행,12,13256,60,9,하행,문성리새마을회관,3294.4,2026-05-12
기계2,성계1-성계2-학야-문성-기계,기계행,기계행,문성리행,12,13256,60,10,하행,포항농수산물유통센터,761.1,2026-05-12
기계2,성계1-성계2-학야-문성-기계,기계행,기계행,문성리행,12,13256,60,11,하행,서포항농협,430.6,2026-05-12
기계2,성계1-성계2-학야-문성-기계,기계행,기계행,문성리행,12,13256,60,12,하행,기계환승센터,552.1,2026-05-12
기계3,감곡-지동-죽장-두마-봉계-월평,기계행,기계행,월평리행,76,87695,60,1,상행,기계환승센터,0,2026-05-12
기계3,감곡-지동-죽장-두마-봉계-월평,기계행,기계행,월평리행,76,87695,60,2,상행,서포항농협,467.1,2026-05-12
기계3,감곡-지동-죽장-두마-봉계-월평,기계행,기계행,월평리행,76,87695,60,3,상행,기계초등학교,332,2026-05-12
기계3,감곡-지동-죽장-두마-봉계-월평,기계행,기계행,월평리행,76,87695,60,4,상행,경북세무고등학교,777.6,2026-05-12
기계3,감곡-지동-죽장-두마-봉계-월평,기계행,기계행,월평리행,76,87695,60,5,상행,현내2리,278.9,2026-05-12
기계3,감곡-지동-죽장-두마-봉계-월평,기계행,기계행,월평리행,76,87695,60,6,상행,지가2리청년회관,1104.4,2026-05-12
기계3,감곡-지동-죽장-두마-봉계-월평,기계행,기계행,월평리행,76,87695,60,7,상행,지가2리,743.9,2026-05-12
기계3,감곡-지동-죽장-두마-봉계-월평,기계행,기계행,월평리행,76,87695,60,8,상행,지가1리,483.1,2026-05-12
기계3,감곡-지동-죽장-두마-봉계-월평,기계행,기계행,월평리행,76,87695,60,9,상행,지가1리마을회관,449.5,2026-05-12
기계3,감곡-지동-죽장-두마-봉계-월평,기계행,기계행,월평리행,76,87695,60,10,상행,인비교,864.9,2026-05-12
기계3,감곡-지동-죽장-두마-봉계-월평,기계행,기계행,월평리행,76,87695,60,11,상행,새각단,1633.2,2026-05-12
기계3,감곡-지동-죽장-두마-봉계-월평,기계행,기계행,월평리행,76,87695,60,12,상행,구지리,508.6,2026-05-12
기계3,감곡-지동-죽장-두마-봉계-월평,기계행,기계행,월평리행,76,87695,60,13,상행,가안1리,729.5,2026-05-12
기계3,감곡-지동-죽장-두마-봉계-월평,기계행,기계행,월평리행,76,87695,60,14,상행,안심,734,2026-05-12
기계3,감곡-지동-죽장-두마-봉계-월평,기계행,기계행,월평리행,76,87695,60,15,상행,한티마을,1005.3,2026-05-12
기계3,감곡-지동-죽장-두마-봉계-월평,기계행,기계행,월평리행,76,87695,60,16,상행,가안2리,716.8,2026-05-12
기계3,감곡-지동-죽장-두마-봉계-월평,기계행,기계행,월평리행,76,87695,60,17,상행,감곡입구,1527.6,2026-05-12
기계3,감곡-지동-죽장-두마-봉계-월평,기계행,기계행,월평리행,76,87695,60,18,상행,감곡,1286.3,2026-05-12
기계3,감곡-지동-죽장-두마-봉계-월평,기계행,기계행,월평리행,76,87695,60,19,상행,감곡종점,1053.7,2026-05-12
기계3,감곡-지동-죽장-두마-봉계-월평,기계행,기계행,월평리행,76,87695,60,20,상행,감곡,1039.3,2026-05-12
기계3,감곡-지동-죽장-두마-봉계-월평,기계행,기계행,월평리행,76,87695,60,21,상행,정자리,1779,2026-05-12
기계3,감곡-지동-죽장-두마-봉계-월평,기계행,기계행,월평리행,76,87695,60,22,상행,정자 마을회관,621.8,2026-05-12
기계3,감곡-지동-죽장-두마-봉계-월평,기계행,기계행,월평리행,76,87695,60,23,상행,지동삼거리,1830.6,2026-05-12
기계3,감곡-지동-죽장-두마-봉계-월평,기계행,기계행,월평리행,76,87695,60,24,상행,지동경로당,76.8,2026-05-12
기계3,감곡-지동-죽장-두마-봉계-월평,기계행,기계행,월평리행,76,87695,60,25,상행,논골,568.1,2026-05-12
기계3,감곡-지동-죽장-두마-봉계-월평,기계행,기계행,월평리행,76,87695,60,26,상행,윗지들,840.1,2026-05-12
기계3,감곡-지동-죽장-두마-봉계-월평,기계행,기계행,월평리행,76,87695,60,27,상행,아래지들,1426.9,2026-05-12
기계3,감곡-지동-죽장-두마-봉계-월평,기계행,기계행,월평리행,76,87695,60,28,상행,윗지들,330.3,2026-05-12
기계3,감곡-지동-죽장-두마-봉계-월평,기계행,기계행,월평리행,76,87695,60,29,상행,논골,811.7,2026-05-12
기계3,감곡-지동-죽장-두마-봉계-월평,기계행,기계행,월평리행,76,87695,60,30,상행,지동경로당,559.8,2026-05-12
기계3,감곡-지동-죽장-두마-봉계-월평,기계행,기계행,월평리행,76,87695,60,31,상행,일광 입구,1158.4,2026-05-12
기계3,감곡-지동-죽장-두마-봉계-월평,기계행,기계행,월평리행,76,87695,60,32,상행,일광리,1043.1,2026-05-12
기계3,감곡-지동-죽장-두마-봉계-월평,기계행,기계행,월평리행,76,87695,60,33,상행,죽장초등학교,2180.5,2026-05-12
기계3,감곡-지동-죽장-두마-봉계-월평,기계행,기계행,월평리행,76,87695,60,34,상행,죽장정류장,413.6,2026-05-12
기계3,감곡-지동-죽장-두마-봉계-월평,기계행,기계행,월평리행,76,87695,60,35,상행,죽장정류장,55.1,2026-05-12
기계3,감곡-지동-죽장-두마-봉계-월평,기계행,기계행,월평리행,76,87695,60,36,상행,죽장고등학교,478.1,2026-05-12
기계3,감곡-지동-죽장-두마-봉계-월평,기계행,기계행,월평리행,76,87695,60,37,상행,방흥리,1632.5,2026-05-12
기계3,감곡-지동-죽장-두마-봉계-월평,기계행,기계행,월평리행,76,87695,60,38,상행,현내리,1464.8,2026-05-12
기계3,감곡-지동-죽장-두마-봉계-월평,기계행,기계행,월평리행,76,87695,60,39,상행,두마,6770.7,2026-05-12
기계3,감곡-지동-죽장-두마-봉계-월평,기계행,기계행,월평리행,76,87695,60,40,상행,봉계리,8515.9,2026-05-12
기계3,감곡-지동-죽장-두마-봉계-월평,기계행,기계행,월평리행,76,87695,60,41,상행,현내리,3476,2026-05-12
기계3,감곡-지동-죽장-두마-봉계-월평,기계행,기계행,월평리행,76,87695,60,42,상행,합덕 입구,3395.1,2026-05-12
기계3,감곡-지동-죽장-두마-봉계-월평,기계행,기계행,월평리행,76,87695,60,43,상행,하평,1006.9,2026-05-12
기계3,감곡-지동-죽장-두마-봉계-월평,기계행,기계행,월평리행,76,87695,60,44,상행,월평리,993.1,2026-05-12
기계3,감곡-지동-죽장-두마-봉계-월평,기계행,기계행,월평리행,76,87695,60,45,상행,신성농장,984.3,2026-05-12
기계3,감곡-지동-죽장-두마-봉계-월평,기계행,기계행,월평리행,76,87695,60,46,하행,고평,1075.3,2026-05-12
기계3,감곡-지동-죽장-두마-봉계-월평,기계행,기계행,월평리행,76,87695,60,47,하행,신성농장,1039.8,2026-05-12
기계3,감곡-지동-죽장-두마-봉계-월평,기계행,기계행,월평리행,76,87695,60,48,하행,월평리,965.1,2026-05-12
기계3,감곡-지동-죽장-두마-봉계-월평,기계행,기계행,월평리행,76,87695,60,49,하행,하평,1012.2,2026-05-12
기계3,감곡-지동-죽장-두마-봉계-월평,기계행,기계행,월평리행,76,87695,60,50,하행,합덕 입구,1002.8,2026-05-12
기계3,감곡-지동-죽장-두마-봉계-월평,기계행,기계행,월평리행,76,87695,60,51,하행,골안,1116.7,2026-05-12
기계3,감곡-지동-죽장-두마-봉계-월평,기계행,기계행,월평리행,76,87695,60,52,하행,방흥리,1014.9,2026-05-12
기계3,감곡-지동-죽장-두마-봉계-월평,기계행,기계행,월평리행,76,87695,60,53,하행,죽장고등학교,1702.8,2026-05-12
기계3,감곡-지동-죽장-두마-봉계-월평,기계행,기계행,월평리행,76,87695,60,54,하행,죽장초등학교,678.3,2026-05-12
기계3,감곡-지동-죽장-두마-봉계-월평,기계행,기계행,월평리행,76,87695,60,55,하행,일광리,2243.5,2026-05-12
기계3,감곡-지동-죽장-두마-봉계-월평,기계행,기계행,월평리행,76,87695,60,56,하행,일광 입구,1021.9,2026-05-12
기계3,감곡-지동-죽장-두마-봉계-월평,기계행,기계행,월평리행,76,87695,60,57,하행,지동삼거리,1057.8,2026-05-12
기계3,감곡-지동-죽장-두마-봉계-월평,기계행,기계행,월평리행,76,87695,60,58,하행,정자 마을회관,1900.8,2026-05-12
기계3,감곡-지동-죽장-두마-봉계-월평,기계행,기계행,월평리행,76,87695,60,59,하행,정자리,602.3,2026-05-12
기계3,감곡-지동-죽장-두마-봉계-월평,기계행,기계행,월평리행,76,87695,60,60,하행,감곡입구,542.8,2026-05-12
기계3,감곡-지동-죽장-두마-봉계-월평,기계행,기계행,월평리행,76,87695,60,61,하행,가안2리,1533.1,2026-05-12
기계3,감곡-지동-죽장-두마-봉계-월평,기계행,기계행,월평리행,76,87695,60,62,하행,한티마을,726.8,2026-05-12
기계3,감곡-지동-죽장-두마-봉계-월평,기계행,기계행,월평리행,76,87695,60,63,하행,안심,993.1,2026-05-12
기계3,감곡-지동-죽장-두마-봉계-월평,기계행,기계행,월평리행,76,87695,60,64,하행,가안1리,739.9,2026-05-12
기계3,감곡-지동-죽장-두마-봉계-월평,기계행,기계행,월평리행,76,87695,60,65,하행,구지리,732.3,2026-05-12
기계3,감곡-지동-죽장-두마-봉계-월평,기계행,기계행,월평리행,76,87695,60,66,하행,새각단,503.2,2026-05-12
기계3,감곡-지동-죽장-두마-봉계-월평,기계행,기계행,월평리행,76,87695,60,67,하행,인비교,1652.1,2026-05-12
기계3,감곡-지동-죽장-두마-봉계-월평,기계행,기계행,월평리행,76,87695,60,68,하행,지가1리마을회관,862,2026-05-12
기계3,감곡-지동-죽장-두마-봉계-월평,기계행,기계행,월평리행,76,87695,60,69,하행,지가1리,442,2026-05-12
기계3,감곡-지동-죽장-두마-봉계-월평,기계행,기계행,월평리행,76,87695,60,70,하행,지가2리,436.3,2026-05-12
기계3,감곡-지동-죽장-두마-봉계-월평,기계행,기계행,월평리행,76,87695,60,71,하행,지가2리청년회관,766.4,2026-05-12
기계3,감곡-지동-죽장-두마-봉계-월평,기계행,기계행,월평리행,76,87695,60,72,하행,현내2리,1157,2026-05-12
기계3,감곡-지동-죽장-두마-봉계-월평,기계행,기계행,월평리행,76,87695,60,73,하행,경북세무고등학교,268.9,2026-05-12
기계3,감곡-지동-죽장-두마-봉계-월평,기계행,기계행,월평리행,76,87695,60,74,하행,기계초등학교,766.8,2026-05-12
기계3,감곡-지동-죽장-두마-봉계-월평,기계행,기계행,월평리행,76,87695,60,75,하행,서포항농협,287.6,2026-05-12
기계3,감곡-지동-죽장-두마-봉계-월평,기계행,기계행,월평리행,76,87695,60,76,하행,기계환승센터,552.1,2026-05-12
기계3,기계-감곡-지동-죽장-기계,기계행,기계행,죽장행,58,49771,60,1,상행,기계환승센터,0,2026-05-12
기계3,기계-감곡-지동-죽장-기계,기계행,기계행,죽장행,58,49771,60,2,상행,서포항농협,467.1,2026-05-12
기계3,기계-감곡-지동-죽장-기계,기계행,기계행,죽장행,58,49771,60,3,상행,기계초등학교,332,2026-05-12
기계3,기계-감곡-지동-죽장-기계,기계행,기계행,죽장행,58,49771,60,4,상행,경북세무고등학교,777.6,2026-05-12
기계3,기계-감곡-지동-죽장-기계,기계행,기계행,죽장행,58,49771,60,5,상행,현내2리,278.9,2026-05-12
기계3,기계-감곡-지동-죽장-기계,기계행,기계행,죽장행,58,49771,60,6,상행,지가2리청년회관,1104.4,2026-05-12
기계3,기계-감곡-지동-죽장-기계,기계행,기계행,죽장행,58,49771,60,7,상행,지가2리,743.9,2026-05-12
기계3,기계-감곡-지동-죽장-기계,기계행,기계행,죽장행,58,49771,60,8,상행,지가1리,483.1,2026-05-12
기계3,기계-감곡-지동-죽장-기계,기계행,기계행,죽장행,58,49771,60,9,상행,지가1리마을회관,449.5,2026-05-12
기계3,기계-감곡-지동-죽장-기계,기계행,기계행,죽장행,58,49771,60,10,상행,인비교,864.9,2026-05-12
기계3,기계-감곡-지동-죽장-기계,기계행,기계행,죽장행,58,49771,60,11,상행,새각단,1633.2,2026-05-12
기계3,기계-감곡-지동-죽장-기계,기계행,기계행,죽장행,58,49771,60,12,상행,구지리,508.6,2026-05-12
기계3,기계-감곡-지동-죽장-기계,기계행,기계행,죽장행,58,49771,60,13,상행,가안1리,729.5,2026-05-12
기계3,기계-감곡-지동-죽장-기계,기계행,기계행,죽장행,58,49771,60,14,상행,안심,734,2026-05-12
기계3,기계-감곡-지동-죽장-기계,기계행,기계행,죽장행,58,49771,60,15,상행,한티마을,1005.3,2026-05-12
기계3,기계-감곡-지동-죽장-기계,기계행,기계행,죽장행,58,49771,60,16,상행,가안2리,716.8,2026-05-12
기계3,기계-감곡-지동-죽장-기계,기계행,기계행,죽장행,58,49771,60,17,상행,감곡입구,1527.6,2026-05-12
기계3,기계-감곡-지동-죽장-기계,기계행,기계행,죽장행,58,49771,60,18,상행,감곡,1286.3,2026-05-12
기계3,기계-감곡-지동-죽장-기계,기계행,기계행,죽장행,58,49771,60,19,상행,감곡종점,1053.7,2026-05-12
기계3,기계-감곡-지동-죽장-기계,기계행,기계행,죽장행,58,49771,60,20,상행,감곡,1039.3,2026-05-12
기계3,기계-감곡-지동-죽장-기계,기계행,기계행,죽장행,58,49771,60,21,상행,정자리,1779,2026-05-12
기계3,기계-감곡-지동-죽장-기계,기계행,기계행,죽장행,58,49771,60,22,상행,정자 마을회관,621.8,2026-05-12
기계3,기계-감곡-지동-죽장-기계,기계행,기계행,죽장행,58,49771,60,23,상행,지동삼거리,1830.6,2026-05-12
기계3,기계-감곡-지동-죽장-기계,기계행,기계행,죽장행,58,49771,60,24,상행,지동경로당,76.8,2026-05-12
기계3,기계-감곡-지동-죽장-기계,기계행,기계행,죽장행,58,49771,60,25,상행,논골,568.1,2026-05-12
기계3,기계-감곡-지동-죽장-기계,기계행,기계행,죽장행,58,49771,60,26,상행,윗지들,840.1,2026-05-12
기계3,기계-감곡-지동-죽장-기계,기계행,기계행,죽장행,58,49771,60,27,상행,아래지들,1426.9,2026-05-12
기계3,기계-감곡-지동-죽장-기계,기계행,기계행,죽장행,58,49771,60,28,상행,윗지들,330.3,2026-05-12
기계3,기계-감곡-지동-죽장-기계,기계행,기계행,죽장행,58,49771,60,29,상행,논골,811.7,2026-05-12
기계3,기계-감곡-지동-죽장-기계,기계행,기계행,죽장행,58,49771,60,30,상행,지동경로당,559.8,2026-05-12
기계3,기계-감곡-지동-죽장-기계,기계행,기계행,죽장행,58,49771,60,31,상행,일광 입구,1158.4,2026-05-12
기계3,기계-감곡-지동-죽장-기계,기계행,기계행,죽장행,58,49771,60,32,상행,일광리,1043.1,2026-05-12
기계3,기계-감곡-지동-죽장-기계,기계행,기계행,죽장행,58,49771,60,33,상행,죽장초등학교,2180.5,2026-05-12
기계3,기계-감곡-지동-죽장-기계,기계행,기계행,죽장행,58,49771,60,34,상행,죽장정류장,413.6,2026-05-12
기계3,기계-감곡-지동-죽장-기계,기계행,기계행,죽장행,58,49771,60,35,하행,죽장정류장,55.1,2026-05-12
기계3,기계-감곡-지동-죽장-기계,기계행,기계행,죽장행,58,49771,60,36,하행,죽장초등학교,401.1,2026-05-12
기계3,기계-감곡-지동-죽장-기계,기계행,기계행,죽장행,58,49771,60,37,하행,일광리,2243.5,2026-05-12
기계3,기계-감곡-지동-죽장-기계,기계행,기계행,죽장행,58,49771,60,38,하행,일광 입구,1021.9,2026-05-12
기계3,기계-감곡-지동-죽장-기계,기계행,기계행,죽장행,58,49771,60,39,하행,지동삼거리,1057.8,2026-05-12
기계3,기계-감곡-지동-죽장-기계,기계행,기계행,죽장행,58,49771,60,40,하행,정자 마을회관,1900.8,2026-05-12
기계3,기계-감곡-지동-죽장-기계,기계행,기계행,죽장행,58,49771,60,41,하행,정자리,602.3,2026-05-12
기계3,기계-감곡-지동-죽장-기계,기계행,기계행,죽장행,58,49771,60,42,하행,감곡입구,542.8,2026-05-12
기계3,기계-감곡-지동-죽장-기계,기계행,기계행,죽장행,58,49771,60,43,하행,가안2리,1533.1,2026-05-12
기계3,기계-감곡-지동-죽장-기계,기계행,기계행,죽장행,58,49771,60,44,하행,한티마을,726.8,2026-05-12
기계3,기계-감곡-지동-죽장-기계,기계행,기계행,죽장행,58,49771,60,45,하행,안심,993.1,2026-05-12
기계3,기계-감곡-지동-죽장-기계,기계행,기계행,죽장행,58,49771,60,46,하행,가안1리,739.9,2026-05-12
기계3,기계-감곡-지동-죽장-기계,기계행,기계행,죽장행,58,49771,60,47,하행,구지리,732.3,2026-05-12
기계3,기계-감곡-지동-죽장-기계,기계행,기계행,죽장행,58,49771,60,48,하행,새각단,503.2,2026-05-12
기계3,기계-감곡-지동-죽장-기계,기계행,기계행,죽장행,58,49771,60,49,하행,인비교,1652.1,2026-05-12
기계3,기계-감곡-지동-죽장-기계,기계행,기계행,죽장행,58,49771,60,50,하행,지가1리마을회관,862,2026-05-12
기계3,기계-감곡-지동-죽장-기계,기계행,기계행,죽장행,58,49771,60,51,하행,지가1리,442,2026-05-12
기계3,기계-감곡-지동-죽장-기계,기계행,기계행,죽장행,58,49771,60,52,하행,지가2리,436.3,2026-05-12
기계3,기계-감곡-지동-죽장-기계,기계행,기계행,죽장행,58,49771,60,53,하행,지가2리청년회관,766.4,2026-05-12
기계3,기계-감곡-지동-죽장-기계,기계행,기계행,죽장행,58,49771,60,54,하행,현내2리,1157,2026-05-12
기계3,기계-감곡-지동-죽장-기계,기계행,기계행,죽장행,58,49771,60,55,하행,경북세무고등학교,268.9,2026-05-12
기계3,기계-감곡-지동-죽장-기계,기계행,기계행,죽장행,58,49771,60,56,하행,기계초등학교,766.8,2026-05-12
기계3,기계-감곡-지동-죽장-기계,기계행,기계행,죽장행,58,49771,60,57,하행,서포항농협,287.6,2026-05-12
기계3,기계-감곡-지동-죽장-기계,기계행,기계행,죽장행,58,49771,60,58,하행,기계환승센터,552.1,2026-05-12
기계3,죽장-두마-봉계-월평-죽장-감곡,기계행,기계행,월평리행,71,83192,60,1,상행,기계환승센터,0,2026-05-12
기계3,죽장-두마-봉계-월평-죽장-감곡,기계행,기계행,월평리행,71,83192,60,2,상행,서포항농협,467.1,2026-05-12
기계3,죽장-두마-봉계-월평-죽장-감곡,기계행,기계행,월평리행,71,83192,60,3,상행,기계초등학교,332,2026-05-12
기계3,죽장-두마-봉계-월평-죽장-감곡,기계행,기계행,월평리행,71,83192,60,4,상행,경북세무고등학교,777.6,2026-05-12
기계3,죽장-두마-봉계-월평-죽장-감곡,기계행,기계행,월평리행,71,83192,60,5,상행,현내2리,278.9,2026-05-12
기계3,죽장-두마-봉계-월평-죽장-감곡,기계행,기계행,월평리행,71,83192,60,6,상행,지가2리청년회관,1104.4,2026-05-12
기계3,죽장-두마-봉계-월평-죽장-감곡,기계행,기계행,월평리행,71,83192,60,7,상행,지가2리,743.9,2026-05-12
기계3,죽장-두마-봉계-월평-죽장-감곡,기계행,기계행,월평리행,71,83192,60,8,상행,지가1리,483.1,2026-05-12
기계3,죽장-두마-봉계-월평-죽장-감곡,기계행,기계행,월평리행,71,83192,60,9,상행,지가1리마을회관,449.5,2026-05-12
기계3,죽장-두마-봉계-월평-죽장-감곡,기계행,기계행,월평리행,71,83192,60,10,상행,인비교,864.9,2026-05-12
기계3,죽장-두마-봉계-월평-죽장-감곡,기계행,기계행,월평리행,71,83192,60,11,상행,새각단,1633.2,2026-05-12
기계3,죽장-두마-봉계-월평-죽장-감곡,기계행,기계행,월평리행,71,83192,60,12,상행,구지리,508.6,2026-05-12
기계3,죽장-두마-봉계-월평-죽장-감곡,기계행,기계행,월평리행,71,83192,60,13,상행,가안1리,729.5,2026-05-12
기계3,죽장-두마-봉계-월평-죽장-감곡,기계행,기계행,월평리행,71,83192,60,14,상행,안심,734,2026-05-12
기계3,죽장-두마-봉계-월평-죽장-감곡,기계행,기계행,월평리행,71,83192,60,15,상행,한티마을,1005.3,2026-05-12
기계3,죽장-두마-봉계-월평-죽장-감곡,기계행,기계행,월평리행,71,83192,60,16,상행,가안2리,716.8,2026-05-12
기계3,죽장-두마-봉계-월평-죽장-감곡,기계행,기계행,월평리행,71,83192,60,17,상행,감곡입구,1527.6,2026-05-12
기계3,죽장-두마-봉계-월평-죽장-감곡,기계행,기계행,월평리행,71,83192,60,18,상행,정자리,537,2026-05-12
기계3,죽장-두마-봉계-월평-죽장-감곡,기계행,기계행,월평리행,71,83192,60,19,상행,정자 마을회관,621.8,2026-05-12
기계3,죽장-두마-봉계-월평-죽장-감곡,기계행,기계행,월평리행,71,83192,60,20,상행,지동삼거리,1830.6,2026-05-12
기계3,죽장-두마-봉계-월평-죽장-감곡,기계행,기계행,월평리행,71,83192,60,21,상행,일광 입구,1098.7,2026-05-12
기계3,죽장-두마-봉계-월평-죽장-감곡,기계행,기계행,월평리행,71,83192,60,22,상행,일광리,1043.1,2026-05-12
기계3,죽장-두마-봉계-월평-죽장-감곡,기계행,기계행,월평리행,71,83192,60,23,상행,죽장초등학교,2180.5,2026-05-12
기계3,죽장-두마-봉계-월평-죽장-감곡,기계행,기계행,월평리행,71,83192,60,24,상행,죽장정류장,413.6,2026-05-12
기계3,죽장-두마-봉계-월평-죽장-감곡,기계행,기계행,월평리행,71,83192,60,25,상행,죽장정류장,55.1,2026-05-12
기계3,죽장-두마-봉계-월평-죽장-감곡,기계행,기계행,월평리행,71,83192,60,26,상행,죽장고등학교,478.1,2026-05-12
기계3,죽장-두마-봉계-월평-죽장-감곡,기계행,기계행,월평리행,71,83192,60,27,상행,방흥리,1632.5,2026-05-12
기계3,죽장-두마-봉계-월평-죽장-감곡,기계행,기계행,월평리행,71,83192,60,28,상행,현내리,1464.8,2026-05-12
기계3,죽장-두마-봉계-월평-죽장-감곡,기계행,기계행,월평리행,71,83192,60,29,상행,두마,6770.7,2026-05-12
기계3,죽장-두마-봉계-월평-죽장-감곡,기계행,기계행,월평리행,71,83192,60,30,상행,봉계리,8515.9,2026-05-12
기계3,죽장-두마-봉계-월평-죽장-감곡,기계행,기계행,월평리행,71,83192,60,31,상행,현내리,3476,2026-05-12
기계3,죽장-두마-봉계-월평-죽장-감곡,기계행,기계행,월평리행,71,83192,60,32,상행,합덕 입구,3395.1,2026-05-12
기계3,죽장-두마-봉계-월평-죽장-감곡,기계행,기계행,월평리행,71,83192,60,33,상행,하평,1006.9,2026-05-12
기계3,죽장-두마-봉계-월평-죽장-감곡,기계행,기계행,월평리행,71,83192,60,34,상행,월평리,993.1,2026-05-12
기계3,죽장-두마-봉계-월평-죽장-감곡,기계행,기계행,월평리행,71,83192,60,35,상행,신성농장,984.3,2026-05-12
기계3,죽장-두마-봉계-월평-죽장-감곡,기계행,기계행,월평리행,71,83192,60,36,하행,고평,1075.3,2026-05-12
기계3,죽장-두마-봉계-월평-죽장-감곡,기계행,기계행,월평리행,71,83192,60,37,하행,신성농장,1039.8,2026-05-12
기계3,죽장-두마-봉계-월평-죽장-감곡,기계행,기계행,월평리행,71,83192,60,38,하행,월평리,965.1,2026-05-12
기계3,죽장-두마-봉계-월평-죽장-감곡,기계행,기계행,월평리행,71,83192,60,39,하행,하평,1012.2,2026-05-12
기계3,죽장-두마-봉계-월평-죽장-감곡,기계행,기계행,월평리행,71,83192,60,40,하행,합덕 입구,1002.8,2026-05-12
기계3,죽장-두마-봉계-월평-죽장-감곡,기계행,기계행,월평리행,71,83192,60,41,하행,골안,1116.7,2026-05-12
기계3,죽장-두마-봉계-월평-죽장-감곡,기계행,기계행,월평리행,71,83192,60,42,하행,방흥리,1014.9,2026-05-12
기계3,죽장-두마-봉계-월평-죽장-감곡,기계행,기계행,월평리행,71,83192,60,43,하행,죽장고등학교,1702.8,2026-05-12
기계3,죽장-두마-봉계-월평-죽장-감곡,기계행,기계행,월평리행,71,83192,60,44,하행,죽장정류장,392.6,2026-05-12
기계3,죽장-두마-봉계-월평-죽장-감곡,기계행,기계행,월평리행,71,83192,60,45,하행,죽장정류장,55.1,2026-05-12
기계3,죽장-두마-봉계-월평-죽장-감곡,기계행,기계행,월평리행,71,83192,60,46,하행,죽장초등학교,401.1,2026-05-12
기계3,죽장-두마-봉계-월평-죽장-감곡,기계행,기계행,월평리행,71,83192,60,47,하행,일광리,2243.5,2026-05-12
기계3,죽장-두마-봉계-월평-죽장-감곡,기계행,기계행,월평리행,71,83192,60,48,하행,일광 입구,1021.9,2026-05-12
기계3,죽장-두마-봉계-월평-죽장-감곡,기계행,기계행,월평리행,71,83192,60,49,하행,지동삼거리,1057.8,2026-05-12
기계3,죽장-두마-봉계-월평-죽장-감곡,기계행,기계행,월평리행,71,83192,60,50,하행,정자 마을회관,1900.8,2026-05-12
기계3,죽장-두마-봉계-월평-죽장-감곡,기계행,기계행,월평리행,71,83192,60,51,하행,정자리,602.3,2026-05-12
기계3,죽장-두마-봉계-월평-죽장-감곡,기계행,기계행,월평리행,71,83192,60,52,하행,감곡,1801.6,2026-05-12
기계3,죽장-두마-봉계-월평-죽장-감곡,기계행,기계행,월평리행,71,83192,60,53,하행,감곡종점,1053.7,2026-05-12
기계3,죽장-두마-봉계-월평-죽장-감곡,기계행,기계행,월평리행,71,83192,60,54,하행,감곡,1039.3,2026-05-12
기계3,죽장-두마-봉계-월평-죽장-감곡,기계행,기계행,월평리행,71,83192,60,55,하행,감곡입구,1269.5,2026-05-12
기계3,죽장-두마-봉계-월평-죽장-감곡,기계행,기계행,월평리행,71,83192,60,56,하행,가안2리,1533.1,2026-05-12
기계3,죽장-두마-봉계-월평-죽장-감곡,기계행,기계행,월평리행,71,83192,60,57,하행,한티마을,726.8,2026-05-12
기계3,죽장-두마-봉계-월평-죽장-감곡,기계행,기계행,월평리행,71,83192,60,58,하행,안심,993.1,2026-05-12
기계3,죽장-두마-봉계-월평-죽장-감곡,기계행,기계행,월평리행,71,83192,60,59,하행,가안1리,739.9,2026-05-12
기계3,죽장-두마-봉계-월평-죽장-감곡,기계행,기계행,월평리행,71,83192,60,60,하행,구지리,732.3,2026-05-12
기계3,죽장-두마-봉계-월평-죽장-감곡,기계행,기계행,월평리행,71,83192,60,61,하행,새각단,503.2,2026-05-12
기계3,죽장-두마-봉계-월평-죽장-감곡,기계행,기계행,월평리행,71,83192,60,62,하행,인비교,1652.1,2026-05-12
기계3,죽장-두마-봉계-월평-죽장-감곡,기계행,기계행,월평리행,71,83192,60,63,하행,지가1리마을회관,862,2026-05-12
기계3,죽장-두마-봉계-월평-죽장-감곡,기계행,기계행,월평리행,71,83192,60,64,하행,지가1리,442,2026-05-12
기계3,죽장-두마-봉계-월평-죽장-감곡,기계행,기계행,월평리행,71,83192,60,65,하행,지가2리,436.3,2026-05-12
기계3,죽장-두마-봉계-월평-죽장-감곡,기계행,기계행,월평리행,71,83192,60,66,하행,지가2리청년회관,766.4,2026-05-12
기계3,죽장-두마-봉계-월평-죽장-감곡,기계행,기계행,월평리행,71,83192,60,67,하행,현내2리,1157,2026-05-12
기계3,죽장-두마-봉계-월평-죽장-감곡,기계행,기계행,월평리행,71,83192,60,68,하행,경북세무고등학교,268.9,2026-05-12
기계3,죽장-두마-봉계-월평-죽장-감곡,기계행,기계행,월평리행,71,83192,60,69,하행,기계초등학교,766.8,2026-05-12
기계3,죽장-두마-봉계-월평-죽장-감곡,기계행,기계행,월평리행,71,83192,60,70,하행,서포항농협,287.6,2026-05-12
기계3,죽장-두마-봉계-월평-죽장-감곡,기계행,기계행,월평리행,71,83192,60,71,하행,기계환승센터,552.1,2026-05-12
기계희망,1회 율산-기북-대곡-지가-기계,기북행,기계행,,20,17749,50,1,상행,기북차고지,0,2026-05-12
기계희망,1회 율산-기북-대곡-지가-기계,기북행,기계행,,20,17749,50,2,상행,율산2리마을회관,1283.7,2026-05-12
기계희망,1회 율산-기북-대곡-지가-기계,기북행,기계행,,20,17749,50,3,상행,기북합동정류소,1161.3,2026-05-12
기계희망,1회 율산-기북-대곡-지가-기계,기북행,기계행,,20,17749,50,4,상행,율산1리,453.2,2026-05-12
기계희망,1회 율산-기북-대곡-지가-기계,기북행,기계행,,20,17749,50,5,상행,율산1리마을회관,1091.6,2026-05-12
기계희망,1회 율산-기북-대곡-지가-기계,기북행,기계행,,20,17749,50,6,상행,대곡2리,1710.7,2026-05-12
기계희망,1회 율산-기북-대곡-지가-기계,기북행,기계행,,20,17749,50,7,상행,대곡2리마을회관,1297.4,2026-05-12
기계희망,1회 율산-기북-대곡-지가-기계,기북행,기계행,,20,17749,50,8,상행,대곡2리새마을회관,1971.1,2026-05-12
기계희망,1회 율산-기북-대곡-지가-기계,기북행,기계행,,20,17749,50,9,상행,대곡2리,524.9,2026-05-12
기계희망,1회 율산-기북-대곡-지가-기계,기북행,기계행,,20,17749,50,10,상행,대기터,1287.1,2026-05-12
기계희망,1회 율산-기북-대곡-지가-기계,기북행,기계행,,20,17749,50,11,상행,인비교,1323.3,2026-05-12
기계희망,1회 율산-기북-대곡-지가-기계,기북행,기계행,,20,17749,50,12,상행,지가1리마을회관,862,2026-05-12
기계희망,1회 율산-기북-대곡-지가-기계,기북행,기계행,,20,17749,50,13,상행,지가1리,442,2026-05-12
기계희망,1회 율산-기북-대곡-지가-기계,기북행,기계행,,20,17749,50,14,상행,지가2리,436.3,2026-05-12
기계희망,1회 율산-기북-대곡-지가-기계,기북행,기계행,,20,17749,50,15,상행,지가2리청년회관,766.4,2026-05-12
기계희망,1회 율산-기북-대곡-지가-기계,기북행,기계행,,20,17749,50,16,상행,현내2리,1157,2026-05-12
기계희망,1회 율산-기북-대곡-지가-기계,기북행,기계행,,20,17749,50,17,상행,경북세무고등학교,268.9,2026-05-12
기계희망,1회 율산-기북-대곡-지가-기계,기북행,기계행,,20,17749,50,18,상행,기계초등학교,766.8,2026-05-12
기계희망,1회 율산-기북-대곡-지가-기계,기북행,기계행,,20,17749,50,19,상행,서포항농협,287.6,2026-05-12
기계희망,1회 율산-기북-대곡-지가-기계,기북행,기계행,,20,17749,50,20,상행,기계환승센터,552.1,2026-05-12
기계희망,2회 기계-비학산-관천-구지-기계,기계행,기계행,기북행,44,37570,80,1,상행,기계환승센터,0,2026-05-12
기계희망,2회 기계-비학산-관천-구지-기계,기계행,기계행,기북행,44,37570,80,2,상행,서포항농협,467.1,2026-05-12
기계희망,2회 기계-비학산-관천-구지-기계,기계행,기계행,기북행,44,37570,80,3,상행,기계초등학교,332,2026-05-12
기계희망,2회 기계-비학산-관천-구지-기계,기계행,기계행,기북행,44,37570,80,4,상행,경북세무고등학교,777.6,2026-05-12
기계희망,2회 기계-비학산-관천-구지-기계,기계행,기계행,기북행,44,37570,80,5,상행,현내2리,278.9,2026-05-12
기계희망,2회 기계-비학산-관천-구지-기계,기계행,기계행,기북행,44,37570,80,6,상행,지가2리청년회관,1104.4,2026-05-12
기계희망,2회 기계-비학산-관천-구지-기계,기계행,기계행,기북행,44,37570,80,7,상행,지가2리,743.9,2026-05-12
기계희망,2회 기계-비학산-관천-구지-기계,기계행,기계행,기북행,44,37570,80,8,상행,지가1리,483.1,2026-05-12
기계희망,2회 기계-비학산-관천-구지-기계,기계행,기계행,기북행,44,37570,80,9,상행,지가1리마을회관,449.5,2026-05-12
기계희망,2회 기계-비학산-관천-구지-기계,기계행,기계행,기북행,44,37570,80,10,상행,인비교,864.9,2026-05-12
기계희망,2회 기계-비학산-관천-구지-기계,기계행,기계행,기북행,44,37570,80,11,상행,대기터,1328.9,2026-05-12
기계희망,2회 기계-비학산-관천-구지-기계,기계행,기계행,기북행,44,37570,80,12,상행,대곡2리,1295.8,2026-05-12
기계희망,2회 기계-비학산-관천-구지-기계,기계행,기계행,기북행,44,37570,80,13,상행,대곡2리,698.3,2026-05-12
기계희망,2회 기계-비학산-관천-구지-기계,기계행,기계행,기북행,44,37570,80,14,상행,율산1리,781.2,2026-05-12
기계희망,2회 기계-비학산-관천-구지-기계,기계행,기계행,기북행,44,37570,80,15,상행,기북합동정류소,437.4,2026-05-12
기계희망,2회 기계-비학산-관천-구지-기계,기계행,기계행,기북행,44,37570,80,16,상행,율산2리,417.1,2026-05-12
기계희망,2회 기계-비학산-관천-구지-기계,기계행,기계행,기북행,44,37570,80,17,상행,오덕2리,1207.5,2026-05-12
기계희망,2회 기계-비학산-관천-구지-기계,기계행,기계행,기북행,44,37570,80,18,상행,탑정리,1442.3,2026-05-12
기계희망,2회 기계-비학산-관천-구지-기계,기계행,기계행,기북행,44,37570,80,19,상행,탑정1리노인정,252.8,2026-05-12
기계희망,2회 기계-비학산-관천-구지-기계,기계행,기계행,기북행,44,37570,80,20,상행,탑정1리,194.4,2026-05-12
기계희망,2회 기계-비학산-관천-구지-기계,기계행,기계행,기북행,44,37570,80,21,상행,비학산휴양림,2944.1,2026-05-12
기계희망,2회 기계-비학산-관천-구지-기계,기계행,기계행,기북행,44,37570,80,22,상행,탑정2리,1258,2026-05-12
기계희망,2회 기계-비학산-관천-구지-기계,기계행,기계행,기북행,44,37570,80,23,상행,탑정1리노인정,1842.8,2026-05-12
기계희망,2회 기계-비학산-관천-구지-기계,기계행,기계행,기북행,44,37570,80,24,상행,탑정리,258.4,2026-05-12
기계희망,2회 기계-비학산-관천-구지-기계,기계행,기계행,기북행,44,37570,80,25,상행,오덕2리,1443.1,2026-05-12
기계희망,2회 기계-비학산-관천-구지-기계,기계행,기계행,기북행,44,37570,80,26,상행,오덕2리마을회관,480.3,2026-05-12
기계희망,2회 기계-비학산-관천-구지-기계,기계행,기계행,기북행,44,37570,80,27,상행,율산2리,1625.6,2026-05-12
기계희망,2회 기계-비학산-관천-구지-기계,기계행,기계행,기북행,44,37570,80,28,하행,기북합동정류소,416.9,2026-05-12
기계희망,2회 기계-비학산-관천-구지-기계,기계행,기계행,기북행,44,37570,80,29,하행,용기1리마을회관,577,2026-05-12
기계희망,2회 기계-비학산-관천-구지-기계,기계행,기계행,기북행,44,37570,80,30,하행,율산1리,856.8,2026-05-12
기계희망,2회 기계-비학산-관천-구지-기계,기계행,기계행,기북행,44,37570,80,31,하행,관천,899.8,2026-05-12
기계희망,2회 기계-비학산-관천-구지-기계,기계행,기계행,기북행,44,37570,80,32,하행,관천리새마을회관,583.5,2026-05-12
기계희망,2회 기계-비학산-관천-구지-기계,기계행,기계행,기북행,44,37570,80,33,하행,구지리,2983.2,2026-05-12
기계희망,2회 기계-비학산-관천-구지-기계,기계행,기계행,기북행,44,37570,80,34,하행,새각단,503.2,2026-05-12
기계희망,2회 기계-비학산-관천-구지-기계,기계행,기계행,기북행,44,37570,80,35,하행,인비교,1652.1,2026-05-12
기계희망,2회 기계-비학산-관천-구지-기계,기계행,기계행,기북행,44,37570,80,36,하행,지가1리마을회관,862,2026-05-12
기계희망,2회 기계-비학산-관천-구지-기계,기계행,기계행,기북행,44,37570,80,37,하행,지가1리,442,2026-05-12
기계희망,2회 기계-비학산-관천-구지-기계,기계행,기계행,기북행,44,37570,80,38,하행,지가2리,436.3,2026-05-12
기계희망,2회 기계-비학산-관천-구지-기계,기계행,기계행,기북행,44,37570,80,39,하행,지가2리청년회관,766.4,2026-05-12
기계희망,2회 기계-비학산-관천-구지-기계,기계행,기계행,기북행,44,37570,80,40,하행,현내2리,1157,2026-05-12
기계희망,2회 기계-비학산-관천-구지-기계,기계행,기계행,기북행,44,37570,80,41,하행,경북세무고등학교,268.9,2026-05-12
기계희망,2회 기계-비학산-관천-구지-기계,기계행,기계행,기북행,44,37570,80,42,하행,기계초등학교,766.8,2026-05-12
기계희망,2회 기계-비학산-관천-구지-기계,기계행,기계행,기북행,44,37570,80,43,하행,서포항농협,287.6,2026-05-12
기계희망,2회 기계-비학산-관천-구지-기계,기계행,기계행,기북행,44,37570,80,44,하행,기계환승센터,552.1,2026-05-12
기계희망,3 5회 기계-대곡-관천-성법-기계,기계행,기계행,기북행,48,46141,80,1,상행,기계환승센터,0,2026-05-12
기계희망,3 5회 기계-대곡-관천-성법-기계,기계행,기계행,기북행,48,46141,80,2,상행,서포항농협,467.1,2026-05-12
기계희망,3 5회 기계-대곡-관천-성법-기계,기계행,기계행,기북행,48,46141,80,3,상행,기계초등학교,332,2026-05-12
기계희망,3 5회 기계-대곡-관천-성법-기계,기계행,기계행,기북행,48,46141,80,4,상행,경북세무고등학교,777.6,2026-05-12
기계희망,3 5회 기계-대곡-관천-성법-기계,기계행,기계행,기북행,48,46141,80,5,상행,현내2리,278.9,2026-05-12
기계희망,3 5회 기계-대곡-관천-성법-기계,기계행,기계행,기북행,48,46141,80,6,상행,지가2리청년회관,1104.4,2026-05-12
기계희망,3 5회 기계-대곡-관천-성법-기계,기계행,기계행,기북행,48,46141,80,7,상행,지가2리,743.9,2026-05-12
기계희망,3 5회 기계-대곡-관천-성법-기계,기계행,기계행,기북행,48,46141,80,8,상행,지가1리,483.1,2026-05-12
기계희망,3 5회 기계-대곡-관천-성법-기계,기계행,기계행,기북행,48,46141,80,9,상행,지가1리마을회관,449.5,2026-05-12
기계희망,3 5회 기계-대곡-관천-성법-기계,기계행,기계행,기북행,48,46141,80,10,상행,인비교,864.9,2026-05-12
기계희망,3 5회 기계-대곡-관천-성법-기계,기계행,기계행,기북행,48,46141,80,11,상행,대기터,1328.9,2026-05-12
기계희망,3 5회 기계-대곡-관천-성법-기계,기계행,기계행,기북행,48,46141,80,12,상행,대곡2리,1295.8,2026-05-12
기계희망,3 5회 기계-대곡-관천-성법-기계,기계행,기계행,기북행,48,46141,80,13,상행,대곡2리새마을회관,531.8,2026-05-12
기계희망,3 5회 기계-대곡-관천-성법-기계,기계행,기계행,기북행,48,46141,80,14,상행,대곡2리마을회관,1978.1,2026-05-12
기계희망,3 5회 기계-대곡-관천-성법-기계,기계행,기계행,기북행,48,46141,80,15,상행,대곡2리,1260.7,2026-05-12
기계희망,3 5회 기계-대곡-관천-성법-기계,기계행,기계행,기북행,48,46141,80,16,상행,대곡1리마을회관,356.4,2026-05-12
기계희망,3 5회 기계-대곡-관천-성법-기계,기계행,기계행,기북행,48,46141,80,17,상행,관천,375.4,2026-05-12
기계희망,3 5회 기계-대곡-관천-성법-기계,기계행,기계행,기북행,48,46141,80,18,상행,관천리새마을회관,583.5,2026-05-12
기계희망,3 5회 기계-대곡-관천-성법-기계,기계행,기계행,기북행,48,46141,80,19,상행,율산1리마을회관,2452,2026-05-12
기계희망,3 5회 기계-대곡-관천-성법-기계,기계행,기계행,기북행,48,46141,80,20,상행,율산1리,1071.7,2026-05-12
기계희망,3 5회 기계-대곡-관천-성법-기계,기계행,기계행,기북행,48,46141,80,21,상행,기북합동정류소,437.4,2026-05-12
기계희망,3 5회 기계-대곡-관천-성법-기계,기계행,기계행,기북행,48,46141,80,22,상행,율산2리마을회관,1169.6,2026-05-12
기계희망,3 5회 기계-대곡-관천-성법-기계,기계행,기계행,기북행,48,46141,80,23,상행,율산2리,759.8,2026-05-12
기계희망,3 5회 기계-대곡-관천-성법-기계,기계행,기계행,기북행,48,46141,80,24,상행,오덕2리마을회관,1644.6,2026-05-12
기계희망,3 5회 기계-대곡-관천-성법-기계,기계행,기계행,기북행,48,46141,80,25,상행,오덕2리,474.1,2026-05-12
기계희망,3 5회 기계-대곡-관천-성법-기계,기계행,기계행,기북행,48,46141,80,26,상행,탑정리,1442.3,2026-05-12
기계희망,3 5회 기계-대곡-관천-성법-기계,기계행,기계행,기북행,48,46141,80,27,상행,탑정1리노인정,252.8,2026-05-12
기계희망,3 5회 기계-대곡-관천-성법-기계,기계행,기계행,기북행,48,46141,80,28,상행,탑정1리,194.4,2026-05-12
기계희망,3 5회 기계-대곡-관천-성법-기계,기계행,기계행,기북행,48,46141,80,29,상행,탑정2리,1679.9,2026-05-12
기계희망,3 5회 기계-대곡-관천-성법-기계,기계행,기계행,기북행,48,46141,80,30,상행,오덕1리입구,2061.2,2026-05-12
기계희망,3 5회 기계-대곡-관천-성법-기계,기계행,기계행,기북행,48,46141,80,31,상행,덕동민속전시관,523.7,2026-05-12
기계희망,3 5회 기계-대곡-관천-성법-기계,기계행,기계행,기북행,48,46141,80,32,상행,성법교회,1480.2,2026-05-12
기계희망,3 5회 기계-대곡-관천-성법-기계,기계행,기계행,기북행,48,46141,80,33,상행,성법리,298.7,2026-05-12
기계희망,3 5회 기계-대곡-관천-성법-기계,기계행,기계행,기북행,48,46141,80,34,하행,기북합동정류소,6757.6,2026-05-12
기계희망,3 5회 기계-대곡-관천-성법-기계,기계행,기계행,기북행,48,46141,80,35,하행,율산1리,453.2,2026-05-12
기계희망,3 5회 기계-대곡-관천-성법-기계,기계행,기계행,기북행,48,46141,80,36,하행,대곡2리,755.6,2026-05-12
기계희망,3 5회 기계-대곡-관천-성법-기계,기계행,기계행,기북행,48,46141,80,37,하행,대곡2리,721.1,2026-05-12
기계희망,3 5회 기계-대곡-관천-성법-기계,기계행,기계행,기북행,48,46141,80,38,하행,대기터,1287.1,2026-05-12
기계희망,3 5회 기계-대곡-관천-성법-기계,기계행,기계행,기북행,48,46141,80,39,하행,인비교,1323.3,2026-05-12
기계희망,3 5회 기계-대곡-관천-성법-기계,기계행,기계행,기북행,48,46141,80,40,하행,지가1리마을회관,862,2026-05-12
기계희망,3 5회 기계-대곡-관천-성법-기계,기계행,기계행,기북행,48,46141,80,41,하행,지가1리,442,2026-05-12
기계희망,3 5회 기계-대곡-관천-성법-기계,기계행,기계행,기북행,48,46141,80,42,하행,지가2리,436.3,2026-05-12
기계희망,3 5회 기계-대곡-관천-성법-기계,기계행,기계행,기북행,48,46141,80,43,하행,지가2리청년회관,766.4,2026-05-12
기계희망,3 5회 기계-대곡-관천-성법-기계,기계행,기계행,기북행,48,46141,80,44,하행,현내2리,1157,2026-05-12
기계희망,3 5회 기계-대곡-관천-성법-기계,기계행,기계행,기북행,48,46141,80,45,하행,경북세무고등학교,268.9,2026-05-12
기계희망,3 5회 기계-대곡-관천-성법-기계,기계행,기계행,기북행,48,46141,80,46,하행,기계초등학교,766.8,2026-05-12
기계희망,3 5회 기계-대곡-관천-성법-기계,기계행,기계행,기북행,48,46141,80,47,하행,서포항농협,287.6,2026-05-12
기계희망,3 5회 기계-대곡-관천-성법-기계,기계행,기계행,기북행,48,46141,80,48,하행,기계환승센터,552.1,2026-05-12
기계희망,4회 기계-대곡-관천-기북-기계,기계행,기계행,기북행,37,29733,70,1,상행,기계환승센터,0,2026-05-12
기계희망,4회 기계-대곡-관천-기북-기계,기계행,기계행,기북행,37,29733,70,2,상행,서포항농협,467.1,2026-05-12
기계희망,4회 기계-대곡-관천-기북-기계,기계행,기계행,기북행,37,29733,70,3,상행,기계초등학교,332,2026-05-12
기계희망,4회 기계-대곡-관천-기북-기계,기계행,기계행,기북행,37,29733,70,4,상행,경북세무고등학교,777.6,2026-05-12
기계희망,4회 기계-대곡-관천-기북-기계,기계행,기계행,기북행,37,29733,70,5,상행,현내2리,278.9,2026-05-12
기계희망,4회 기계-대곡-관천-기북-기계,기계행,기계행,기북행,37,29733,70,6,상행,지가2리청년회관,1104.4,2026-05-12
기계희망,4회 기계-대곡-관천-기북-기계,기계행,기계행,기북행,37,29733,70,7,상행,지가2리,743.9,2026-05-12
기계희망,4회 기계-대곡-관천-기북-기계,기계행,기계행,기북행,37,29733,70,8,상행,지가1리,483.1,2026-05-12
기계희망,4회 기계-대곡-관천-기북-기계,기계행,기계행,기북행,37,29733,70,9,상행,지가1리마을회관,449.5,2026-05-12
기계희망,4회 기계-대곡-관천-기북-기계,기계행,기계행,기북행,37,29733,70,10,상행,인비교,864.9,2026-05-12
기계희망,4회 기계-대곡-관천-기북-기계,기계행,기계행,기북행,37,29733,70,11,상행,대기터,1328.9,2026-05-12
기계희망,4회 기계-대곡-관천-기북-기계,기계행,기계행,기북행,37,29733,70,12,상행,대곡2리,1295.8,2026-05-12
기계희망,4회 기계-대곡-관천-기북-기계,기계행,기계행,기북행,37,29733,70,13,상행,대곡2리새마을회관,531.8,2026-05-12
기계희망,4회 기계-대곡-관천-기북-기계,기계행,기계행,기북행,37,29733,70,14,상행,대곡2리마을회관,1978.1,2026-05-12
기계희망,4회 기계-대곡-관천-기북-기계,기계행,기계행,기북행,37,29733,70,15,상행,대곡2리,1260.7,2026-05-12
기계희망,4회 기계-대곡-관천-기북-기계,기계행,기계행,기북행,37,29733,70,16,상행,대곡1리마을회관,356.4,2026-05-12
기계희망,4회 기계-대곡-관천-기북-기계,기계행,기계행,기북행,37,29733,70,17,상행,관천,375.4,2026-05-12
기계희망,4회 기계-대곡-관천-기북-기계,기계행,기계행,기북행,37,29733,70,18,상행,관천리새마을회관,583.5,2026-05-12
기계희망,4회 기계-대곡-관천-기북-기계,기계행,기계행,기북행,37,29733,70,19,상행,율산1리마을회관,2452,2026-05-12
기계희망,4회 기계-대곡-관천-기북-기계,기계행,기계행,기북행,37,29733,70,20,상행,율산1리,1071.7,2026-05-12
기계희망,4회 기계-대곡-관천-기북-기계,기계행,기계행,기북행,37,29733,70,21,상행,기북합동정류소,437.4,2026-05-12
기계희망,4회 기계-대곡-관천-기북-기계,기계행,기계행,기북행,37,29733,70,22,상행,율산2리마을회관,1169.6,2026-05-12
기계희망,4회 기계-대곡-관천-기북-기계,기계행,기계행,기북행,37,29733,70,23,하행,기북합동정류소,1161.3,2026-05-12
기계희망,4회 기계-대곡-관천-기북-기계,기계행,기계행,기북행,37,29733,70,24,하행,율산1리,453.2,2026-05-12
기계희망,4회 기계-대곡-관천-기북-기계,기계행,기계행,기북행,37,29733,70,25,하행,대곡2리,755.6,2026-05-12
기계희망,4회 기계-대곡-관천-기북-기계,기계행,기계행,기북행,37,29733,70,26,하행,대곡2리,721.1,2026-05-12
기계희망,4회 기계-대곡-관천-기북-기계,기계행,기계행,기북행,37,29733,70,27,하행,대기터,1287.1,2026-05-12
기계희망,4회 기계-대곡-관천-기북-기계,기계행,기계행,기북행,37,29733,70,28,하행,인비교,1323.3,2026-05-12
기계희망,4회 기계-대곡-관천-기북-기계,기계행,기계행,기북행,37,29733,70,29,하행,지가1리마을회관,862,2026-05-12
기계희망,4회 기계-대곡-관천-기북-기계,기계행,기계행,기북행,37,29733,70,30,하행,지가1리,442,2026-05-12
기계희망,4회 기계-대곡-관천-기북-기계,기계행,기계행,기북행,37,29733,70,31,하행,지가2리,436.3,2026-05-12
기계희망,4회 기계-대곡-관천-기북-기계,기계행,기계행,기북행,37,29733,70,32,하행,지가2리청년회관,766.4,2026-05-12
기계희망,4회 기계-대곡-관천-기북-기계,기계행,기계행,기북행,37,29733,70,33,하행,현내2리,1157,2026-05-12
기계희망,4회 기계-대곡-관천-기북-기계,기계행,기계행,기북행,37,29733,70,34,하행,경북세무고등학교,268.9,2026-05-12
기계희망,4회 기계-대곡-관천-기북-기계,기계행,기계행,기북행,37,29733,70,35,하행,기계초등학교,766.8,2026-05-12
기계희망,4회 기계-대곡-관천-기북-기계,기계행,기계행,기북행,37,29733,70,36,하행,서포항농협,287.6,2026-05-12
기계희망,4회 기계-대곡-관천-기북-기계,기계행,기계행,기북행,37,29733,70,37,하행,기계환승센터,552.1,2026-05-12
기계희망,6회 기계-대곡-기북-기계-기북,기계행,기계행,기북행,37,29733,70,1,상행,기계환승센터,0,2026-05-12
기계희망,6회 기계-대곡-기북-기계-기북,기계행,기계행,기북행,37,29733,70,2,상행,서포항농협,467.1,2026-05-12
기계희망,6회 기계-대곡-기북-기계-기북,기계행,기계행,기북행,37,29733,70,3,상행,기계초등학교,332,2026-05-12
기계희망,6회 기계-대곡-기북-기계-기북,기계행,기계행,기북행,37,29733,70,4,상행,경북세무고등학교,777.6,2026-05-12
기계희망,6회 기계-대곡-기북-기계-기북,기계행,기계행,기북행,37,29733,70,5,상행,현내2리,278.9,2026-05-12
기계희망,6회 기계-대곡-기북-기계-기북,기계행,기계행,기북행,37,29733,70,6,상행,지가2리청년회관,1104.4,2026-05-12
기계희망,6회 기계-대곡-기북-기계-기북,기계행,기계행,기북행,37,29733,70,7,상행,지가2리,743.9,2026-05-12
기계희망,6회 기계-대곡-기북-기계-기북,기계행,기계행,기북행,37,29733,70,8,상행,지가1리,483.1,2026-05-12
기계희망,6회 기계-대곡-기북-기계-기북,기계행,기계행,기북행,37,29733,70,9,상행,지가1리마을회관,449.5,2026-05-12
기계희망,6회 기계-대곡-기북-기계-기북,기계행,기계행,기북행,37,29733,70,10,상행,인비교,864.9,2026-05-12
기계희망,6회 기계-대곡-기북-기계-기북,기계행,기계행,기북행,37,29733,70,11,상행,대기터,1328.9,2026-05-12
기계희망,6회 기계-대곡-기북-기계-기북,기계행,기계행,기북행,37,29733,70,12,상행,대곡2리,1295.8,2026-05-12
기계희망,6회 기계-대곡-기북-기계-기북,기계행,기계행,기북행,37,29733,70,13,상행,대곡2리새마을회관,531.8,2026-05-12
기계희망,6회 기계-대곡-기북-기계-기북,기계행,기계행,기북행,37,29733,70,14,상행,대곡2리마을회관,1978.1,2026-05-12
기계희망,6회 기계-대곡-기북-기계-기북,기계행,기계행,기북행,37,29733,70,15,상행,대곡2리,1260.7,2026-05-12
기계희망,6회 기계-대곡-기북-기계-기북,기계행,기계행,기북행,37,29733,70,16,상행,대곡1리마을회관,356.4,2026-05-12
기계희망,6회 기계-대곡-기북-기계-기북,기계행,기계행,기북행,37,29733,70,17,상행,관천,375.4,2026-05-12
기계희망,6회 기계-대곡-기북-기계-기북,기계행,기계행,기북행,37,29733,70,18,상행,관천리새마을회관,583.5,2026-05-12
기계희망,6회 기계-대곡-기북-기계-기북,기계행,기계행,기북행,37,29733,70,19,상행,율산1리마을회관,2452,2026-05-12
기계희망,6회 기계-대곡-기북-기계-기북,기계행,기계행,기북행,37,29733,70,20,상행,율산1리,1071.7,2026-05-12
기계희망,6회 기계-대곡-기북-기계-기북,기계행,기계행,기북행,37,29733,70,21,하행,기북합동정류소,437.4,2026-05-12
기계희망,6회 기계-대곡-기북-기계-기북,기계행,기계행,기북행,37,29733,70,22,하행,율산2리마을회관,1169.6,2026-05-12
기계희망,6회 기계-대곡-기북-기계-기북,기계행,기계행,기북행,37,29733,70,23,하행,기북합동정류소,1161.3,2026-05-12
기계희망,6회 기계-대곡-기북-기계-기북,기계행,기계행,기북행,37,29733,70,24,하행,율산1리,453.2,2026-05-12
기계희망,6회 기계-대곡-기북-기계-기북,기계행,기계행,기북행,37,29733,70,25,하행,대곡2리,755.6,2026-05-12
기계희망,6회 기계-대곡-기북-기계-기북,기계행,기계행,기북행,37,29733,70,26,하행,대곡2리,721.1,2026-05-12
기계희망,6회 기계-대곡-기북-기계-기북,기계행,기계행,기북행,37,29733,70,27,하행,대기터,1287.1,2026-05-12
기계희망,6회 기계-대곡-기북-기계-기북,기계행,기계행,기북행,37,29733,70,28,하행,인비교,1323.3,2026-05-12
기계희망,6회 기계-대곡-기북-기계-기북,기계행,기계행,기북행,37,29733,70,29,하행,지가1리마을회관,862,2026-05-12
기계희망,6회 기계-대곡-기북-기계-기북,기계행,기계행,기북행,37,29733,70,30,하행,지가1리,442,2026-05-12
기계희망,6회 기계-대곡-기북-기계-기북,기계행,기계행,기북행,37,29733,70,31,하행,지가2리,436.3,2026-05-12
기계희망,6회 기계-대곡-기북-기계-기북,기계행,기계행,기북행,37,29733,70,32,하행,지가2리청년회관,766.4,2026-05-12
기계희망,6회 기계-대곡-기북-기계-기북,기계행,기계행,기북행,37,29733,70,33,하행,현내2리,1157,2026-05-12
기계희망,6회 기계-대곡-기북-기계-기북,기계행,기계행,기북행,37,29733,70,34,하행,경북세무고등학교,268.9,2026-05-12
기계희망,6회 기계-대곡-기북-기계-기북,기계행,기계행,기북행,37,29733,70,35,하행,기계초등학교,766.8,2026-05-12
기계희망,6회 기계-대곡-기북-기계-기북,기계행,기계행,기북행,37,29733,70,36,하행,서포항농협,287.6,2026-05-12
기계희망,6회 기계-대곡-기북-기계-기북,기계행,기계행,기북행,37,29733,70,37,하행,기계환승센터,552.1,2026-05-12
기계희망,7회 기계-기북-탑정-기북,기계행,기북행,,4,20750,50,1,상행,기계환승센터,0,2026-05-12
기계희망,7회 기계-기북-탑정-기북,기계행,기북행,,4,20750,50,2,상행,기북합동정류소,10043,2026-05-12
기계희망,7회 기계-기북-탑정-기북,기계행,기북행,,4,20750,50,3,상행,탑정2리,5194,2026-05-12
기계희망,7회 기계-기북-탑정-기북,기계행,기북행,,4,20750,50,4,상행,기북차고지,5350.8,2026-05-12
대송1,대각-송동-도심,대각행,도심환승센터행,,30,13626,60,1,상행,대각종점,0,2026-05-12
대송1,대각-송동-도심,대각행,도심환승센터행,,30,13626,60,2,상행,대각사,433.9,2026-05-12
대송1,대각-송동-도심,대각행,도심환승센터행,,30,13626,60,3,상행,대각2리마을회관,181.5,2026-05-12
대송1,대각-송동-도심,대각행,도심환승센터행,,30,13626,60,4,상행,대각2리,286,2026-05-12
대송1,대각-송동-도심,대각행,도심환승센터행,,30,13626,60,5,상행,대각삼거리,642.7,2026-05-12
대송1,대각-송동-도심,대각행,도심환승센터행,,30,13626,60,6,상행,송동회차지,1422.9,2026-05-12
대송1,대각-송동-도심,대각행,도심환승센터행,,30,13626,60,7,상행,송동리,339.7,2026-05-12
대송1,대각-송동-도심,대각행,도심환승센터행,,30,13626,60,8,상행,포항대송교회,1255.6,2026-05-12
대송1,대각-송동-도심,대각행,도심환승센터행,,30,13626,60,9,상행,대송초등학교,247.8,2026-05-12
대송1,대각-송동-도심,대각행,도심환승센터행,,30,13626,60,10,상행,대송파출소,271.9,2026-05-12
대송1,대각-송동-도심,대각행,도심환승센터행,,30,13626,60,11,상행,동국에스엔씨,260.5,2026-05-12
대송1,대각-송동-도심,대각행,도심환승센터행,,30,13626,60,12,상행,삼일,328.8,2026-05-12
대송1,대각-송동-도심,대각행,도심환승센터행,,30,13626,60,13,상행,동부제강,521.5,2026-05-12
대송1,대각-송동-도심,대각행,도심환승센터행,,30,13626,60,14,상행,포스코건설,513.7,2026-05-12
대송1,대각-송동-도심,대각행,도심환승센터행,,30,13626,60,15,상행,포스코강판,452.9,2026-05-12
대송1,대각-송동-도심,대각행,도심환승센터행,,30,13626,60,16,상행,단지주유소,629,2026-05-12
대송1,대각-송동-도심,대각행,도심환승센터행,,30,13626,60,17,상행,현대제철,453.2,2026-05-12
대송1,대각-송동-도심,대각행,도심환승센터행,,30,13626,60,18,상행,형산로터리,995.1,2026-05-12
대송1,대각-송동-도심,대각행,도심환승센터행,,30,13626,60,19,상행,장애인생산품판매시설,184.7,2026-05-12
대송1,대각-송동-도심,대각행,도심환승센터행,,30,13626,60,20,상행,신흥맨션,504.9,2026-05-12
대송1,대각-송동-도심,대각행,도심환승센터행,,30,13626,60,21,상행,동보상가맨션,502.3,2026-05-12
대송1,대각-송동-도심,대각행,도심환승센터행,,30,13626,60,22,상행,동해시장,437.6,2026-05-12
대송1,대각-송동-도심,대각행,도심환승센터행,,30,13626,60,23,상행,해도신협,245.8,2026-05-12
대송1,대각-송동-도심,대각행,도심환승센터행,,30,13626,60,24,상행,운하치안센터,403.6,2026-05-12
대송1,대각-송동-도심,대각행,도심환승센터행,,30,13626,60,25,상행,죽도동민복지회관,445.3,2026-05-12
대송1,대각-송동-도심,대각행,도심환승센터행,,30,13626,60,26,상행,죽도시장,597.6,2026-05-12
대송1,대각-송동-도심,대각행,도심환승센터행,,30,13626,60,27,상행,육거리,413,2026-05-12
대송1,대각-송동-도심,대각행,도심환승센터행,,30,13626,60,28,상행,포항꿈트리센터,268.3,2026-05-12
대송1,대각-송동-도심,대각행,도심환승센터행,,30,13626,60,29,상행,도심환승센터,199.8,2026-05-12
대송1,대각-송동-도심,대각행,도심환승센터행,,30,13626,60,30,상행,도심환승센터,53.7,2026-05-12
대송1,도심-공단-대각-송동-도심,도심환승센터행,도심환승센터행,대각행,66,34820,60,1,상행,도심환승센터,0,2026-05-12
대송1,도심-공단-대각-송동-도심,도심환승센터행,도심환승센터행,대각행,66,34820,60,2,상행,포항꿈트리센터,258.1,2026-05-12
대송1,도심-공단-대각-송동-도심,도심환승센터행,도심환승센터행,대각행,66,34820,60,3,상행,중앙상가,452.8,2026-05-12
대송1,도심-공단-대각-송동-도심,도심환승센터행,도심환승센터행,대각행,66,34820,60,4,상행,죽도시장,426,2026-05-12
대송1,도심-공단-대각-송동-도심,도심환승센터행,도심환승센터행,대각행,66,34820,60,5,상행,죽도동민복지회관,390.5,2026-05-12
대송1,도심-공단-대각-송동-도심,도심환승센터행,도심환승센터행,대각행,66,34820,60,6,상행,운하치안센터,443.6,2026-05-12
대송1,도심-공단-대각-송동-도심,도심환승센터행,도심환승센터행,대각행,66,34820,60,7,상행,해도신협,384.9,2026-05-12
대송1,도심-공단-대각-송동-도심,도심환승센터행,도심환승센터행,대각행,66,34820,60,8,상행,동해시장,344.9,2026-05-12
대송1,도심-공단-대각-송동-도심,도심환승센터행,도심환승센터행,대각행,66,34820,60,9,상행,동보상가맨션,386.3,2026-05-12
대송1,도심-공단-대각-송동-도심,도심환승센터행,도심환승센터행,대각행,66,34820,60,10,상행,신흥맨션,494.2,2026-05-12
대송1,도심-공단-대각-송동-도심,도심환승센터행,도심환승센터행,대각행,66,34820,60,11,상행,장애인생산품판매시설,444.6,2026-05-12
대송1,도심-공단-대각-송동-도심,도심환승센터행,도심환승센터행,대각행,66,34820,60,12,상행,형산로타리,292,2026-05-12
대송1,도심-공단-대각-송동-도심,도심환승센터행,도심환승센터행,대각행,66,34820,60,13,상행,현대제철,976.3,2026-05-12
대송1,도심-공단-대각-송동-도심,도심환승센터행,도심환승센터행,대각행,66,34820,60,14,상행,단지주유소,480.6,2026-05-12
대송1,도심-공단-대각-송동-도심,도심환승센터행,도심환승센터행,대각행,66,34820,60,15,상행,포스코강판,509,2026-05-12
대송1,도심-공단-대각-송동-도심,도심환승센터행,도심환승센터행,대각행,66,34820,60,16,상행,포스코건설,575.9,2026-05-12
대송1,도심-공단-대각-송동-도심,도심환승센터행,도심환승센터행,대각행,66,34820,60,17,상행,동부제강,455.4,2026-05-12
대송1,도심-공단-대각-송동-도심,도심환승센터행,도심환승센터행,대각행,66,34820,60,18,상행,삼일,547.4,2026-05-12
대송1,도심-공단-대각-송동-도심,도심환승센터행,도심환승센터행,대각행,66,34820,60,19,상행,동국에스엔씨,259.8,2026-05-12
대송1,도심-공단-대각-송동-도심,도심환승센터행,도심환승센터행,대각행,66,34820,60,20,상행,대송파출소,299.2,2026-05-12
대송1,도심-공단-대각-송동-도심,도심환승센터행,도심환승센터행,대각행,66,34820,60,21,상행,대송초등학교,321.3,2026-05-12
대송1,도심-공단-대각-송동-도심,도심환승센터행,도심환승센터행,대각행,66,34820,60,22,상행,포항대송교회,322.5,2026-05-12
대송1,도심-공단-대각-송동-도심,도심환승센터행,도심환승센터행,대각행,66,34820,60,23,상행,송동리,1196.8,2026-05-12
대송1,도심-공단-대각-송동-도심,도심환승센터행,도심환승센터행,대각행,66,34820,60,24,상행,송동회차지,316.8,2026-05-12
대송1,도심-공단-대각-송동-도심,도심환승센터행,도심환승센터행,대각행,66,34820,60,25,상행,시노펙스,1061,2026-05-12
대송1,도심-공단-대각-송동-도심,도심환승센터행,도심환승센터행,대각행,66,34820,60,26,상행,태창철강,628.9,2026-05-12
대송1,도심-공단-대각-송동-도심,도심환승센터행,도심환승센터행,대각행,66,34820,60,27,상행,삼일물류터미널,437.2,2026-05-12
대송1,도심-공단-대각-송동-도심,도심환승센터행,도심환승센터행,대각행,66,34820,60,28,상행,에코시스템포항,732.4,2026-05-12
대송1,도심-공단-대각-송동-도심,도심환승센터행,도심환승센터행,대각행,66,34820,60,29,상행,제1근린공원,955.8,2026-05-12
대송1,도심-공단-대각-송동-도심,도심환승센터행,도심환승센터행,대각행,66,34820,60,30,상행,스틸플라워,857.5,2026-05-12
대송1,도심-공단-대각-송동-도심,도심환승센터행,도심환승센터행,대각행,66,34820,60,31,상행,삼정제강4공장,636,2026-05-12
대송1,도심-공단-대각-송동-도심,도심환승센터행,도심환승센터행,대각행,66,34820,60,32,상행,홍덕스틸코드,667.5,2026-05-12
대송1,도심-공단-대각-송동-도심,도심환승센터행,도심환승센터행,대각행,66,34820,60,33,상행,대각삼거리,2968.7,2026-05-12
대송1,도심-공단-대각-송동-도심,도심환승센터행,도심환승센터행,대각행,66,34820,60,34,상행,대각2리,614.7,2026-05-12
대송1,도심-공단-대각-송동-도심,도심환승센터행,도심환승센터행,대각행,66,34820,60,35,상행,대각2리마을회관,294.6,2026-05-12
대송1,도심-공단-대각-송동-도심,도심환승센터행,도심환승센터행,대각행,66,34820,60,36,상행,대각사,169.2,2026-05-12
대송1,도심-공단-대각-송동-도심,도심환승센터행,도심환승센터행,대각행,66,34820,60,37,하행,대각종점,663.3,2026-05-12
대송1,도심-공단-대각-송동-도심,도심환승센터행,도심환승센터행,대각행,66,34820,60,38,하행,대각사,433.9,2026-05-12
대송1,도심-공단-대각-송동-도심,도심환승센터행,도심환승센터행,대각행,66,34820,60,39,하행,대각2리마을회관,181.5,2026-05-12
대송1,도심-공단-대각-송동-도심,도심환승센터행,도심환승센터행,대각행,66,34820,60,40,하행,대각2리,286,2026-05-12
대송1,도심-공단-대각-송동-도심,도심환승센터행,도심환승센터행,대각행,66,34820,60,41,하행,대각삼거리,642.7,2026-05-12
대송1,도심-공단-대각-송동-도심,도심환승센터행,도심환승센터행,대각행,66,34820,60,42,하행,송동회차지,1422.9,2026-05-12
대송1,도심-공단-대각-송동-도심,도심환승센터행,도심환승센터행,대각행,66,34820,60,43,하행,송동리,339.7,2026-05-12
대송1,도심-공단-대각-송동-도심,도심환승센터행,도심환승센터행,대각행,66,34820,60,44,하행,포항대송교회,1255.6,2026-05-12
대송1,도심-공단-대각-송동-도심,도심환승센터행,도심환승센터행,대각행,66,34820,60,45,하행,대송초등학교,247.8,2026-05-12
대송1,도심-공단-대각-송동-도심,도심환승센터행,도심환승센터행,대각행,66,34820,60,46,하행,대송파출소,271.9,2026-05-12
대송1,도심-공단-대각-송동-도심,도심환승센터행,도심환승센터행,대각행,66,34820,60,47,하행,동국에스엔씨,260.5,2026-05-12
대송1,도심-공단-대각-송동-도심,도심환승센터행,도심환승센터행,대각행,66,34820,60,48,하행,삼일,328.8,2026-05-12
대송1,도심-공단-대각-송동-도심,도심환승센터행,도심환승센터행,대각행,66,34820,60,49,하행,동부제강,521.5,2026-05-12
대송1,도심-공단-대각-송동-도심,도심환승센터행,도심환승센터행,대각행,66,34820,60,50,하행,포스코건설,513.7,2026-05-12
대송1,도심-공단-대각-송동-도심,도심환승센터행,도심환승센터행,대각행,66,34820,60,51,하행,포스코강판,452.9,2026-05-12
대송1,도심-공단-대각-송동-도심,도심환승센터행,도심환승센터행,대각행,66,34820,60,52,하행,단지주유소,629,2026-05-12
대송1,도심-공단-대각-송동-도심,도심환승센터행,도심환승센터행,대각행,66,34820,60,53,하행,현대제철,453.2,2026-05-12
대송1,도심-공단-대각-송동-도심,도심환승센터행,도심환승센터행,대각행,66,34820,60,54,하행,형산로터리,995.1,2026-05-12
대송1,도심-공단-대각-송동-도심,도심환승센터행,도심환승센터행,대각행,66,34820,60,55,하행,장애인생산품판매시설,184.7,2026-05-12
대송1,도심-공단-대각-송동-도심,도심환승센터행,도심환승센터행,대각행,66,34820,60,56,하행,신흥맨션,504.9,2026-05-12
대송1,도심-공단-대각-송동-도심,도심환승센터행,도심환승센터행,대각행,66,34820,60,57,하행,동보상가맨션,502.3,2026-05-12
대송1,도심-공단-대각-송동-도심,도심환승센터행,도심환승센터행,대각행,66,34820,60,58,하행,동해시장,437.6,2026-05-12
대송1,도심-공단-대각-송동-도심,도심환승센터행,도심환승센터행,대각행,66,34820,60,59,하행,해도신협,245.8,2026-05-12
대송1,도심-공단-대각-송동-도심,도심환승센터행,도심환승센터행,대각행,66,34820,60,60,하행,운하치안센터,403.6,2026-05-12
대송1,도심-공단-대각-송동-도심,도심환승센터행,도심환승센터행,대각행,66,34820,60,61,하행,죽도동민복지회관,445.3,2026-05-12
대송1,도심-공단-대각-송동-도심,도심환승센터행,도심환승센터행,대각행,66,34820,60,62,하행,죽도시장,597.6,2026-05-12
대송1,도심-공단-대각-송동-도심,도심환승센터행,도심환승센터행,대각행,66,34820,60,63,하행,육거리,413,2026-05-12
대송1,도심-공단-대각-송동-도심,도심환승센터행,도심환승센터행,대각행,66,34820,60,64,하행,포항꿈트리센터,268.3,2026-05-12
대송1,도심-공단-대각-송동-도심,도심환승센터행,도심환승센터행,대각행,66,34820,60,65,하행,도심환승센터,199.8,2026-05-12
대송1,도심-공단-대각-송동-도심,도심환승센터행,도심환승센터행,대각행,66,34820,60,66,하행,도심환승센터,53.7,2026-05-12
대송1,도심-공단-송동-도심,도심환승센터행,도심환승센터행,제1근린공원행,57,29173,60,1,상행,도심환승센터,0,2026-05-12
대송1,도심-공단-송동-도심,도심환승센터행,도심환승센터행,제1근린공원행,57,29173,60,2,상행,포항꿈트리센터,258.1,2026-05-12
대송1,도심-공단-송동-도심,도심환승센터행,도심환승센터행,제1근린공원행,57,29173,60,3,상행,중앙상가,452.8,2026-05-12
대송1,도심-공단-송동-도심,도심환승센터행,도심환승센터행,제1근린공원행,57,29173,60,4,상행,죽도시장,426,2026-05-12
대송1,도심-공단-송동-도심,도심환승센터행,도심환승센터행,제1근린공원행,57,29173,60,5,상행,죽도동민복지회관,390.5,2026-05-12
대송1,도심-공단-송동-도심,도심환승센터행,도심환승센터행,제1근린공원행,57,29173,60,6,상행,운하치안센터,443.6,2026-05-12
대송1,도심-공단-송동-도심,도심환승센터행,도심환승센터행,제1근린공원행,57,29173,60,7,상행,해도신협,384.9,2026-05-12
대송1,도심-공단-송동-도심,도심환승센터행,도심환승센터행,제1근린공원행,57,29173,60,8,상행,동해시장,344.9,2026-05-12
대송1,도심-공단-송동-도심,도심환승센터행,도심환승센터행,제1근린공원행,57,29173,60,9,상행,동보상가맨션,386.3,2026-05-12
대송1,도심-공단-송동-도심,도심환승센터행,도심환승센터행,제1근린공원행,57,29173,60,10,상행,신흥맨션,494.2,2026-05-12
대송1,도심-공단-송동-도심,도심환승센터행,도심환승센터행,제1근린공원행,57,29173,60,11,상행,장애인생산품판매시설,444.6,2026-05-12
대송1,도심-공단-송동-도심,도심환승센터행,도심환승센터행,제1근린공원행,57,29173,60,12,상행,형산로타리,292,2026-05-12
대송1,도심-공단-송동-도심,도심환승센터행,도심환승센터행,제1근린공원행,57,29173,60,13,상행,현대제철,976.3,2026-05-12
대송1,도심-공단-송동-도심,도심환승센터행,도심환승센터행,제1근린공원행,57,29173,60,14,상행,단지주유소,480.6,2026-05-12
대송1,도심-공단-송동-도심,도심환승센터행,도심환승센터행,제1근린공원행,57,29173,60,15,상행,포스코강판,509,2026-05-12
대송1,도심-공단-송동-도심,도심환승센터행,도심환승센터행,제1근린공원행,57,29173,60,16,상행,포스코건설,575.9,2026-05-12
대송1,도심-공단-송동-도심,도심환승센터행,도심환승센터행,제1근린공원행,57,29173,60,17,상행,동부제강,455.4,2026-05-12
대송1,도심-공단-송동-도심,도심환승센터행,도심환승센터행,제1근린공원행,57,29173,60,18,상행,삼일,547.4,2026-05-12
대송1,도심-공단-송동-도심,도심환승센터행,도심환승센터행,제1근린공원행,57,29173,60,19,상행,동국에스엔씨,259.8,2026-05-12
대송1,도심-공단-송동-도심,도심환승센터행,도심환승센터행,제1근린공원행,57,29173,60,20,상행,대송파출소,299.2,2026-05-12
대송1,도심-공단-송동-도심,도심환승센터행,도심환승센터행,제1근린공원행,57,29173,60,21,상행,대송초등학교,321.3,2026-05-12
대송1,도심-공단-송동-도심,도심환승센터행,도심환승센터행,제1근린공원행,57,29173,60,22,상행,포항대송교회,322.5,2026-05-12
대송1,도심-공단-송동-도심,도심환승센터행,도심환승센터행,제1근린공원행,57,29173,60,23,상행,송동리,1196.8,2026-05-12
대송1,도심-공단-송동-도심,도심환승센터행,도심환승센터행,제1근린공원행,57,29173,60,24,상행,송동회차지,316.8,2026-05-12
대송1,도심-공단-송동-도심,도심환승센터행,도심환승센터행,제1근린공원행,57,29173,60,25,상행,시노펙스,1061,2026-05-12
대송1,도심-공단-송동-도심,도심환승센터행,도심환승센터행,제1근린공원행,57,29173,60,26,상행,태창철강,628.9,2026-05-12
대송1,도심-공단-송동-도심,도심환승센터행,도심환승센터행,제1근린공원행,57,29173,60,27,상행,삼일물류터미널,437.2,2026-05-12
대송1,도심-공단-송동-도심,도심환승센터행,도심환승센터행,제1근린공원행,57,29173,60,28,상행,에코시스템포항,732.4,2026-05-12
대송1,도심-공단-송동-도심,도심환승센터행,도심환승센터행,제1근린공원행,57,29173,60,29,하행,제1근린공원,955.8,2026-05-12
대송1,도심-공단-송동-도심,도심환승센터행,도심환승센터행,제1근린공원행,57,29173,60,30,하행,스틸플라워,857.5,2026-05-12
대송1,도심-공단-송동-도심,도심환승센터행,도심환승센터행,제1근린공원행,57,29173,60,31,하행,삼정제강4공장,636,2026-05-12
대송1,도심-공단-송동-도심,도심환승센터행,도심환승센터행,제1근린공원행,57,29173,60,32,하행,홍덕스틸코드,667.5,2026-05-12
대송1,도심-공단-송동-도심,도심환승센터행,도심환승센터행,제1근린공원행,57,29173,60,33,하행,송동회차지,2030.5,2026-05-12
대송1,도심-공단-송동-도심,도심환승센터행,도심환승센터행,제1근린공원행,57,29173,60,34,하행,송동리,339.7,2026-05-12
대송1,도심-공단-송동-도심,도심환승센터행,도심환승센터행,제1근린공원행,57,29173,60,35,하행,포항대송교회,1255.6,2026-05-12
대송1,도심-공단-송동-도심,도심환승센터행,도심환승센터행,제1근린공원행,57,29173,60,36,하행,대송초등학교,247.8,2026-05-12
대송1,도심-공단-송동-도심,도심환승센터행,도심환승센터행,제1근린공원행,57,29173,60,37,하행,대송파출소,271.9,2026-05-12
대송1,도심-공단-송동-도심,도심환승센터행,도심환승센터행,제1근린공원행,57,29173,60,38,하행,동국에스엔씨,260.5,2026-05-12
대송1,도심-공단-송동-도심,도심환승센터행,도심환승센터행,제1근린공원행,57,29173,60,39,하행,삼일,328.8,2026-05-12
대송1,도심-공단-송동-도심,도심환승센터행,도심환승센터행,제1근린공원행,57,29173,60,40,하행,동부제강,521.5,2026-05-12
대송1,도심-공단-송동-도심,도심환승센터행,도심환승센터행,제1근린공원행,57,29173,60,41,하행,포스코건설,513.7,2026-05-12
대송1,도심-공단-송동-도심,도심환승센터행,도심환승센터행,제1근린공원행,57,29173,60,42,하행,포스코강판,452.9,2026-05-12
대송1,도심-공단-송동-도심,도심환승센터행,도심환승센터행,제1근린공원행,57,29173,60,43,하행,단지주유소,629,2026-05-12
대송1,도심-공단-송동-도심,도심환승센터행,도심환승센터행,제1근린공원행,57,29173,60,44,하행,현대제철,453.2,2026-05-12
대송1,도심-공단-송동-도심,도심환승센터행,도심환승센터행,제1근린공원행,57,29173,60,45,하행,형산로터리,995.1,2026-05-12
대송1,도심-공단-송동-도심,도심환승센터행,도심환승센터행,제1근린공원행,57,29173,60,46,하행,장애인생산품판매시설,184.7,2026-05-12
대송1,도심-공단-송동-도심,도심환승센터행,도심환승센터행,제1근린공원행,57,29173,60,47,하행,신흥맨션,504.9,2026-05-12
대송1,도심-공단-송동-도심,도심환승센터행,도심환승센터행,제1근린공원행,57,29173,60,48,하행,동보상가맨션,502.3,2026-05-12
대송1,도심-공단-송동-도심,도심환승센터행,도심환승센터행,제1근린공원행,57,29173,60,49,하행,동해시장,437.6,2026-05-12
대송1,도심-공단-송동-도심,도심환승센터행,도심환승센터행,제1근린공원행,57,29173,60,50,하행,해도신협,245.8,2026-05-12
대송1,도심-공단-송동-도심,도심환승센터행,도심환승센터행,제1근린공원행,57,29173,60,51,하행,운하치안센터,403.6,2026-05-12
대송1,도심-공단-송동-도심,도심환승센터행,도심환승센터행,제1근린공원행,57,29173,60,52,하행,죽도동민복지회관,445.3,2026-05-12
대송1,도심-공단-송동-도심,도심환승센터행,도심환승센터행,제1근린공원행,57,29173,60,53,하행,죽도시장,597.6,2026-05-12
대송1,도심-공단-송동-도심,도심환승센터행,도심환승센터행,제1근린공원행,57,29173,60,54,하행,육거리,413,2026-05-12
대송1,도심-공단-송동-도심,도심환승센터행,도심환승센터행,제1근린공원행,57,29173,60,55,하행,포항꿈트리센터,268.3,2026-05-12
대송1,도심-공단-송동-도심,도심환승센터행,도심환승센터행,제1근린공원행,57,29173,60,56,하행,도심환승센터,199.8,2026-05-12
대송1,도심-공단-송동-도심,도심환승센터행,도심환승센터행,제1근린공원행,57,29173,60,57,하행,도심환승센터,53.7,2026-05-12
대송1,도심-남성-우복-홍계-송동-도심,도심환승센터행,도심환승센터행,홍계회차지행,72,35088,60,1,상행,도심환승센터,0,2026-05-12
대송1,도심-남성-우복-홍계-송동-도심,도심환승센터행,도심환승센터행,홍계회차지행,72,35088,60,2,상행,포항꿈트리센터,258.1,2026-05-12
대송1,도심-남성-우복-홍계-송동-도심,도심환승센터행,도심환승센터행,홍계회차지행,72,35088,60,3,상행,중앙상가,452.8,2026-05-12
대송1,도심-남성-우복-홍계-송동-도심,도심환승센터행,도심환승센터행,홍계회차지행,72,35088,60,4,상행,죽도시장,426,2026-05-12
대송1,도심-남성-우복-홍계-송동-도심,도심환승센터행,도심환승센터행,홍계회차지행,72,35088,60,5,상행,죽도동민복지회관,390.5,2026-05-12
대송1,도심-남성-우복-홍계-송동-도심,도심환승센터행,도심환승센터행,홍계회차지행,72,35088,60,6,상행,운하치안센터,443.6,2026-05-12
대송1,도심-남성-우복-홍계-송동-도심,도심환승센터행,도심환승센터행,홍계회차지행,72,35088,60,7,상행,해도신협,384.9,2026-05-12
대송1,도심-남성-우복-홍계-송동-도심,도심환승센터행,도심환승센터행,홍계회차지행,72,35088,60,8,상행,동해시장,344.9,2026-05-12
대송1,도심-남성-우복-홍계-송동-도심,도심환승센터행,도심환승센터행,홍계회차지행,72,35088,60,9,상행,동보상가맨션,386.3,2026-05-12
대송1,도심-남성-우복-홍계-송동-도심,도심환승센터행,도심환승센터행,홍계회차지행,72,35088,60,10,상행,신흥맨션,494.2,2026-05-12
대송1,도심-남성-우복-홍계-송동-도심,도심환승센터행,도심환승센터행,홍계회차지행,72,35088,60,11,상행,장애인생산품판매시설,444.6,2026-05-12
대송1,도심-남성-우복-홍계-송동-도심,도심환승센터행,도심환승센터행,홍계회차지행,72,35088,60,12,상행,형산로타리,292,2026-05-12
대송1,도심-남성-우복-홍계-송동-도심,도심환승센터행,도심환승센터행,홍계회차지행,72,35088,60,13,상행,현대제철,976.3,2026-05-12
대송1,도심-남성-우복-홍계-송동-도심,도심환승센터행,도심환승센터행,홍계회차지행,72,35088,60,14,상행,단지주유소,480.6,2026-05-12
대송1,도심-남성-우복-홍계-송동-도심,도심환승센터행,도심환승센터행,홍계회차지행,72,35088,60,15,상행,포스코강판,509,2026-05-12
대송1,도심-남성-우복-홍계-송동-도심,도심환승센터행,도심환승센터행,홍계회차지행,72,35088,60,16,상행,포스코건설,575.9,2026-05-12
대송1,도심-남성-우복-홍계-송동-도심,도심환승센터행,도심환승센터행,홍계회차지행,72,35088,60,17,상행,동부제강,455.4,2026-05-12
대송1,도심-남성-우복-홍계-송동-도심,도심환승센터행,도심환승센터행,홍계회차지행,72,35088,60,18,상행,삼일,547.4,2026-05-12
대송1,도심-남성-우복-홍계-송동-도심,도심환승센터행,도심환승센터행,홍계회차지행,72,35088,60,19,상행,동국에스엔씨,259.8,2026-05-12
대송1,도심-남성-우복-홍계-송동-도심,도심환승센터행,도심환승센터행,홍계회차지행,72,35088,60,20,상행,대송파출소,299.2,2026-05-12
대송1,도심-남성-우복-홍계-송동-도심,도심환승센터행,도심환승센터행,홍계회차지행,72,35088,60,21,상행,대송초등학교,321.3,2026-05-12
대송1,도심-남성-우복-홍계-송동-도심,도심환승센터행,도심환승센터행,홍계회차지행,72,35088,60,22,상행,포항대송교회,322.5,2026-05-12
대송1,도심-남성-우복-홍계-송동-도심,도심환승센터행,도심환승센터행,홍계회차지행,72,35088,60,23,상행,송동리,1196.8,2026-05-12
대송1,도심-남성-우복-홍계-송동-도심,도심환승센터행,도심환승센터행,홍계회차지행,72,35088,60,24,상행,송동회차지,366.9,2026-05-12
대송1,도심-남성-우복-홍계-송동-도심,도심환승센터행,도심환승센터행,홍계회차지행,72,35088,60,25,상행,대송면사무소,486.9,2026-05-12
대송1,도심-남성-우복-홍계-송동-도심,도심환승센터행,도심환승센터행,홍계회차지행,72,35088,60,26,상행,공수리,385,2026-05-12
대송1,도심-남성-우복-홍계-송동-도심,도심환승센터행,도심환승센터행,홍계회차지행,72,35088,60,27,상행,남성1리마을회관,1202.8,2026-05-12
대송1,도심-남성-우복-홍계-송동-도심,도심환승센터행,도심환승센터행,홍계회차지행,72,35088,60,28,상행,남성리,547.4,2026-05-12
대송1,도심-남성-우복-홍계-송동-도심,도심환승센터행,도심환승센터행,홍계회차지행,72,35088,60,29,상행,옹산저수지,783.7,2026-05-12
대송1,도심-남성-우복-홍계-송동-도심,도심환승센터행,도심환승센터행,홍계회차지행,72,35088,60,30,상행,월포운수,331.7,2026-05-12
대송1,도심-남성-우복-홍계-송동-도심,도심환승센터행,도심환승센터행,홍계회차지행,72,35088,60,31,상행,우복리마을,618.8,2026-05-12
대송1,도심-남성-우복-홍계-송동-도심,도심환승센터행,도심환승센터행,홍계회차지행,72,35088,60,32,상행,월포운수,591.6,2026-05-12
대송1,도심-남성-우복-홍계-송동-도심,도심환승센터행,도심환승센터행,홍계회차지행,72,35088,60,33,상행,옹산저수지,330.7,2026-05-12
대송1,도심-남성-우복-홍계-송동-도심,도심환승센터행,도심환승센터행,홍계회차지행,72,35088,60,34,상행,공수리 마을회관,1250.2,2026-05-12
대송1,도심-남성-우복-홍계-송동-도심,도심환승센터행,도심환승센터행,홍계회차지행,72,35088,60,35,상행,장동1리,404.7,2026-05-12
대송1,도심-남성-우복-홍계-송동-도심,도심환승센터행,도심환승센터행,홍계회차지행,72,35088,60,36,상행,장동2리,353.8,2026-05-12
대송1,도심-남성-우복-홍계-송동-도심,도심환승센터행,도심환승센터행,홍계회차지행,72,35088,60,37,상행,장동3리,383.9,2026-05-12
대송1,도심-남성-우복-홍계-송동-도심,도심환승센터행,도심환승센터행,홍계회차지행,72,35088,60,38,상행,홍계리,1022.1,2026-05-12
대송1,도심-남성-우복-홍계-송동-도심,도심환승센터행,도심환승센터행,홍계회차지행,72,35088,60,39,하행,홍계회차지,792.5,2026-05-12
대송1,도심-남성-우복-홍계-송동-도심,도심환승센터행,도심환승센터행,홍계회차지행,72,35088,60,40,하행,홍계종점,345.7,2026-05-12
대송1,도심-남성-우복-홍계-송동-도심,도심환승센터행,도심환승센터행,홍계회차지행,72,35088,60,41,하행,홍계리,466,2026-05-12
대송1,도심-남성-우복-홍계-송동-도심,도심환승센터행,도심환승센터행,홍계회차지행,72,35088,60,42,하행,장동3리,1041,2026-05-12
대송1,도심-남성-우복-홍계-송동-도심,도심환승센터행,도심환승센터행,홍계회차지행,72,35088,60,43,하행,장동2리,372.2,2026-05-12
대송1,도심-남성-우복-홍계-송동-도심,도심환승센터행,도심환승센터행,홍계회차지행,72,35088,60,44,하행,장동1리,354.9,2026-05-12
대송1,도심-남성-우복-홍계-송동-도심,도심환승센터행,도심환승센터행,홍계회차지행,72,35088,60,45,하행,공수리 마을회관,412.6,2026-05-12
대송1,도심-남성-우복-홍계-송동-도심,도심환승센터행,도심환승센터행,홍계회차지행,72,35088,60,46,하행,공수리,469.8,2026-05-12
대송1,도심-남성-우복-홍계-송동-도심,도심환승센터행,도심환승센터행,홍계회차지행,72,35088,60,47,하행,대송면사무소,384.6,2026-05-12
대송1,도심-남성-우복-홍계-송동-도심,도심환승센터행,도심환승센터행,홍계회차지행,72,35088,60,48,하행,송동회차지,539.4,2026-05-12
대송1,도심-남성-우복-홍계-송동-도심,도심환승센터행,도심환승센터행,홍계회차지행,72,35088,60,49,하행,송동리,339.7,2026-05-12
대송1,도심-남성-우복-홍계-송동-도심,도심환승센터행,도심환승센터행,홍계회차지행,72,35088,60,50,하행,포항대송교회,1255.6,2026-05-12
대송1,도심-남성-우복-홍계-송동-도심,도심환승센터행,도심환승센터행,홍계회차지행,72,35088,60,51,하행,대송초등학교,247.8,2026-05-12
대송1,도심-남성-우복-홍계-송동-도심,도심환승센터행,도심환승센터행,홍계회차지행,72,35088,60,52,하행,대송파출소,271.9,2026-05-12
대송1,도심-남성-우복-홍계-송동-도심,도심환승센터행,도심환승센터행,홍계회차지행,72,35088,60,53,하행,동국에스엔씨,260.5,2026-05-12
대송1,도심-남성-우복-홍계-송동-도심,도심환승센터행,도심환승센터행,홍계회차지행,72,35088,60,54,하행,삼일,328.8,2026-05-12
대송1,도심-남성-우복-홍계-송동-도심,도심환승센터행,도심환승센터행,홍계회차지행,72,35088,60,55,하행,동부제강,521.5,2026-05-12
대송1,도심-남성-우복-홍계-송동-도심,도심환승센터행,도심환승센터행,홍계회차지행,72,35088,60,56,하행,포스코건설,513.7,2026-05-12
대송1,도심-남성-우복-홍계-송동-도심,도심환승센터행,도심환승센터행,홍계회차지행,72,35088,60,57,하행,포스코강판,452.9,2026-05-12
대송1,도심-남성-우복-홍계-송동-도심,도심환승센터행,도심환승센터행,홍계회차지행,72,35088,60,58,하행,단지주유소,629,2026-05-12
대송1,도심-남성-우복-홍계-송동-도심,도심환승센터행,도심환승센터행,홍계회차지행,72,35088,60,59,하행,현대제철,453.2,2026-05-12
대송1,도심-남성-우복-홍계-송동-도심,도심환승센터행,도심환승센터행,홍계회차지행,72,35088,60,60,하행,형산로터리,995.1,2026-05-12
대송1,도심-남성-우복-홍계-송동-도심,도심환승센터행,도심환승센터행,홍계회차지행,72,35088,60,61,하행,장애인생산품판매시설,184.7,2026-05-12
대송1,도심-남성-우복-홍계-송동-도심,도심환승센터행,도심환승센터행,홍계회차지행,72,35088,60,62,하행,신흥맨션,504.9,2026-05-12
대송1,도심-남성-우복-홍계-송동-도심,도심환승센터행,도심환승센터행,홍계회차지행,72,35088,60,63,하행,동보상가맨션,502.3,2026-05-12
대송1,도심-남성-우복-홍계-송동-도심,도심환승센터행,도심환승센터행,홍계회차지행,72,35088,60,64,하행,동해시장,437.6,2026-05-12
대송1,도심-남성-우복-홍계-송동-도심,도심환승센터행,도심환승센터행,홍계회차지행,72,35088,60,65,하행,해도신협,245.8,2026-05-12
대송1,도심-남성-우복-홍계-송동-도심,도심환승센터행,도심환승센터행,홍계회차지행,72,35088,60,66,하행,운하치안센터,403.6,2026-05-12
대송1,도심-남성-우복-홍계-송동-도심,도심환승센터행,도심환승센터행,홍계회차지행,72,35088,60,67,하행,죽도동민복지회관,445.3,2026-05-12
대송1,도심-남성-우복-홍계-송동-도심,도심환승센터행,도심환승센터행,홍계회차지행,72,35088,60,68,하행,죽도시장,597.6,2026-05-12
대송1,도심-남성-우복-홍계-송동-도심,도심환승센터행,도심환승센터행,홍계회차지행,72,35088,60,69,하행,육거리,413,2026-05-12
대송1,도심-남성-우복-홍계-송동-도심,도심환승센터행,도심환승센터행,홍계회차지행,72,35088,60,70,하행,포항꿈트리센터,268.3,2026-05-12
대송1,도심-남성-우복-홍계-송동-도심,도심환승센터행,도심환승센터행,홍계회차지행,72,35088,60,71,하행,도심환승센터,199.8,2026-05-12
대송1,도심-남성-우복-홍계-송동-도심,도심환승센터행,도심환승센터행,홍계회차지행,72,35088,60,72,하행,도심환승센터,53.7,2026-05-12
대송1,도심-대각1-공단-송동-도심,도심환승센터행,도심환승센터행,대각행,68,36980,60,1,상행,도심환승센터,0,2026-05-12
대송1,도심-대각1-공단-송동-도심,도심환승센터행,도심환승센터행,대각행,68,36980,60,2,상행,포항꿈트리센터,258.1,2026-05-12
대송1,도심-대각1-공단-송동-도심,도심환승센터행,도심환승센터행,대각행,68,36980,60,3,상행,중앙상가,452.8,2026-05-12
대송1,도심-대각1-공단-송동-도심,도심환승센터행,도심환승센터행,대각행,68,36980,60,4,상행,죽도시장,426,2026-05-12
대송1,도심-대각1-공단-송동-도심,도심환승센터행,도심환승센터행,대각행,68,36980,60,5,상행,죽도동민복지회관,390.5,2026-05-12
대송1,도심-대각1-공단-송동-도심,도심환승센터행,도심환승센터행,대각행,68,36980,60,6,상행,운하치안센터,443.6,2026-05-12
대송1,도심-대각1-공단-송동-도심,도심환승센터행,도심환승센터행,대각행,68,36980,60,7,상행,해도신협,384.9,2026-05-12
대송1,도심-대각1-공단-송동-도심,도심환승센터행,도심환승센터행,대각행,68,36980,60,8,상행,동해시장,344.9,2026-05-12
대송1,도심-대각1-공단-송동-도심,도심환승센터행,도심환승센터행,대각행,68,36980,60,9,상행,동보상가맨션,386.3,2026-05-12
대송1,도심-대각1-공단-송동-도심,도심환승센터행,도심환승센터행,대각행,68,36980,60,10,상행,신흥맨션,494.2,2026-05-12
대송1,도심-대각1-공단-송동-도심,도심환승센터행,도심환승센터행,대각행,68,36980,60,11,상행,장애인생산품판매시설,444.6,2026-05-12
대송1,도심-대각1-공단-송동-도심,도심환승센터행,도심환승센터행,대각행,68,36980,60,12,상행,형산로타리,292,2026-05-12
대송1,도심-대각1-공단-송동-도심,도심환승센터행,도심환승센터행,대각행,68,36980,60,13,상행,현대제철,976.3,2026-05-12
대송1,도심-대각1-공단-송동-도심,도심환승센터행,도심환승센터행,대각행,68,36980,60,14,상행,단지주유소,480.6,2026-05-12
대송1,도심-대각1-공단-송동-도심,도심환승센터행,도심환승센터행,대각행,68,36980,60,15,상행,포스코강판,509,2026-05-12
대송1,도심-대각1-공단-송동-도심,도심환승센터행,도심환승센터행,대각행,68,36980,60,16,상행,포스코건설,575.9,2026-05-12
대송1,도심-대각1-공단-송동-도심,도심환승센터행,도심환승센터행,대각행,68,36980,60,17,상행,동부제강,455.4,2026-05-12
대송1,도심-대각1-공단-송동-도심,도심환승센터행,도심환승센터행,대각행,68,36980,60,18,상행,삼일,547.4,2026-05-12
대송1,도심-대각1-공단-송동-도심,도심환승센터행,도심환승센터행,대각행,68,36980,60,19,상행,동국에스엔씨,259.8,2026-05-12
대송1,도심-대각1-공단-송동-도심,도심환승센터행,도심환승센터행,대각행,68,36980,60,20,상행,대송파출소,299.2,2026-05-12
대송1,도심-대각1-공단-송동-도심,도심환승센터행,도심환승센터행,대각행,68,36980,60,21,상행,대송초등학교,321.3,2026-05-12
대송1,도심-대각1-공단-송동-도심,도심환승센터행,도심환승센터행,대각행,68,36980,60,22,상행,포항대송교회,322.5,2026-05-12
대송1,도심-대각1-공단-송동-도심,도심환승센터행,도심환승센터행,대각행,68,36980,60,23,상행,송동리,1196.8,2026-05-12
대송1,도심-대각1-공단-송동-도심,도심환승센터행,도심환승센터행,대각행,68,36980,60,24,상행,송동회차지,316.8,2026-05-12
대송1,도심-대각1-공단-송동-도심,도심환승센터행,도심환승센터행,대각행,68,36980,60,25,상행,대각1리,1762.8,2026-05-12
대송1,도심-대각1-공단-송동-도심,도심환승센터행,도심환승센터행,대각행,68,36980,60,26,상행,운제산,970.6,2026-05-12
대송1,도심-대각1-공단-송동-도심,도심환승센터행,도심환승센터행,대각행,68,36980,60,27,상행,대각삼거리,872.1,2026-05-12
대송1,도심-대각1-공단-송동-도심,도심환승센터행,도심환승센터행,대각행,68,36980,60,28,상행,대각2리,614.7,2026-05-12
대송1,도심-대각1-공단-송동-도심,도심환승센터행,도심환승센터행,대각행,68,36980,60,29,상행,대각2리마을회관,294.6,2026-05-12
대송1,도심-대각1-공단-송동-도심,도심환승센터행,도심환승센터행,대각행,68,36980,60,30,상행,대각사,169.2,2026-05-12
대송1,도심-대각1-공단-송동-도심,도심환승센터행,도심환승센터행,대각행,68,36980,60,31,하행,대각종점,663.3,2026-05-12
대송1,도심-대각1-공단-송동-도심,도심환승센터행,도심환승센터행,대각행,68,36980,60,32,하행,대각사,433.9,2026-05-12
대송1,도심-대각1-공단-송동-도심,도심환승센터행,도심환승센터행,대각행,68,36980,60,33,하행,대각2리마을회관,181.5,2026-05-12
대송1,도심-대각1-공단-송동-도심,도심환승센터행,도심환승센터행,대각행,68,36980,60,34,하행,대각2리,286,2026-05-12
대송1,도심-대각1-공단-송동-도심,도심환승센터행,도심환승센터행,대각행,68,36980,60,35,하행,대각삼거리,642.7,2026-05-12
대송1,도심-대각1-공단-송동-도심,도심환승센터행,도심환승센터행,대각행,68,36980,60,36,하행,시노펙스,1977,2026-05-12
대송1,도심-대각1-공단-송동-도심,도심환승센터행,도심환승센터행,대각행,68,36980,60,37,하행,태창철강,628.9,2026-05-12
대송1,도심-대각1-공단-송동-도심,도심환승센터행,도심환승센터행,대각행,68,36980,60,38,하행,삼일물류터미널,437.2,2026-05-12
대송1,도심-대각1-공단-송동-도심,도심환승센터행,도심환승센터행,대각행,68,36980,60,39,하행,에코시스템포항,732.4,2026-05-12
대송1,도심-대각1-공단-송동-도심,도심환승센터행,도심환승센터행,대각행,68,36980,60,40,하행,제1근린공원,955.8,2026-05-12
대송1,도심-대각1-공단-송동-도심,도심환승센터행,도심환승센터행,대각행,68,36980,60,41,하행,스틸플라워,857.5,2026-05-12
대송1,도심-대각1-공단-송동-도심,도심환승센터행,도심환승센터행,대각행,68,36980,60,42,하행,삼정제강4공장,636,2026-05-12
대송1,도심-대각1-공단-송동-도심,도심환승센터행,도심환승센터행,대각행,68,36980,60,43,하행,홍덕스틸코드,667.5,2026-05-12
대송1,도심-대각1-공단-송동-도심,도심환승센터행,도심환승센터행,대각행,68,36980,60,44,하행,송동회차지,2030.5,2026-05-12
대송1,도심-대각1-공단-송동-도심,도심환승센터행,도심환승센터행,대각행,68,36980,60,45,하행,송동리,339.7,2026-05-12
대송1,도심-대각1-공단-송동-도심,도심환승센터행,도심환승센터행,대각행,68,36980,60,46,하행,포항대송교회,1255.6,2026-05-12
대송1,도심-대각1-공단-송동-도심,도심환승센터행,도심환승센터행,대각행,68,36980,60,47,하행,대송초등학교,247.8,2026-05-12
대송1,도심-대각1-공단-송동-도심,도심환승센터행,도심환승센터행,대각행,68,36980,60,48,하행,대송파출소,271.9,2026-05-12
대송1,도심-대각1-공단-송동-도심,도심환승센터행,도심환승센터행,대각행,68,36980,60,49,하행,동국에스엔씨,260.5,2026-05-12
대송1,도심-대각1-공단-송동-도심,도심환승센터행,도심환승센터행,대각행,68,36980,60,50,하행,삼일,328.8,2026-05-12
대송1,도심-대각1-공단-송동-도심,도심환승센터행,도심환승센터행,대각행,68,36980,60,51,하행,동부제강,521.5,2026-05-12
대송1,도심-대각1-공단-송동-도심,도심환승센터행,도심환승센터행,대각행,68,36980,60,52,하행,포스코건설,513.7,2026-05-12
대송1,도심-대각1-공단-송동-도심,도심환승센터행,도심환승센터행,대각행,68,36980,60,53,하행,포스코강판,452.9,2026-05-12
대송1,도심-대각1-공단-송동-도심,도심환승센터행,도심환승센터행,대각행,68,36980,60,54,하행,단지주유소,629,2026-05-12
대송1,도심-대각1-공단-송동-도심,도심환승센터행,도심환승센터행,대각행,68,36980,60,55,하행,현대제철,453.2,2026-05-12
대송1,도심-대각1-공단-송동-도심,도심환승센터행,도심환승센터행,대각행,68,36980,60,56,하행,형산로터리,995.1,2026-05-12
대송1,도심-대각1-공단-송동-도심,도심환승센터행,도심환승센터행,대각행,68,36980,60,57,하행,장애인생산품판매시설,184.7,2026-05-12
대송1,도심-대각1-공단-송동-도심,도심환승센터행,도심환승센터행,대각행,68,36980,60,58,하행,신흥맨션,504.9,2026-05-12
대송1,도심-대각1-공단-송동-도심,도심환승센터행,도심환승센터행,대각행,68,36980,60,59,하행,동보상가맨션,502.3,2026-05-12
대송1,도심-대각1-공단-송동-도심,도심환승센터행,도심환승센터행,대각행,68,36980,60,60,하행,동해시장,437.6,2026-05-12
대송1,도심-대각1-공단-송동-도심,도심환승센터행,도심환승센터행,대각행,68,36980,60,61,하행,해도신협,245.8,2026-05-12
대송1,도심-대각1-공단-송동-도심,도심환승센터행,도심환승센터행,대각행,68,36980,60,62,하행,운하치안센터,403.6,2026-05-12
대송1,도심-대각1-공단-송동-도심,도심환승센터행,도심환승센터행,대각행,68,36980,60,63,하행,죽도동민복지회관,445.3,2026-05-12
대송1,도심-대각1-공단-송동-도심,도심환승센터행,도심환승센터행,대각행,68,36980,60,64,하행,죽도시장,597.6,2026-05-12
대송1,도심-대각1-공단-송동-도심,도심환승센터행,도심환승센터행,대각행,68,36980,60,65,하행,육거리,413,2026-05-12
대송1,도심-대각1-공단-송동-도심,도심환승센터행,도심환승센터행,대각행,68,36980,60,66,하행,포항꿈트리센터,268.3,2026-05-12
대송1,도심-대각1-공단-송동-도심,도심환승센터행,도심환승센터행,대각행,68,36980,60,67,하행,도심환승센터,199.8,2026-05-12
대송1,도심-대각1-공단-송동-도심,도심환승센터행,도심환승센터행,대각행,68,36980,60,68,하행,도심환승센터,53.7,2026-05-12
대송1,도심-대각1-송동-도심,도심환승센터행,송동행,대각행,60,29480,60,1,상행,도심환승센터,0,2026-05-12
대송1,도심-대각1-송동-도심,도심환승센터행,송동행,대각행,60,29480,60,2,상행,포항꿈트리센터,258.1,2026-05-12
대송1,도심-대각1-송동-도심,도심환승센터행,송동행,대각행,60,29480,60,3,상행,중앙상가,452.8,2026-05-12
대송1,도심-대각1-송동-도심,도심환승센터행,송동행,대각행,60,29480,60,4,상행,죽도시장,426,2026-05-12
대송1,도심-대각1-송동-도심,도심환승센터행,송동행,대각행,60,29480,60,5,상행,죽도동민복지회관,390.5,2026-05-12
대송1,도심-대각1-송동-도심,도심환승센터행,송동행,대각행,60,29480,60,6,상행,운하치안센터,443.6,2026-05-12
대송1,도심-대각1-송동-도심,도심환승센터행,송동행,대각행,60,29480,60,7,상행,해도신협,384.9,2026-05-12
대송1,도심-대각1-송동-도심,도심환승센터행,송동행,대각행,60,29480,60,8,상행,동해시장,344.9,2026-05-12
대송1,도심-대각1-송동-도심,도심환승센터행,송동행,대각행,60,29480,60,9,상행,동보상가맨션,386.3,2026-05-12
대송1,도심-대각1-송동-도심,도심환승센터행,송동행,대각행,60,29480,60,10,상행,신흥맨션,494.2,2026-05-12
대송1,도심-대각1-송동-도심,도심환승센터행,송동행,대각행,60,29480,60,11,상행,장애인생산품판매시설,444.6,2026-05-12
대송1,도심-대각1-송동-도심,도심환승센터행,송동행,대각행,60,29480,60,12,상행,형산로타리,292,2026-05-12
대송1,도심-대각1-송동-도심,도심환승센터행,송동행,대각행,60,29480,60,13,상행,현대제철,976.3,2026-05-12
대송1,도심-대각1-송동-도심,도심환승센터행,송동행,대각행,60,29480,60,14,상행,단지주유소,480.6,2026-05-12
대송1,도심-대각1-송동-도심,도심환승센터행,송동행,대각행,60,29480,60,15,상행,포스코강판,509,2026-05-12
대송1,도심-대각1-송동-도심,도심환승센터행,송동행,대각행,60,29480,60,16,상행,포스코건설,575.9,2026-05-12
대송1,도심-대각1-송동-도심,도심환승센터행,송동행,대각행,60,29480,60,17,상행,동부제강,455.4,2026-05-12
대송1,도심-대각1-송동-도심,도심환승센터행,송동행,대각행,60,29480,60,18,상행,삼일,547.4,2026-05-12
대송1,도심-대각1-송동-도심,도심환승센터행,송동행,대각행,60,29480,60,19,상행,동국에스엔씨,259.8,2026-05-12
대송1,도심-대각1-송동-도심,도심환승센터행,송동행,대각행,60,29480,60,20,상행,대송파출소,299.2,2026-05-12
대송1,도심-대각1-송동-도심,도심환승센터행,송동행,대각행,60,29480,60,21,상행,대송초등학교,321.3,2026-05-12
대송1,도심-대각1-송동-도심,도심환승센터행,송동행,대각행,60,29480,60,22,상행,포항대송교회,322.5,2026-05-12
대송1,도심-대각1-송동-도심,도심환승센터행,송동행,대각행,60,29480,60,23,상행,송동리,1196.8,2026-05-12
대송1,도심-대각1-송동-도심,도심환승센터행,송동행,대각행,60,29480,60,24,상행,송동회차지,316.8,2026-05-12
대송1,도심-대각1-송동-도심,도심환승센터행,송동행,대각행,60,29480,60,25,상행,대각1리,1762.8,2026-05-12
대송1,도심-대각1-송동-도심,도심환승센터행,송동행,대각행,60,29480,60,26,상행,운제산,970.6,2026-05-12
대송1,도심-대각1-송동-도심,도심환승센터행,송동행,대각행,60,29480,60,27,상행,대각삼거리,872.1,2026-05-12
대송1,도심-대각1-송동-도심,도심환승센터행,송동행,대각행,60,29480,60,28,상행,대각2리,614.7,2026-05-12
대송1,도심-대각1-송동-도심,도심환승센터행,송동행,대각행,60,29480,60,29,상행,대각2리마을회관,294.6,2026-05-12
대송1,도심-대각1-송동-도심,도심환승센터행,송동행,대각행,60,29480,60,30,상행,대각사,169.2,2026-05-12
대송1,도심-대각1-송동-도심,도심환승센터행,송동행,대각행,60,29480,60,31,하행,대각종점,663.3,2026-05-12
대송1,도심-대각1-송동-도심,도심환승센터행,송동행,대각행,60,29480,60,32,하행,대각사,433.9,2026-05-12
대송1,도심-대각1-송동-도심,도심환승센터행,송동행,대각행,60,29480,60,33,하행,대각2리마을회관,181.5,2026-05-12
대송1,도심-대각1-송동-도심,도심환승센터행,송동행,대각행,60,29480,60,34,하행,대각2리,286,2026-05-12
대송1,도심-대각1-송동-도심,도심환승센터행,송동행,대각행,60,29480,60,35,하행,대각삼거리,642.7,2026-05-12
대송1,도심-대각1-송동-도심,도심환승센터행,송동행,대각행,60,29480,60,36,하행,송동회차지,1422.9,2026-05-12
대송1,도심-대각1-송동-도심,도심환승센터행,송동행,대각행,60,29480,60,37,하행,송동리,339.7,2026-05-12
대송1,도심-대각1-송동-도심,도심환승센터행,송동행,대각행,60,29480,60,38,하행,포항대송교회,1255.6,2026-05-12
대송1,도심-대각1-송동-도심,도심환승센터행,송동행,대각행,60,29480,60,39,하행,대송초등학교,247.8,2026-05-12
대송1,도심-대각1-송동-도심,도심환승센터행,송동행,대각행,60,29480,60,40,하행,대송파출소,271.9,2026-05-12
대송1,도심-대각1-송동-도심,도심환승센터행,송동행,대각행,60,29480,60,41,하행,동국에스엔씨,260.5,2026-05-12
대송1,도심-대각1-송동-도심,도심환승센터행,송동행,대각행,60,29480,60,42,하행,삼일,328.8,2026-05-12
대송1,도심-대각1-송동-도심,도심환승센터행,송동행,대각행,60,29480,60,43,하행,동부제강,521.5,2026-05-12
대송1,도심-대각1-송동-도심,도심환승센터행,송동행,대각행,60,29480,60,44,하행,포스코건설,513.7,2026-05-12
대송1,도심-대각1-송동-도심,도심환승센터행,송동행,대각행,60,29480,60,45,하행,포스코강판,452.9,2026-05-12
대송1,도심-대각1-송동-도심,도심환승센터행,송동행,대각행,60,29480,60,46,하행,단지주유소,629,2026-05-12
대송1,도심-대각1-송동-도심,도심환승센터행,송동행,대각행,60,29480,60,47,하행,현대제철,453.2,2026-05-12
대송1,도심-대각1-송동-도심,도심환승센터행,송동행,대각행,60,29480,60,48,하행,형산로터리,995.1,2026-05-12
대송1,도심-대각1-송동-도심,도심환승센터행,송동행,대각행,60,29480,60,49,하행,장애인생산품판매시설,184.7,2026-05-12
대송1,도심-대각1-송동-도심,도심환승센터행,송동행,대각행,60,29480,60,50,하행,신흥맨션,504.9,2026-05-12
대송1,도심-대각1-송동-도심,도심환승센터행,송동행,대각행,60,29480,60,51,하행,동보상가맨션,502.3,2026-05-12
대송1,도심-대각1-송동-도심,도심환승센터행,송동행,대각행,60,29480,60,52,하행,동해시장,437.6,2026-05-12
대송1,도심-대각1-송동-도심,도심환승센터행,송동행,대각행,60,29480,60,53,하행,해도신협,245.8,2026-05-12
대송1,도심-대각1-송동-도심,도심환승센터행,송동행,대각행,60,29480,60,54,하행,운하치안센터,403.6,2026-05-12
대송1,도심-대각1-송동-도심,도심환승센터행,송동행,대각행,60,29480,60,55,하행,죽도동민복지회관,445.3,2026-05-12
대송1,도심-대각1-송동-도심,도심환승센터행,송동행,대각행,60,29480,60,56,하행,죽도시장,597.6,2026-05-12
대송1,도심-대각1-송동-도심,도심환승센터행,송동행,대각행,60,29480,60,57,하행,육거리,413,2026-05-12
대송1,도심-대각1-송동-도심,도심환승센터행,송동행,대각행,60,29480,60,58,하행,포항꿈트리센터,268.3,2026-05-12
대송1,도심-대각1-송동-도심,도심환승센터행,송동행,대각행,60,29480,60,59,하행,도심환승센터,199.8,2026-05-12
대송1,도심-대각1-송동-도심,도심환승센터행,송동행,대각행,60,29480,60,60,하행,도심환승센터,53.7,2026-05-12
대송1,도심-송동,도심환승센터행,송동행,,24,10639,60,1,상행,도심환승센터,0,2026-05-12
대송1,도심-송동,도심환승센터행,송동행,,24,10639,60,2,상행,포항꿈트리센터,258.1,2026-05-12
대송1,도심-송동,도심환승센터행,송동행,,24,10639,60,3,상행,중앙상가,452.8,2026-05-12
대송1,도심-송동,도심환승센터행,송동행,,24,10639,60,4,상행,죽도시장,426,2026-05-12
대송1,도심-송동,도심환승센터행,송동행,,24,10639,60,5,상행,죽도동민복지회관,390.5,2026-05-12
대송1,도심-송동,도심환승센터행,송동행,,24,10639,60,6,상행,운하치안센터,443.6,2026-05-12
대송1,도심-송동,도심환승센터행,송동행,,24,10639,60,7,상행,해도신협,384.9,2026-05-12
대송1,도심-송동,도심환승센터행,송동행,,24,10639,60,8,상행,동해시장,344.9,2026-05-12
대송1,도심-송동,도심환승센터행,송동행,,24,10639,60,9,상행,동보상가맨션,386.3,2026-05-12
대송1,도심-송동,도심환승센터행,송동행,,24,10639,60,10,상행,신흥맨션,494.2,2026-05-12
대송1,도심-송동,도심환승센터행,송동행,,24,10639,60,11,상행,장애인생산품판매시설,444.6,2026-05-12
대송1,도심-송동,도심환승센터행,송동행,,24,10639,60,12,상행,형산로타리,292,2026-05-12
대송1,도심-송동,도심환승센터행,송동행,,24,10639,60,13,상행,현대제철,976.3,2026-05-12
대송1,도심-송동,도심환승센터행,송동행,,24,10639,60,14,상행,단지주유소,480.6,2026-05-12
대송1,도심-송동,도심환승센터행,송동행,,24,10639,60,15,상행,포스코강판,509,2026-05-12
대송1,도심-송동,도심환승센터행,송동행,,24,10639,60,16,상행,포스코건설,575.9,2026-05-12
대송1,도심-송동,도심환승센터행,송동행,,24,10639,60,17,상행,동부제강,455.4,2026-05-12
대송1,도심-송동,도심환승센터행,송동행,,24,10639,60,18,상행,삼일,547.4,2026-05-12
대송1,도심-송동,도심환승센터행,송동행,,24,10639,60,19,상행,동국에스엔씨,259.8,2026-05-12
대송1,도심-송동,도심환승센터행,송동행,,24,10639,60,20,상행,대송파출소,299.2,2026-05-12
대송1,도심-송동,도심환승센터행,송동행,,24,10639,60,21,상행,대송초등학교,321.3,2026-05-12
대송1,도심-송동,도심환승센터행,송동행,,24,10639,60,22,상행,포항대송교회,322.5,2026-05-12
대송1,도심-송동,도심환승센터행,송동행,,24,10639,60,23,상행,송동리,1196.8,2026-05-12
대송1,도심-송동,도심환승센터행,송동행,,24,10639,60,24,상행,송동회차지,316.8,2026-05-12
대송1,도심-송동-도심,도심환승센터행,도심환승센터행,송동행,48,21216,60,1,상행,도심환승센터,0,2026-05-12
대송1,도심-송동-도심,도심환승센터행,도심환승센터행,송동행,48,21216,60,2,상행,포항꿈트리센터,258.1,2026-05-12
대송1,도심-송동-도심,도심환승센터행,도심환승센터행,송동행,48,21216,60,3,상행,중앙상가,452.8,2026-05-12
대송1,도심-송동-도심,도심환승센터행,도심환승센터행,송동행,48,21216,60,4,상행,죽도시장,426,2026-05-12
대송1,도심-송동-도심,도심환승센터행,도심환승센터행,송동행,48,21216,60,5,상행,죽도동민복지회관,390.5,2026-05-12
대송1,도심-송동-도심,도심환승센터행,도심환승센터행,송동행,48,21216,60,6,상행,운하치안센터,443.6,2026-05-12
대송1,도심-송동-도심,도심환승센터행,도심환승센터행,송동행,48,21216,60,7,상행,해도신협,384.9,2026-05-12
대송1,도심-송동-도심,도심환승센터행,도심환승센터행,송동행,48,21216,60,8,상행,동해시장,344.9,2026-05-12
대송1,도심-송동-도심,도심환승센터행,도심환승센터행,송동행,48,21216,60,9,상행,동보상가맨션,386.3,2026-05-12
대송1,도심-송동-도심,도심환승센터행,도심환승센터행,송동행,48,21216,60,10,상행,신흥맨션,494.2,2026-05-12
대송1,도심-송동-도심,도심환승센터행,도심환승센터행,송동행,48,21216,60,11,상행,장애인생산품판매시설,444.6,2026-05-12
대송1,도심-송동-도심,도심환승센터행,도심환승센터행,송동행,48,21216,60,12,상행,형산로타리,292,2026-05-12
대송1,도심-송동-도심,도심환승센터행,도심환승센터행,송동행,48,21216,60,13,상행,현대제철,976.3,2026-05-12
대송1,도심-송동-도심,도심환승센터행,도심환승센터행,송동행,48,21216,60,14,상행,단지주유소,480.6,2026-05-12
대송1,도심-송동-도심,도심환승센터행,도심환승센터행,송동행,48,21216,60,15,상행,포스코강판,509,2026-05-12
대송1,도심-송동-도심,도심환승센터행,도심환승센터행,송동행,48,21216,60,16,상행,포스코건설,575.9,2026-05-12
대송1,도심-송동-도심,도심환승센터행,도심환승센터행,송동행,48,21216,60,17,상행,동부제강,455.4,2026-05-12
대송1,도심-송동-도심,도심환승센터행,도심환승센터행,송동행,48,21216,60,18,상행,삼일,547.4,2026-05-12
대송1,도심-송동-도심,도심환승센터행,도심환승센터행,송동행,48,21216,60,19,상행,동국에스엔씨,259.8,2026-05-12
대송1,도심-송동-도심,도심환승센터행,도심환승센터행,송동행,48,21216,60,20,상행,대송파출소,299.2,2026-05-12
대송1,도심-송동-도심,도심환승센터행,도심환승센터행,송동행,48,21216,60,21,상행,대송초등학교,321.3,2026-05-12
대송1,도심-송동-도심,도심환승센터행,도심환승센터행,송동행,48,21216,60,22,상행,포항대송교회,322.5,2026-05-12
대송1,도심-송동-도심,도심환승센터행,도심환승센터행,송동행,48,21216,60,23,상행,송동리,1196.8,2026-05-12
대송1,도심-송동-도심,도심환승센터행,도심환승센터행,송동행,48,21216,60,24,하행,송동회차지,366.9,2026-05-12
대송1,도심-송동-도심,도심환승센터행,도심환승센터행,송동행,48,21216,60,25,하행,송동리,339.7,2026-05-12
대송1,도심-송동-도심,도심환승센터행,도심환승센터행,송동행,48,21216,60,26,하행,포항대송교회,1255.6,2026-05-12
대송1,도심-송동-도심,도심환승센터행,도심환승센터행,송동행,48,21216,60,27,하행,대송초등학교,247.8,2026-05-12
대송1,도심-송동-도심,도심환승센터행,도심환승센터행,송동행,48,21216,60,28,하행,대송파출소,271.9,2026-05-12
대송1,도심-송동-도심,도심환승센터행,도심환승센터행,송동행,48,21216,60,29,하행,동국에스엔씨,260.5,2026-05-12
대송1,도심-송동-도심,도심환승센터행,도심환승센터행,송동행,48,21216,60,30,하행,삼일,328.8,2026-05-12
대송1,도심-송동-도심,도심환승센터행,도심환승센터행,송동행,48,21216,60,31,하행,동부제강,521.5,2026-05-12
대송1,도심-송동-도심,도심환승센터행,도심환승센터행,송동행,48,21216,60,32,하행,포스코건설,513.7,2026-05-12
대송1,도심-송동-도심,도심환승센터행,도심환승센터행,송동행,48,21216,60,33,하행,포스코강판,452.9,2026-05-12
대송1,도심-송동-도심,도심환승센터행,도심환승센터행,송동행,48,21216,60,34,하행,단지주유소,629,2026-05-12
대송1,도심-송동-도심,도심환승센터행,도심환승센터행,송동행,48,21216,60,35,하행,현대제철,453.2,2026-05-12
대송1,도심-송동-도심,도심환승센터행,도심환승센터행,송동행,48,21216,60,36,하행,형산로터리,995.1,2026-05-12
대송1,도심-송동-도심,도심환승센터행,도심환승센터행,송동행,48,21216,60,37,하행,장애인생산품판매시설,184.7,2026-05-12
대송1,도심-송동-도심,도심환승센터행,도심환승센터행,송동행,48,21216,60,38,하행,신흥맨션,504.9,2026-05-12
대송1,도심-송동-도심,도심환승센터행,도심환승센터행,송동행,48,21216,60,39,하행,동보상가맨션,502.3,2026-05-12
대송1,도심-송동-도심,도심환승센터행,도심환승센터행,송동행,48,21216,60,40,하행,동해시장,437.6,2026-05-12
대송1,도심-송동-도심,도심환승센터행,도심환승센터행,송동행,48,21216,60,41,하행,해도신협,245.8,2026-05-12
대송1,도심-송동-도심,도심환승센터행,도심환승센터행,송동행,48,21216,60,42,하행,운하치안센터,403.6,2026-05-12
대송1,도심-송동-도심,도심환승센터행,도심환승센터행,송동행,48,21216,60,43,하행,죽도동민복지회관,445.3,2026-05-12
대송1,도심-송동-도심,도심환승센터행,도심환승센터행,송동행,48,21216,60,44,하행,죽도시장,597.6,2026-05-12
대송1,도심-송동-도심,도심환승센터행,도심환승센터행,송동행,48,21216,60,45,하행,육거리,413,2026-05-12
대송1,도심-송동-도심,도심환승센터행,도심환승센터행,송동행,48,21216,60,46,하행,포항꿈트리센터,268.3,2026-05-12
대송1,도심-송동-도심,도심환승센터행,도심환승센터행,송동행,48,21216,60,47,하행,도심환승센터,199.8,2026-05-12
대송1,도심-송동-도심,도심환승센터행,도심환승센터행,송동행,48,21216,60,48,하행,도심환승센터,53.7,2026-05-12
대송1,홍계-남성-우복-송동-도심,홍계회차지행,도심환승센터행,,41,20461,60,1,상행,홍계회차지,0,2026-05-12
대송1,홍계-남성-우복-송동-도심,홍계회차지행,도심환승센터행,,41,20461,60,2,상행,홍계종점,345.7,2026-05-12
대송1,홍계-남성-우복-송동-도심,홍계회차지행,도심환승센터행,,41,20461,60,3,상행,홍계리,466,2026-05-12
대송1,홍계-남성-우복-송동-도심,홍계회차지행,도심환승센터행,,41,20461,60,4,상행,장동3리,1041,2026-05-12
대송1,홍계-남성-우복-송동-도심,홍계회차지행,도심환승센터행,,41,20461,60,5,상행,장동2리,372.2,2026-05-12
대송1,홍계-남성-우복-송동-도심,홍계회차지행,도심환승센터행,,41,20461,60,6,상행,장동1리,354.9,2026-05-12
대송1,홍계-남성-우복-송동-도심,홍계회차지행,도심환승센터행,,41,20461,60,7,상행,공수리 마을회관,412.6,2026-05-12
대송1,홍계-남성-우복-송동-도심,홍계회차지행,도심환승센터행,,41,20461,60,8,상행,남성1리마을회관,1644,2026-05-12
대송1,홍계-남성-우복-송동-도심,홍계회차지행,도심환승센터행,,41,20461,60,9,상행,남성리,547.4,2026-05-12
대송1,홍계-남성-우복-송동-도심,홍계회차지행,도심환승센터행,,41,20461,60,10,상행,옹산저수지,783.7,2026-05-12
대송1,홍계-남성-우복-송동-도심,홍계회차지행,도심환승센터행,,41,20461,60,11,상행,월포운수,331.7,2026-05-12
대송1,홍계-남성-우복-송동-도심,홍계회차지행,도심환승센터행,,41,20461,60,12,상행,우복리마을,618.8,2026-05-12
대송1,홍계-남성-우복-송동-도심,홍계회차지행,도심환승센터행,,41,20461,60,13,상행,월포운수,591.6,2026-05-12
대송1,홍계-남성-우복-송동-도심,홍계회차지행,도심환승센터행,,41,20461,60,14,상행,옹산저수지,330.7,2026-05-12
대송1,홍계-남성-우복-송동-도심,홍계회차지행,도심환승센터행,,41,20461,60,15,상행,공수리,835.1,2026-05-12
대송1,홍계-남성-우복-송동-도심,홍계회차지행,도심환승센터행,,41,20461,60,16,상행,대송면사무소,384.6,2026-05-12
대송1,홍계-남성-우복-송동-도심,홍계회차지행,도심환승센터행,,41,20461,60,17,상행,송동회차지,539.4,2026-05-12
대송1,홍계-남성-우복-송동-도심,홍계회차지행,도심환승센터행,,41,20461,60,18,상행,송동리,339.7,2026-05-12
대송1,홍계-남성-우복-송동-도심,홍계회차지행,도심환승센터행,,41,20461,60,19,상행,포항대송교회,1255.6,2026-05-12
대송1,홍계-남성-우복-송동-도심,홍계회차지행,도심환승센터행,,41,20461,60,20,상행,대송초등학교,247.8,2026-05-12
대송1,홍계-남성-우복-송동-도심,홍계회차지행,도심환승센터행,,41,20461,60,21,상행,대송파출소,271.9,2026-05-12
대송1,홍계-남성-우복-송동-도심,홍계회차지행,도심환승센터행,,41,20461,60,22,상행,동국에스엔씨,260.5,2026-05-12
대송1,홍계-남성-우복-송동-도심,홍계회차지행,도심환승센터행,,41,20461,60,23,상행,삼일,328.8,2026-05-12
대송1,홍계-남성-우복-송동-도심,홍계회차지행,도심환승센터행,,41,20461,60,24,상행,동부제강,521.5,2026-05-12
대송1,홍계-남성-우복-송동-도심,홍계회차지행,도심환승센터행,,41,20461,60,25,상행,포스코건설,513.7,2026-05-12
대송1,홍계-남성-우복-송동-도심,홍계회차지행,도심환승센터행,,41,20461,60,26,상행,포스코강판,452.9,2026-05-12
대송1,홍계-남성-우복-송동-도심,홍계회차지행,도심환승센터행,,41,20461,60,27,상행,단지주유소,629,2026-05-12
대송1,홍계-남성-우복-송동-도심,홍계회차지행,도심환승센터행,,41,20461,60,28,상행,현대제철,453.2,2026-05-12
대송1,홍계-남성-우복-송동-도심,홍계회차지행,도심환승센터행,,41,20461,60,29,상행,형산로터리,995.1,2026-05-12
대송1,홍계-남성-우복-송동-도심,홍계회차지행,도심환승센터행,,41,20461,60,30,상행,장애인생산품판매시설,184.7,2026-05-12
대송1,홍계-남성-우복-송동-도심,홍계회차지행,도심환승센터행,,41,20461,60,31,상행,신흥맨션,504.9,2026-05-12
대송1,홍계-남성-우복-송동-도심,홍계회차지행,도심환승센터행,,41,20461,60,32,상행,동보상가맨션,502.3,2026-05-12
대송1,홍계-남성-우복-송동-도심,홍계회차지행,도심환승센터행,,41,20461,60,33,상행,동해시장,437.6,2026-05-12
대송1,홍계-남성-우복-송동-도심,홍계회차지행,도심환승센터행,,41,20461,60,34,상행,해도신협,245.8,2026-05-12
대송1,홍계-남성-우복-송동-도심,홍계회차지행,도심환승센터행,,41,20461,60,35,상행,운하치안센터,403.6,2026-05-12
대송1,홍계-남성-우복-송동-도심,홍계회차지행,도심환승센터행,,41,20461,60,36,상행,죽도동민복지회관,445.3,2026-05-12
대송1,홍계-남성-우복-송동-도심,홍계회차지행,도심환승센터행,,41,20461,60,37,상행,죽도시장,597.6,2026-05-12
대송1,홍계-남성-우복-송동-도심,홍계회차지행,도심환승센터행,,41,20461,60,38,상행,육거리,413,2026-05-12
대송1,홍계-남성-우복-송동-도심,홍계회차지행,도심환승센터행,,41,20461,60,39,상행,포항꿈트리센터,268.3,2026-05-12
대송1,홍계-남성-우복-송동-도심,홍계회차지행,도심환승센터행,,41,20461,60,40,상행,도심환승센터,199.8,2026-05-12
대송1,홍계-남성-우복-송동-도심,홍계회차지행,도심환승센터행,,41,20461,60,41,상행,도심환승센터,53.7,2026-05-12
동해1,동해-금광-동해,동해행,동해행,금광2리행,21,8795,60,1,상행,동해환승센터,0,2026-05-12
동해1,동해-금광-동해,동해행,동해행,금광2리행,21,8795,60,2,상행,동해면행정복지센터,255.1,2026-05-12
동해1,동해-금광-동해,동해행,동해행,금광2리행,21,8795,60,3,상행,신정리,513.7,2026-05-12
동해1,동해-금광-동해,동해행,동해행,금광2리행,21,8795,60,4,상행,영남상가,347.6,2026-05-12
동해1,동해-금광-동해,동해행,동해행,금광2리행,21,8795,60,5,상행,약전리,294,2026-05-12
동해1,동해-금광-동해,동해행,동해행,금광2리행,21,8795,60,6,상행,약전1리,476.6,2026-05-12
동해1,동해-금광-동해,동해행,동해행,금광2리행,21,8795,60,7,상행,신정1리,661.7,2026-05-12
동해1,동해-금광-동해,동해행,동해행,금광2리행,21,8795,60,8,상행,신정1리마을회관,545.6,2026-05-12
동해1,동해-금광-동해,동해행,동해행,금광2리행,21,8795,60,9,상행,금광저수지,529.4,2026-05-12
동해1,동해-금광-동해,동해행,동해행,금광2리행,21,8795,60,10,상행,금광1리,238,2026-05-12
동해1,동해-금광-동해,동해행,동해행,금광2리행,21,8795,60,11,하행,금광2리,371.9,2026-05-12
동해1,동해-금광-동해,동해행,동해행,금광2리행,21,8795,60,12,하행,금광1리,337.5,2026-05-12
동해1,동해-금광-동해,동해행,동해행,금광2리행,21,8795,60,13,하행,금광저수지,235.6,2026-05-12
동해1,동해-금광-동해,동해행,동해행,금광2리행,21,8795,60,14,하행,신정1리마을회관,542,2026-05-12
동해1,동해-금광-동해,동해행,동해행,금광2리행,21,8795,60,15,하행,신정1리,531.7,2026-05-12
동해1,동해-금광-동해,동해행,동해행,금광2리행,21,8795,60,16,하행,약전1리,690.1,2026-05-12
동해1,동해-금광-동해,동해행,동해행,금광2리행,21,8795,60,17,하행,약전리,466.9,2026-05-12
동해1,동해-금광-동해,동해행,동해행,금광2리행,21,8795,60,18,하행,황금상가,312.6,2026-05-12
동해1,동해-금광-동해,동해행,동해행,금광2리행,21,8795,60,19,하행,신정리,258.7,2026-05-12
동해1,동해-금광-동해,동해행,동해행,금광2리행,21,8795,60,20,하행,동해면행정복지센터,533.5,2026-05-12
동해1,동해-금광-동해,동해행,동해행,금광2리행,21,8795,60,21,하행,동해환승센터,309.5,2026-05-12
동해1,동해-임곡-중흥-호미곶-동해,동해행,동해행,호미곶행,59,44255,100,1,상행,동해환승센터,0,2026-05-12
동해1,동해-임곡-중흥-호미곶-동해,동해행,동해행,호미곶행,59,44255,100,2,상행,동해면행정복지센터,255.1,2026-05-12
동해1,동해-임곡-중흥-호미곶-동해,동해행,동해행,호미곶행,59,44255,100,3,상행,신정리,513.7,2026-05-12
동해1,동해-임곡-중흥-호미곶-동해,동해행,동해행,호미곶행,59,44255,100,4,상행,영남상가,347.6,2026-05-12
동해1,동해-임곡-중흥-호미곶-동해,동해행,동해행,호미곶행,59,44255,100,5,상행,약전리,294,2026-05-12
동해1,동해-임곡-중흥-호미곶-동해,동해행,동해행,호미곶행,59,44255,100,6,상행,임곡1리,274.3,2026-05-12
동해1,동해-임곡-중흥-호미곶-동해,동해행,동해행,호미곶행,59,44255,100,7,상행,임곡1리마을회관,849.9,2026-05-12
동해1,동해-임곡-중흥-호미곶-동해,동해행,동해행,호미곶행,59,44255,100,8,상행,임곡2리마을회관,436.1,2026-05-12
동해1,동해-임곡-중흥-호미곶-동해,동해행,동해행,호미곶행,59,44255,100,9,상행,청룡회관,758.5,2026-05-12
동해1,동해-임곡-중흥-호미곶-동해,동해행,동해행,호미곶행,59,44255,100,10,상행,연오랑세오녀테마공원,430.4,2026-05-12
동해1,동해-임곡-중흥-호미곶-동해,동해행,동해행,호미곶행,59,44255,100,11,상행,입암1리,999.6,2026-05-12
동해1,동해-임곡-중흥-호미곶-동해,동해행,동해행,호미곶행,59,44255,100,12,상행,입암2리,930.8,2026-05-12
동해1,동해-임곡-중흥-호미곶-동해,동해행,동해행,호미곶행,59,44255,100,13,상행,마산리,1405.2,2026-05-12
동해1,동해-임곡-중흥-호미곶-동해,동해행,동해행,호미곶행,59,44255,100,14,상행,흥환리,1760,2026-05-12
동해1,동해-임곡-중흥-호미곶-동해,동해행,동해행,호미곶행,59,44255,100,15,상행,발산1리,1893.4,2026-05-12
동해1,동해-임곡-중흥-호미곶-동해,동해행,동해행,호미곶행,59,44255,100,16,상행,발산2리,1648.7,2026-05-12
동해1,동해-임곡-중흥-호미곶-동해,동해행,동해행,호미곶행,59,44255,100,17,상행,대동배진료소,2737.1,2026-05-12
동해1,동해-임곡-중흥-호미곶-동해,동해행,동해행,호미곶행,59,44255,100,18,상행,대동배교회,280.7,2026-05-12
동해1,동해-임곡-중흥-호미곶-동해,동해행,동해행,호미곶행,59,44255,100,19,상행,대동배,217.6,2026-05-12
동해1,동해-임곡-중흥-호미곶-동해,동해행,동해행,호미곶행,59,44255,100,20,상행,대동배2리,1234.6,2026-05-12
동해1,동해-임곡-중흥-호미곶-동해,동해행,동해행,호미곶행,59,44255,100,21,상행,구만2리,2037.5,2026-05-12
동해1,동해-임곡-중흥-호미곶-동해,동해행,동해행,호미곶행,59,44255,100,22,상행,구만2리마을회관,217.7,2026-05-12
동해1,동해-임곡-중흥-호미곶-동해,동해행,동해행,호미곶행,59,44255,100,23,상행,호미곶행정복지센터,520.9,2026-05-12
동해1,동해-임곡-중흥-호미곶-동해,동해행,동해행,호미곶행,59,44255,100,24,상행,구룡포수협호미곶지점,317.7,2026-05-12
동해1,동해-임곡-중흥-호미곶-동해,동해행,동해행,호미곶행,59,44255,100,25,상행,구룡포농협호미곶지점,308.1,2026-05-12
동해1,동해-임곡-중흥-호미곶-동해,동해행,동해행,호미곶행,59,44255,100,26,상행,해맞이광장(면민회관),221.6,2026-05-12
동해1,동해-임곡-중흥-호미곶-동해,동해행,동해행,호미곶행,59,44255,100,27,하행,호미곶 해맞이광장,312.2,2026-05-12
동해1,동해-임곡-중흥-호미곶-동해,동해행,동해행,호미곶행,59,44255,100,28,하행,해맞이광장(면민회관),259.1,2026-05-12
동해1,동해-임곡-중흥-호미곶-동해,동해행,동해행,호미곶행,59,44255,100,29,하행,구룡포농협호미곶지점,200.6,2026-05-12
동해1,동해-임곡-중흥-호미곶-동해,동해행,동해행,호미곶행,59,44255,100,30,하행,구룡포수협호미곶지점,310.6,2026-05-12
동해1,동해-임곡-중흥-호미곶-동해,동해행,동해행,호미곶행,59,44255,100,31,하행,호미곶행정복지센터,332.3,2026-05-12
동해1,동해-임곡-중흥-호미곶-동해,동해행,동해행,호미곶행,59,44255,100,32,하행,구만2리마을회관,509.8,2026-05-12
동해1,동해-임곡-중흥-호미곶-동해,동해행,동해행,호미곶행,59,44255,100,33,하행,구만2리,243.1,2026-05-12
동해1,동해-임곡-중흥-호미곶-동해,동해행,동해행,호미곶행,59,44255,100,34,하행,대동배2리,2016.2,2026-05-12
동해1,동해-임곡-중흥-호미곶-동해,동해행,동해행,호미곶행,59,44255,100,35,하행,대동배,1250.8,2026-05-12
동해1,동해-임곡-중흥-호미곶-동해,동해행,동해행,호미곶행,59,44255,100,36,하행,대동배교회,215.9,2026-05-12
동해1,동해-임곡-중흥-호미곶-동해,동해행,동해행,호미곶행,59,44255,100,37,하행,대동배진료소,276.5,2026-05-12
동해1,동해-임곡-중흥-호미곶-동해,동해행,동해행,호미곶행,59,44255,100,38,하행,발산2리,2737.6,2026-05-12
동해1,동해-임곡-중흥-호미곶-동해,동해행,동해행,호미곶행,59,44255,100,39,하행,발산1리,1687.8,2026-05-12
동해1,동해-임곡-중흥-호미곶-동해,동해행,동해행,호미곶행,59,44255,100,40,하행,흥환리,1855.4,2026-05-12
동해1,동해-임곡-중흥-호미곶-동해,동해행,동해행,호미곶행,59,44255,100,41,하행,마산리,1775.2,2026-05-12
동해1,동해-임곡-중흥-호미곶-동해,동해행,동해행,호미곶행,59,44255,100,42,하행,입암2리,1412.8,2026-05-12
동해1,동해-임곡-중흥-호미곶-동해,동해행,동해행,호미곶행,59,44255,100,43,하행,입암1리,939.2,2026-05-12
동해1,동해-임곡-중흥-호미곶-동해,동해행,동해행,호미곶행,59,44255,100,44,하행,연오랑세오녀테마공원,998.4,2026-05-12
동해1,동해-임곡-중흥-호미곶-동해,동해행,동해행,호미곶행,59,44255,100,45,하행,청룡회관,451.3,2026-05-12
동해1,동해-임곡-중흥-호미곶-동해,동해행,동해행,호미곶행,59,44255,100,46,하행,숲실,174.8,2026-05-12
동해1,동해-임곡-중흥-호미곶-동해,동해행,동해행,호미곶행,59,44255,100,47,하행,임곡2리,711.6,2026-05-12
동해1,동해-임곡-중흥-호미곶-동해,동해행,동해행,호미곶행,59,44255,100,48,하행,임곡1리,556.6,2026-05-12
동해1,동해-임곡-중흥-호미곶-동해,동해행,동해행,호미곶행,59,44255,100,49,하행,약전리,311.3,2026-05-12
동해1,동해-임곡-중흥-호미곶-동해,동해행,동해행,호미곶행,59,44255,100,50,하행,황금상가,312.6,2026-05-12
동해1,동해-임곡-중흥-호미곶-동해,동해행,동해행,호미곶행,59,44255,100,51,하행,신정리,258.7,2026-05-12
동해1,동해-임곡-중흥-호미곶-동해,동해행,동해행,호미곶행,59,44255,100,52,하행,동해초등학교,471.6,2026-05-12
동해1,동해-임곡-중흥-호미곶-동해,동해행,동해행,호미곶행,59,44255,100,53,하행,해인실버타운,354.6,2026-05-12
동해1,동해-임곡-중흥-호미곶-동해,동해행,동해행,호미곶행,59,44255,100,54,하행,코아루블루인시티,426,2026-05-12
동해1,동해-임곡-중흥-호미곶-동해,동해행,동해행,호미곶행,59,44255,100,55,하행,코아루블루인시티,239,2026-05-12
동해1,동해-임곡-중흥-호미곶-동해,동해행,동해행,호미곶행,59,44255,100,56,하행,해인실버타운,477.4,2026-05-12
동해1,동해-임곡-중흥-호미곶-동해,동해행,동해행,호미곶행,59,44255,100,57,하행,동해초등학교,367.5,2026-05-12
동해1,동해-임곡-중흥-호미곶-동해,동해행,동해행,호미곶행,59,44255,100,58,하행,동해면행정복지센터,264.9,2026-05-12
동해1,동해-임곡-중흥-호미곶-동해,동해행,동해행,호미곶행,59,44255,100,59,하행,동해환승센터,309.5,2026-05-12
동해1,동해-중흥(발산)-호미곶-동해,동해행,동해행,호미곶행,62,46797,60,1,상행,동해환승센터,0,2026-05-12
동해1,동해-중흥(발산)-호미곶-동해,동해행,동해행,호미곶행,62,46797,60,2,상행,동해면행정복지센터,255.1,2026-05-12
동해1,동해-중흥(발산)-호미곶-동해,동해행,동해행,호미곶행,62,46797,60,3,상행,동해초등학교,315.5,2026-05-12
동해1,동해-중흥(발산)-호미곶-동해,동해행,동해행,호미곶행,62,46797,60,4,상행,해인실버타운,354.6,2026-05-12
동해1,동해-중흥(발산)-호미곶-동해,동해행,동해행,호미곶행,62,46797,60,5,상행,코아루블루인시티,426,2026-05-12
동해1,동해-중흥(발산)-호미곶-동해,동해행,동해행,호미곶행,62,46797,60,6,상행,코아루블루인시티,239,2026-05-12
동해1,동해-중흥(발산)-호미곶-동해,동해행,동해행,호미곶행,62,46797,60,7,상행,해인실버타운,477.4,2026-05-12
동해1,동해-중흥(발산)-호미곶-동해,동해행,동해행,호미곶행,62,46797,60,8,상행,동해초등학교,367.5,2026-05-12
동해1,동해-중흥(발산)-호미곶-동해,동해행,동해행,호미곶행,62,46797,60,9,상행,신정리,401.2,2026-05-12
동해1,동해-중흥(발산)-호미곶-동해,동해행,동해행,호미곶행,62,46797,60,10,상행,영남상가,347.6,2026-05-12
동해1,동해-중흥(발산)-호미곶-동해,동해행,동해행,호미곶행,62,46797,60,11,상행,약전리,294,2026-05-12
동해1,동해-중흥(발산)-호미곶-동해,동해행,동해행,호미곶행,62,46797,60,12,상행,임곡1리,274.3,2026-05-12
동해1,동해-중흥(발산)-호미곶-동해,동해행,동해행,호미곶행,62,46797,60,13,상행,임곡2리,568.4,2026-05-12
동해1,동해-중흥(발산)-호미곶-동해,동해행,동해행,호미곶행,62,46797,60,14,상행,숲실,704.3,2026-05-12
동해1,동해-중흥(발산)-호미곶-동해,동해행,동해행,호미곶행,62,46797,60,15,상행,청룡회관,215.9,2026-05-12
동해1,동해-중흥(발산)-호미곶-동해,동해행,동해행,호미곶행,62,46797,60,16,상행,연오랑세오녀테마공원,430.4,2026-05-12
동해1,동해-중흥(발산)-호미곶-동해,동해행,동해행,호미곶행,62,46797,60,17,상행,입암1리,999.6,2026-05-12
동해1,동해-중흥(발산)-호미곶-동해,동해행,동해행,호미곶행,62,46797,60,18,상행,입암2리,930.8,2026-05-12
동해1,동해-중흥(발산)-호미곶-동해,동해행,동해행,호미곶행,62,46797,60,19,상행,마산리,1405.2,2026-05-12
동해1,동해-중흥(발산)-호미곶-동해,동해행,동해행,호미곶행,62,46797,60,20,상행,흥환리,1760,2026-05-12
동해1,동해-중흥(발산)-호미곶-동해,동해행,동해행,호미곶행,62,46797,60,21,상행,중흥리,302.2,2026-05-12
동해1,동해-중흥(발산)-호미곶-동해,동해행,동해행,호미곶행,62,46797,60,22,상행,중흥리마을회관,502.1,2026-05-12
동해1,동해-중흥(발산)-호미곶-동해,동해행,동해행,호미곶행,62,46797,60,23,상행,중흥리,430.5,2026-05-12
동해1,동해-중흥(발산)-호미곶-동해,동해행,동해행,호미곶행,62,46797,60,24,상행,발산1리,3756.4,2026-05-12
동해1,동해-중흥(발산)-호미곶-동해,동해행,동해행,호미곶행,62,46797,60,25,상행,발산2리,1648.7,2026-05-12
동해1,동해-중흥(발산)-호미곶-동해,동해행,동해행,호미곶행,62,46797,60,26,상행,대동배진료소,2737.1,2026-05-12
동해1,동해-중흥(발산)-호미곶-동해,동해행,동해행,호미곶행,62,46797,60,27,상행,대동배교회,280.7,2026-05-12
동해1,동해-중흥(발산)-호미곶-동해,동해행,동해행,호미곶행,62,46797,60,28,상행,대동배,217.6,2026-05-12
동해1,동해-중흥(발산)-호미곶-동해,동해행,동해행,호미곶행,62,46797,60,29,상행,대동배2리,1234.6,2026-05-12
동해1,동해-중흥(발산)-호미곶-동해,동해행,동해행,호미곶행,62,46797,60,30,상행,구만2리,2037.5,2026-05-12
동해1,동해-중흥(발산)-호미곶-동해,동해행,동해행,호미곶행,62,46797,60,31,상행,구만2리마을회관,217.7,2026-05-12
동해1,동해-중흥(발산)-호미곶-동해,동해행,동해행,호미곶행,62,46797,60,32,상행,호미곶행정복지센터,520.9,2026-05-12
동해1,동해-중흥(발산)-호미곶-동해,동해행,동해행,호미곶행,62,46797,60,33,상행,구룡포수협호미곶지점,317.7,2026-05-12
동해1,동해-중흥(발산)-호미곶-동해,동해행,동해행,호미곶행,62,46797,60,34,상행,구룡포농협호미곶지점,308.1,2026-05-12
동해1,동해-중흥(발산)-호미곶-동해,동해행,동해행,호미곶행,62,46797,60,35,상행,해맞이광장(면민회관),221.6,2026-05-12
동해1,동해-중흥(발산)-호미곶-동해,동해행,동해행,호미곶행,62,46797,60,36,하행,호미곶 해맞이광장,312.2,2026-05-12
동해1,동해-중흥(발산)-호미곶-동해,동해행,동해행,호미곶행,62,46797,60,37,하행,해맞이광장(면민회관),259.1,2026-05-12
동해1,동해-중흥(발산)-호미곶-동해,동해행,동해행,호미곶행,62,46797,60,38,하행,구룡포농협호미곶지점,200.6,2026-05-12
동해1,동해-중흥(발산)-호미곶-동해,동해행,동해행,호미곶행,62,46797,60,39,하행,구룡포수협호미곶지점,310.6,2026-05-12
동해1,동해-중흥(발산)-호미곶-동해,동해행,동해행,호미곶행,62,46797,60,40,하행,호미곶행정복지센터,332.3,2026-05-12
동해1,동해-중흥(발산)-호미곶-동해,동해행,동해행,호미곶행,62,46797,60,41,하행,구만2리마을회관,509.8,2026-05-12
동해1,동해-중흥(발산)-호미곶-동해,동해행,동해행,호미곶행,62,46797,60,42,하행,구만2리,243.1,2026-05-12
동해1,동해-중흥(발산)-호미곶-동해,동해행,동해행,호미곶행,62,46797,60,43,하행,대동배2리,2016.2,2026-05-12
동해1,동해-중흥(발산)-호미곶-동해,동해행,동해행,호미곶행,62,46797,60,44,하행,대동배,1250.8,2026-05-12
동해1,동해-중흥(발산)-호미곶-동해,동해행,동해행,호미곶행,62,46797,60,45,하행,대동배교회,215.9,2026-05-12
동해1,동해-중흥(발산)-호미곶-동해,동해행,동해행,호미곶행,62,46797,60,46,하행,대동배진료소,276.5,2026-05-12
동해1,동해-중흥(발산)-호미곶-동해,동해행,동해행,호미곶행,62,46797,60,47,하행,발산2리,2737.6,2026-05-12
동해1,동해-중흥(발산)-호미곶-동해,동해행,동해행,호미곶행,62,46797,60,48,하행,발산1리,1687.8,2026-05-12
동해1,동해-중흥(발산)-호미곶-동해,동해행,동해행,호미곶행,62,46797,60,49,하행,흥환리,1855.4,2026-05-12
동해1,동해-중흥(발산)-호미곶-동해,동해행,동해행,호미곶행,62,46797,60,50,하행,마산리,1775.2,2026-05-12
동해1,동해-중흥(발산)-호미곶-동해,동해행,동해행,호미곶행,62,46797,60,51,하행,입암2리,1412.8,2026-05-12
동해1,동해-중흥(발산)-호미곶-동해,동해행,동해행,호미곶행,62,46797,60,52,하행,입암1리,939.2,2026-05-12
동해1,동해-중흥(발산)-호미곶-동해,동해행,동해행,호미곶행,62,46797,60,53,하행,연오랑세오녀테마공원,998.4,2026-05-12
동해1,동해-중흥(발산)-호미곶-동해,동해행,동해행,호미곶행,62,46797,60,54,하행,청룡회관,451.3,2026-05-12
동해1,동해-중흥(발산)-호미곶-동해,동해행,동해행,호미곶행,62,46797,60,55,하행,숲실,174.8,2026-05-12
동해1,동해-중흥(발산)-호미곶-동해,동해행,동해행,호미곶행,62,46797,60,56,하행,임곡2리,711.6,2026-05-12
동해1,동해-중흥(발산)-호미곶-동해,동해행,동해행,호미곶행,62,46797,60,57,하행,임곡1리,556.6,2026-05-12
동해1,동해-중흥(발산)-호미곶-동해,동해행,동해행,호미곶행,62,46797,60,58,하행,약전리,311.3,2026-05-12
동해1,동해-중흥(발산)-호미곶-동해,동해행,동해행,호미곶행,62,46797,60,59,하행,황금상가,312.6,2026-05-12
동해1,동해-중흥(발산)-호미곶-동해,동해행,동해행,호미곶행,62,46797,60,60,하행,신정리,258.7,2026-05-12
동해1,동해-중흥(발산)-호미곶-동해,동해행,동해행,호미곶행,62,46797,60,61,하행,동해면행정복지센터,533.5,2026-05-12
동해1,동해-중흥(발산)-호미곶-동해,동해행,동해행,호미곶행,62,46797,60,62,하행,동해환승센터,309.5,2026-05-12
동해1,동해-중흥-호미곶-임곡(중)-동해,동해행,동해행,호미곶행,64,50484,110,1,상행,동해환승센터,0,2026-05-12
동해1,동해-중흥-호미곶-임곡(중)-동해,동해행,동해행,호미곶행,64,50484,110,2,상행,동해면행정복지센터,255.1,2026-05-12
동해1,동해-중흥-호미곶-임곡(중)-동해,동해행,동해행,호미곶행,64,50484,110,3,상행,신정리,513.7,2026-05-12
동해1,동해-중흥-호미곶-임곡(중)-동해,동해행,동해행,호미곶행,64,50484,110,4,상행,영남상가,347.6,2026-05-12
동해1,동해-중흥-호미곶-임곡(중)-동해,동해행,동해행,호미곶행,64,50484,110,5,상행,약전리,294,2026-05-12
동해1,동해-중흥-호미곶-임곡(중)-동해,동해행,동해행,호미곶행,64,50484,110,6,상행,임곡1리,274.3,2026-05-12
동해1,동해-중흥-호미곶-임곡(중)-동해,동해행,동해행,호미곶행,64,50484,110,7,상행,임곡2리,568.4,2026-05-12
동해1,동해-중흥-호미곶-임곡(중)-동해,동해행,동해행,호미곶행,64,50484,110,8,상행,숲실,704.3,2026-05-12
동해1,동해-중흥-호미곶-임곡(중)-동해,동해행,동해행,호미곶행,64,50484,110,9,상행,청룡회관,215.9,2026-05-12
동해1,동해-중흥-호미곶-임곡(중)-동해,동해행,동해행,호미곶행,64,50484,110,10,상행,연오랑세오녀테마공원,430.4,2026-05-12
동해1,동해-중흥-호미곶-임곡(중)-동해,동해행,동해행,호미곶행,64,50484,110,11,상행,입암1리,999.6,2026-05-12
동해1,동해-중흥-호미곶-임곡(중)-동해,동해행,동해행,호미곶행,64,50484,110,12,상행,입암2리,930.8,2026-05-12
동해1,동해-중흥-호미곶-임곡(중)-동해,동해행,동해행,호미곶행,64,50484,110,13,상행,마산리,1405.2,2026-05-12
동해1,동해-중흥-호미곶-임곡(중)-동해,동해행,동해행,호미곶행,64,50484,110,14,상행,흥환리,1760,2026-05-12
동해1,동해-중흥-호미곶-임곡(중)-동해,동해행,동해행,호미곶행,64,50484,110,15,상행,중흥리,302.2,2026-05-12
동해1,동해-중흥-호미곶-임곡(중)-동해,동해행,동해행,호미곶행,64,50484,110,16,상행,중흥리마을회관,502.1,2026-05-12
동해1,동해-중흥-호미곶-임곡(중)-동해,동해행,동해행,호미곶행,64,50484,110,17,상행,중흥리,430.5,2026-05-12
동해1,동해-중흥-호미곶-임곡(중)-동해,동해행,동해행,호미곶행,64,50484,110,18,상행,발산1리,3756.4,2026-05-12
동해1,동해-중흥-호미곶-임곡(중)-동해,동해행,동해행,호미곶행,64,50484,110,19,상행,발산2리,1648.7,2026-05-12
동해1,동해-중흥-호미곶-임곡(중)-동해,동해행,동해행,호미곶행,64,50484,110,20,상행,대동배진료소,2737.1,2026-05-12
동해1,동해-중흥-호미곶-임곡(중)-동해,동해행,동해행,호미곶행,64,50484,110,21,상행,대동배교회,280.7,2026-05-12
동해1,동해-중흥-호미곶-임곡(중)-동해,동해행,동해행,호미곶행,64,50484,110,22,상행,대동배,217.6,2026-05-12
동해1,동해-중흥-호미곶-임곡(중)-동해,동해행,동해행,호미곶행,64,50484,110,23,상행,대동배2리,1234.6,2026-05-12
동해1,동해-중흥-호미곶-임곡(중)-동해,동해행,동해행,호미곶행,64,50484,110,24,상행,구만2리,2037.5,2026-05-12
동해1,동해-중흥-호미곶-임곡(중)-동해,동해행,동해행,호미곶행,64,50484,110,25,상행,구만2리마을회관,217.7,2026-05-12
동해1,동해-중흥-호미곶-임곡(중)-동해,동해행,동해행,호미곶행,64,50484,110,26,상행,호미곶행정복지센터,520.9,2026-05-12
동해1,동해-중흥-호미곶-임곡(중)-동해,동해행,동해행,호미곶행,64,50484,110,27,상행,구룡포수협호미곶지점,317.7,2026-05-12
동해1,동해-중흥-호미곶-임곡(중)-동해,동해행,동해행,호미곶행,64,50484,110,28,상행,구룡포농협호미곶지점,308.1,2026-05-12
동해1,동해-중흥-호미곶-임곡(중)-동해,동해행,동해행,호미곶행,64,50484,110,29,상행,해맞이광장(면민회관),221.6,2026-05-12
동해1,동해-중흥-호미곶-임곡(중)-동해,동해행,동해행,호미곶행,64,50484,110,30,하행,호미곶 해맞이광장,312.2,2026-05-12
동해1,동해-중흥-호미곶-임곡(중)-동해,동해행,동해행,호미곶행,64,50484,110,31,하행,해맞이광장(면민회관),259.1,2026-05-12
동해1,동해-중흥-호미곶-임곡(중)-동해,동해행,동해행,호미곶행,64,50484,110,32,하행,구룡포농협호미곶지점,200.6,2026-05-12
동해1,동해-중흥-호미곶-임곡(중)-동해,동해행,동해행,호미곶행,64,50484,110,33,하행,구룡포수협호미곶지점,310.6,2026-05-12
동해1,동해-중흥-호미곶-임곡(중)-동해,동해행,동해행,호미곶행,64,50484,110,34,하행,호미곶행정복지센터,332.3,2026-05-12
동해1,동해-중흥-호미곶-임곡(중)-동해,동해행,동해행,호미곶행,64,50484,110,35,하행,구만2리마을회관,509.8,2026-05-12
동해1,동해-중흥-호미곶-임곡(중)-동해,동해행,동해행,호미곶행,64,50484,110,36,하행,구만2리,243.1,2026-05-12
동해1,동해-중흥-호미곶-임곡(중)-동해,동해행,동해행,호미곶행,64,50484,110,37,하행,대동배2리,2016.2,2026-05-12
동해1,동해-중흥-호미곶-임곡(중)-동해,동해행,동해행,호미곶행,64,50484,110,38,하행,대동배,1250.8,2026-05-12
동해1,동해-중흥-호미곶-임곡(중)-동해,동해행,동해행,호미곶행,64,50484,110,39,하행,대동배교회,215.9,2026-05-12
동해1,동해-중흥-호미곶-임곡(중)-동해,동해행,동해행,호미곶행,64,50484,110,40,하행,대동배진료소,276.5,2026-05-12
동해1,동해-중흥-호미곶-임곡(중)-동해,동해행,동해행,호미곶행,64,50484,110,41,하행,발산2리,2737.6,2026-05-12
동해1,동해-중흥-호미곶-임곡(중)-동해,동해행,동해행,호미곶행,64,50484,110,42,하행,발산1리,1687.8,2026-05-12
동해1,동해-중흥-호미곶-임곡(중)-동해,동해행,동해행,호미곶행,64,50484,110,43,하행,중흥리,3747.3,2026-05-12
동해1,동해-중흥-호미곶-임곡(중)-동해,동해행,동해행,호미곶행,64,50484,110,44,하행,중흥리마을회관,502.1,2026-05-12
동해1,동해-중흥-호미곶-임곡(중)-동해,동해행,동해행,호미곶행,64,50484,110,45,하행,중흥리,430.5,2026-05-12
동해1,동해-중흥-호미곶-임곡(중)-동해,동해행,동해행,호미곶행,64,50484,110,46,하행,흥환리,297.5,2026-05-12
동해1,동해-중흥-호미곶-임곡(중)-동해,동해행,동해행,호미곶행,64,50484,110,47,하행,마산리,1775.2,2026-05-12
동해1,동해-중흥-호미곶-임곡(중)-동해,동해행,동해행,호미곶행,64,50484,110,48,하행,입암2리,1412.8,2026-05-12
동해1,동해-중흥-호미곶-임곡(중)-동해,동해행,동해행,호미곶행,64,50484,110,49,하행,입암1리,939.2,2026-05-12
동해1,동해-중흥-호미곶-임곡(중)-동해,동해행,동해행,호미곶행,64,50484,110,50,하행,연오랑세오녀테마공원,998.4,2026-05-12
동해1,동해-중흥-호미곶-임곡(중)-동해,동해행,동해행,호미곶행,64,50484,110,51,하행,임곡2리마을회관,1179.2,2026-05-12
동해1,동해-중흥-호미곶-임곡(중)-동해,동해행,동해행,호미곶행,64,50484,110,52,하행,임곡1리마을회관,433.8,2026-05-12
동해1,동해-중흥-호미곶-임곡(중)-동해,동해행,동해행,호미곶행,64,50484,110,53,하행,임곡1리,846,2026-05-12
동해1,동해-중흥-호미곶-임곡(중)-동해,동해행,동해행,호미곶행,64,50484,110,54,하행,약전리,311.3,2026-05-12
동해1,동해-중흥-호미곶-임곡(중)-동해,동해행,동해행,호미곶행,64,50484,110,55,하행,황금상가,312.6,2026-05-12
동해1,동해-중흥-호미곶-임곡(중)-동해,동해행,동해행,호미곶행,64,50484,110,56,하행,신정리,258.7,2026-05-12
동해1,동해-중흥-호미곶-임곡(중)-동해,동해행,동해행,호미곶행,64,50484,110,57,하행,동해초등학교,471.6,2026-05-12
동해1,동해-중흥-호미곶-임곡(중)-동해,동해행,동해행,호미곶행,64,50484,110,58,하행,해인실버타운,354.6,2026-05-12
동해1,동해-중흥-호미곶-임곡(중)-동해,동해행,동해행,호미곶행,64,50484,110,59,하행,코아루블루인시티,426,2026-05-12
동해1,동해-중흥-호미곶-임곡(중)-동해,동해행,동해행,호미곶행,64,50484,110,60,하행,코아루블루인시티,239,2026-05-12
동해1,동해-중흥-호미곶-임곡(중)-동해,동해행,동해행,호미곶행,64,50484,110,61,하행,해인실버타운,477.4,2026-05-12
동해1,동해-중흥-호미곶-임곡(중)-동해,동해행,동해행,호미곶행,64,50484,110,62,하행,동해초등학교,367.5,2026-05-12
동해1,동해-중흥-호미곶-임곡(중)-동해,동해행,동해행,호미곶행,64,50484,110,63,하행,동해면행정복지센터,264.9,2026-05-12
동해1,동해-중흥-호미곶-임곡(중)-동해,동해행,동해행,호미곶행,64,50484,110,64,하행,동해환승센터,309.5,2026-05-12
동해1,동해-중흥-호미곶-임곡-동해,동해행,동해행,호미곶행,58,44264,100,1,상행,동해환승센터,0,2026-05-12
동해1,동해-중흥-호미곶-임곡-동해,동해행,동해행,호미곶행,58,44264,100,2,상행,동해면행정복지센터,255.1,2026-05-12
동해1,동해-중흥-호미곶-임곡-동해,동해행,동해행,호미곶행,58,44264,100,3,상행,신정리,513.7,2026-05-12
동해1,동해-중흥-호미곶-임곡-동해,동해행,동해행,호미곶행,58,44264,100,4,상행,영남상가,347.6,2026-05-12
동해1,동해-중흥-호미곶-임곡-동해,동해행,동해행,호미곶행,58,44264,100,5,상행,약전리,294,2026-05-12
동해1,동해-중흥-호미곶-임곡-동해,동해행,동해행,호미곶행,58,44264,100,6,상행,임곡1리,274.3,2026-05-12
동해1,동해-중흥-호미곶-임곡-동해,동해행,동해행,호미곶행,58,44264,100,7,상행,임곡2리,568.4,2026-05-12
동해1,동해-중흥-호미곶-임곡-동해,동해행,동해행,호미곶행,58,44264,100,8,상행,숲실,704.3,2026-05-12
동해1,동해-중흥-호미곶-임곡-동해,동해행,동해행,호미곶행,58,44264,100,9,상행,청룡회관,215.9,2026-05-12
동해1,동해-중흥-호미곶-임곡-동해,동해행,동해행,호미곶행,58,44264,100,10,상행,연오랑세오녀테마공원,430.4,2026-05-12
동해1,동해-중흥-호미곶-임곡-동해,동해행,동해행,호미곶행,58,44264,100,11,상행,입암1리,999.6,2026-05-12
동해1,동해-중흥-호미곶-임곡-동해,동해행,동해행,호미곶행,58,44264,100,12,상행,입암2리,930.8,2026-05-12
동해1,동해-중흥-호미곶-임곡-동해,동해행,동해행,호미곶행,58,44264,100,13,상행,마산리,1405.2,2026-05-12
동해1,동해-중흥-호미곶-임곡-동해,동해행,동해행,호미곶행,58,44264,100,14,상행,흥환리,1760,2026-05-12
동해1,동해-중흥-호미곶-임곡-동해,동해행,동해행,호미곶행,58,44264,100,15,상행,발산1리,1893.4,2026-05-12
동해1,동해-중흥-호미곶-임곡-동해,동해행,동해행,호미곶행,58,44264,100,16,상행,발산2리,1648.7,2026-05-12
동해1,동해-중흥-호미곶-임곡-동해,동해행,동해행,호미곶행,58,44264,100,17,상행,대동배진료소,2737.1,2026-05-12
동해1,동해-중흥-호미곶-임곡-동해,동해행,동해행,호미곶행,58,44264,100,18,상행,대동배교회,280.7,2026-05-12
동해1,동해-중흥-호미곶-임곡-동해,동해행,동해행,호미곶행,58,44264,100,19,상행,대동배,217.6,2026-05-12
동해1,동해-중흥-호미곶-임곡-동해,동해행,동해행,호미곶행,58,44264,100,20,상행,대동배2리,1234.6,2026-05-12
동해1,동해-중흥-호미곶-임곡-동해,동해행,동해행,호미곶행,58,44264,100,21,상행,구만2리,2037.5,2026-05-12
동해1,동해-중흥-호미곶-임곡-동해,동해행,동해행,호미곶행,58,44264,100,22,상행,구만2리마을회관,217.7,2026-05-12
동해1,동해-중흥-호미곶-임곡-동해,동해행,동해행,호미곶행,58,44264,100,23,상행,호미곶행정복지센터,520.9,2026-05-12
동해1,동해-중흥-호미곶-임곡-동해,동해행,동해행,호미곶행,58,44264,100,24,상행,구룡포수협호미곶지점,317.7,2026-05-12
동해1,동해-중흥-호미곶-임곡-동해,동해행,동해행,호미곶행,58,44264,100,25,상행,구룡포농협호미곶지점,308.1,2026-05-12
동해1,동해-중흥-호미곶-임곡-동해,동해행,동해행,호미곶행,58,44264,100,26,상행,해맞이광장(면민회관),221.6,2026-05-12
동해1,동해-중흥-호미곶-임곡-동해,동해행,동해행,호미곶행,58,44264,100,27,하행,호미곶 해맞이광장,312.2,2026-05-12
동해1,동해-중흥-호미곶-임곡-동해,동해행,동해행,호미곶행,58,44264,100,28,하행,해맞이광장(면민회관),259.1,2026-05-12
동해1,동해-중흥-호미곶-임곡-동해,동해행,동해행,호미곶행,58,44264,100,29,하행,구룡포농협호미곶지점,200.6,2026-05-12
동해1,동해-중흥-호미곶-임곡-동해,동해행,동해행,호미곶행,58,44264,100,30,하행,구룡포수협호미곶지점,310.6,2026-05-12
동해1,동해-중흥-호미곶-임곡-동해,동해행,동해행,호미곶행,58,44264,100,31,하행,호미곶행정복지센터,332.3,2026-05-12
동해1,동해-중흥-호미곶-임곡-동해,동해행,동해행,호미곶행,58,44264,100,32,하행,구만2리마을회관,509.8,2026-05-12
동해1,동해-중흥-호미곶-임곡-동해,동해행,동해행,호미곶행,58,44264,100,33,하행,구만2리,243.1,2026-05-12
동해1,동해-중흥-호미곶-임곡-동해,동해행,동해행,호미곶행,58,44264,100,34,하행,대동배2리,2016.2,2026-05-12
동해1,동해-중흥-호미곶-임곡-동해,동해행,동해행,호미곶행,58,44264,100,35,하행,대동배,1250.8,2026-05-12
동해1,동해-중흥-호미곶-임곡-동해,동해행,동해행,호미곶행,58,44264,100,36,하행,대동배교회,215.9,2026-05-12
동해1,동해-중흥-호미곶-임곡-동해,동해행,동해행,호미곶행,58,44264,100,37,하행,대동배진료소,276.5,2026-05-12
동해1,동해-중흥-호미곶-임곡-동해,동해행,동해행,호미곶행,58,44264,100,38,하행,발산2리,2737.6,2026-05-12
동해1,동해-중흥-호미곶-임곡-동해,동해행,동해행,호미곶행,58,44264,100,39,하행,발산1리,1687.8,2026-05-12
동해1,동해-중흥-호미곶-임곡-동해,동해행,동해행,호미곶행,58,44264,100,40,하행,흥환리,1855.4,2026-05-12
동해1,동해-중흥-호미곶-임곡-동해,동해행,동해행,호미곶행,58,44264,100,41,하행,마산리,1775.2,2026-05-12
동해1,동해-중흥-호미곶-임곡-동해,동해행,동해행,호미곶행,58,44264,100,42,하행,입암2리,1412.8,2026-05-12
동해1,동해-중흥-호미곶-임곡-동해,동해행,동해행,호미곶행,58,44264,100,43,하행,입암1리,939.2,2026-05-12
동해1,동해-중흥-호미곶-임곡-동해,동해행,동해행,호미곶행,58,44264,100,44,하행,연오랑세오녀테마공원,998.4,2026-05-12
동해1,동해-중흥-호미곶-임곡-동해,동해행,동해행,호미곶행,58,44264,100,45,하행,임곡2리마을회관,1179.2,2026-05-12
동해1,동해-중흥-호미곶-임곡-동해,동해행,동해행,호미곶행,58,44264,100,46,하행,임곡1리마을회관,433.8,2026-05-12
동해1,동해-중흥-호미곶-임곡-동해,동해행,동해행,호미곶행,58,44264,100,47,하행,임곡1리,846,2026-05-12
동해1,동해-중흥-호미곶-임곡-동해,동해행,동해행,호미곶행,58,44264,100,48,하행,약전리,311.3,2026-05-12
동해1,동해-중흥-호미곶-임곡-동해,동해행,동해행,호미곶행,58,44264,100,49,하행,황금상가,312.6,2026-05-12
동해1,동해-중흥-호미곶-임곡-동해,동해행,동해행,호미곶행,58,44264,100,50,하행,신정리,258.7,2026-05-12
동해1,동해-중흥-호미곶-임곡-동해,동해행,동해행,호미곶행,58,44264,100,51,하행,동해초등학교,471.6,2026-05-12
동해1,동해-중흥-호미곶-임곡-동해,동해행,동해행,호미곶행,58,44264,100,52,하행,해인실버타운,354.6,2026-05-12
동해1,동해-중흥-호미곶-임곡-동해,동해행,동해행,호미곶행,58,44264,100,53,하행,코아루블루인시티,426,2026-05-12
동해1,동해-중흥-호미곶-임곡-동해,동해행,동해행,호미곶행,58,44264,100,54,하행,코아루블루인시티,239,2026-05-12
동해1,동해-중흥-호미곶-임곡-동해,동해행,동해행,호미곶행,58,44264,100,55,하행,해인실버타운,477.4,2026-05-12
동해1,동해-중흥-호미곶-임곡-동해,동해행,동해행,호미곶행,58,44264,100,56,하행,동해초등학교,367.5,2026-05-12
동해1,동해-중흥-호미곶-임곡-동해,동해행,동해행,호미곶행,58,44264,100,57,하행,동해면행정복지센터,264.9,2026-05-12
동해1,동해-중흥-호미곶-임곡-동해,동해행,동해행,호미곶행,58,44264,100,58,하행,동해환승센터,309.5,2026-05-12
동해1,동해-중흥-호미곶-중흥-동해,동해행,동해행,호미곶행,65,49919,60,1,상행,동해환승센터,0,2026-05-12
동해1,동해-중흥-호미곶-중흥-동해,동해행,동해행,호미곶행,65,49919,60,2,상행,동해면행정복지센터,255.1,2026-05-12
동해1,동해-중흥-호미곶-중흥-동해,동해행,동해행,호미곶행,65,49919,60,3,상행,신정리,513.7,2026-05-12
동해1,동해-중흥-호미곶-중흥-동해,동해행,동해행,호미곶행,65,49919,60,4,상행,영남상가,347.6,2026-05-12
동해1,동해-중흥-호미곶-중흥-동해,동해행,동해행,호미곶행,65,49919,60,5,상행,약전리,294,2026-05-12
동해1,동해-중흥-호미곶-중흥-동해,동해행,동해행,호미곶행,65,49919,60,6,상행,임곡1리,274.3,2026-05-12
동해1,동해-중흥-호미곶-중흥-동해,동해행,동해행,호미곶행,65,49919,60,7,상행,임곡2리,568.4,2026-05-12
동해1,동해-중흥-호미곶-중흥-동해,동해행,동해행,호미곶행,65,49919,60,8,상행,숲실,704.3,2026-05-12
동해1,동해-중흥-호미곶-중흥-동해,동해행,동해행,호미곶행,65,49919,60,9,상행,청룡회관,215.9,2026-05-12
동해1,동해-중흥-호미곶-중흥-동해,동해행,동해행,호미곶행,65,49919,60,10,상행,연오랑세오녀테마공원,430.4,2026-05-12
동해1,동해-중흥-호미곶-중흥-동해,동해행,동해행,호미곶행,65,49919,60,11,상행,입암1리,999.6,2026-05-12
동해1,동해-중흥-호미곶-중흥-동해,동해행,동해행,호미곶행,65,49919,60,12,상행,입암2리,930.8,2026-05-12
동해1,동해-중흥-호미곶-중흥-동해,동해행,동해행,호미곶행,65,49919,60,13,상행,마산리,1405.2,2026-05-12
동해1,동해-중흥-호미곶-중흥-동해,동해행,동해행,호미곶행,65,49919,60,14,상행,흥환리,1760,2026-05-12
동해1,동해-중흥-호미곶-중흥-동해,동해행,동해행,호미곶행,65,49919,60,15,상행,중흥리,302.2,2026-05-12
동해1,동해-중흥-호미곶-중흥-동해,동해행,동해행,호미곶행,65,49919,60,16,상행,중흥리마을회관,502.1,2026-05-12
동해1,동해-중흥-호미곶-중흥-동해,동해행,동해행,호미곶행,65,49919,60,17,상행,중흥리,430.5,2026-05-12
동해1,동해-중흥-호미곶-중흥-동해,동해행,동해행,호미곶행,65,49919,60,18,상행,발산1리,3756.4,2026-05-12
동해1,동해-중흥-호미곶-중흥-동해,동해행,동해행,호미곶행,65,49919,60,19,상행,발산2리,1648.7,2026-05-12
동해1,동해-중흥-호미곶-중흥-동해,동해행,동해행,호미곶행,65,49919,60,20,상행,대동배진료소,2737.1,2026-05-12
동해1,동해-중흥-호미곶-중흥-동해,동해행,동해행,호미곶행,65,49919,60,21,상행,대동배교회,280.7,2026-05-12
동해1,동해-중흥-호미곶-중흥-동해,동해행,동해행,호미곶행,65,49919,60,22,상행,대동배,217.6,2026-05-12
동해1,동해-중흥-호미곶-중흥-동해,동해행,동해행,호미곶행,65,49919,60,23,상행,대동배2리,1234.6,2026-05-12
동해1,동해-중흥-호미곶-중흥-동해,동해행,동해행,호미곶행,65,49919,60,24,상행,구만2리,2037.5,2026-05-12
동해1,동해-중흥-호미곶-중흥-동해,동해행,동해행,호미곶행,65,49919,60,25,상행,구만2리마을회관,217.7,2026-05-12
동해1,동해-중흥-호미곶-중흥-동해,동해행,동해행,호미곶행,65,49919,60,26,상행,호미곶행정복지센터,520.9,2026-05-12
동해1,동해-중흥-호미곶-중흥-동해,동해행,동해행,호미곶행,65,49919,60,27,상행,구룡포수협호미곶지점,317.7,2026-05-12
동해1,동해-중흥-호미곶-중흥-동해,동해행,동해행,호미곶행,65,49919,60,28,상행,구룡포농협호미곶지점,308.1,2026-05-12
동해1,동해-중흥-호미곶-중흥-동해,동해행,동해행,호미곶행,65,49919,60,29,상행,해맞이광장(면민회관),221.6,2026-05-12
동해1,동해-중흥-호미곶-중흥-동해,동해행,동해행,호미곶행,65,49919,60,30,하행,호미곶 해맞이광장,312.2,2026-05-12
동해1,동해-중흥-호미곶-중흥-동해,동해행,동해행,호미곶행,65,49919,60,31,하행,해맞이광장(면민회관),259.1,2026-05-12
동해1,동해-중흥-호미곶-중흥-동해,동해행,동해행,호미곶행,65,49919,60,32,하행,구룡포농협호미곶지점,200.6,2026-05-12
동해1,동해-중흥-호미곶-중흥-동해,동해행,동해행,호미곶행,65,49919,60,33,하행,구룡포수협호미곶지점,310.6,2026-05-12
동해1,동해-중흥-호미곶-중흥-동해,동해행,동해행,호미곶행,65,49919,60,34,하행,호미곶행정복지센터,332.3,2026-05-12
동해1,동해-중흥-호미곶-중흥-동해,동해행,동해행,호미곶행,65,49919,60,35,하행,구만2리마을회관,509.8,2026-05-12
동해1,동해-중흥-호미곶-중흥-동해,동해행,동해행,호미곶행,65,49919,60,36,하행,구만2리,243.1,2026-05-12
동해1,동해-중흥-호미곶-중흥-동해,동해행,동해행,호미곶행,65,49919,60,37,하행,대동배2리,2016.2,2026-05-12
동해1,동해-중흥-호미곶-중흥-동해,동해행,동해행,호미곶행,65,49919,60,38,하행,대동배,1250.8,2026-05-12
동해1,동해-중흥-호미곶-중흥-동해,동해행,동해행,호미곶행,65,49919,60,39,하행,대동배교회,215.9,2026-05-12
동해1,동해-중흥-호미곶-중흥-동해,동해행,동해행,호미곶행,65,49919,60,40,하행,대동배진료소,276.5,2026-05-12
동해1,동해-중흥-호미곶-중흥-동해,동해행,동해행,호미곶행,65,49919,60,41,하행,발산2리,2737.6,2026-05-12
동해1,동해-중흥-호미곶-중흥-동해,동해행,동해행,호미곶행,65,49919,60,42,하행,발산1리,1687.8,2026-05-12
동해1,동해-중흥-호미곶-중흥-동해,동해행,동해행,호미곶행,65,49919,60,43,하행,중흥리,3747.3,2026-05-12
동해1,동해-중흥-호미곶-중흥-동해,동해행,동해행,호미곶행,65,49919,60,44,하행,중흥리마을회관,502.1,2026-05-12
동해1,동해-중흥-호미곶-중흥-동해,동해행,동해행,호미곶행,65,49919,60,45,하행,중흥리,430.5,2026-05-12
동해1,동해-중흥-호미곶-중흥-동해,동해행,동해행,호미곶행,65,49919,60,46,하행,흥환리,297.5,2026-05-12
동해1,동해-중흥-호미곶-중흥-동해,동해행,동해행,호미곶행,65,49919,60,47,하행,마산리,1775.2,2026-05-12
동해1,동해-중흥-호미곶-중흥-동해,동해행,동해행,호미곶행,65,49919,60,48,하행,입암2리,1412.8,2026-05-12
동해1,동해-중흥-호미곶-중흥-동해,동해행,동해행,호미곶행,65,49919,60,49,하행,입암1리,939.2,2026-05-12
동해1,동해-중흥-호미곶-중흥-동해,동해행,동해행,호미곶행,65,49919,60,50,하행,연오랑세오녀테마공원,998.4,2026-05-12
동해1,동해-중흥-호미곶-중흥-동해,동해행,동해행,호미곶행,65,49919,60,51,하행,청룡회관,451.3,2026-05-12
동해1,동해-중흥-호미곶-중흥-동해,동해행,동해행,호미곶행,65,49919,60,52,하행,숲실,174.8,2026-05-12
동해1,동해-중흥-호미곶-중흥-동해,동해행,동해행,호미곶행,65,49919,60,53,하행,임곡2리,711.6,2026-05-12
동해1,동해-중흥-호미곶-중흥-동해,동해행,동해행,호미곶행,65,49919,60,54,하행,임곡1리,556.6,2026-05-12
동해1,동해-중흥-호미곶-중흥-동해,동해행,동해행,호미곶행,65,49919,60,55,하행,약전리,311.3,2026-05-12
동해1,동해-중흥-호미곶-중흥-동해,동해행,동해행,호미곶행,65,49919,60,56,하행,황금상가,312.6,2026-05-12
동해1,동해-중흥-호미곶-중흥-동해,동해행,동해행,호미곶행,65,49919,60,57,하행,신정리,258.7,2026-05-12
동해1,동해-중흥-호미곶-중흥-동해,동해행,동해행,호미곶행,65,49919,60,58,하행,동해초등학교,471.6,2026-05-12
동해1,동해-중흥-호미곶-중흥-동해,동해행,동해행,호미곶행,65,49919,60,59,하행,해인실버타운,354.6,2026-05-12
동해1,동해-중흥-호미곶-중흥-동해,동해행,동해행,호미곶행,65,49919,60,60,하행,코아루블루인시티,426,2026-05-12
동해1,동해-중흥-호미곶-중흥-동해,동해행,동해행,호미곶행,65,49919,60,61,하행,코아루블루인시티,239,2026-05-12
동해1,동해-중흥-호미곶-중흥-동해,동해행,동해행,호미곶행,65,49919,60,62,하행,해인실버타운,477.4,2026-05-12
동해1,동해-중흥-호미곶-중흥-동해,동해행,동해행,호미곶행,65,49919,60,63,하행,동해초등학교,367.5,2026-05-12
동해1,동해-중흥-호미곶-중흥-동해,동해행,동해행,호미곶행,65,49919,60,64,하행,동해면행정복지센터,264.9,2026-05-12
동해1,동해-중흥-호미곶-중흥-동해,동해행,동해행,호미곶행,65,49919,60,65,하행,동해환승센터,309.5,2026-05-12
동해1,동해-코아루-호미곶-동해,동해행,동해행,호미곶행,59,43699,60,1,상행,동해환승센터,0,2026-05-12
동해1,동해-코아루-호미곶-동해,동해행,동해행,호미곶행,59,43699,60,2,상행,동해면행정복지센터,255.1,2026-05-12
동해1,동해-코아루-호미곶-동해,동해행,동해행,호미곶행,59,43699,60,3,상행,동해초등학교,315.5,2026-05-12
동해1,동해-코아루-호미곶-동해,동해행,동해행,호미곶행,59,43699,60,4,상행,해인실버타운,354.6,2026-05-12
동해1,동해-코아루-호미곶-동해,동해행,동해행,호미곶행,59,43699,60,5,상행,코아루블루인시티,426,2026-05-12
동해1,동해-코아루-호미곶-동해,동해행,동해행,호미곶행,59,43699,60,6,상행,코아루블루인시티,239,2026-05-12
동해1,동해-코아루-호미곶-동해,동해행,동해행,호미곶행,59,43699,60,7,상행,해인실버타운,477.4,2026-05-12
동해1,동해-코아루-호미곶-동해,동해행,동해행,호미곶행,59,43699,60,8,상행,동해초등학교,367.5,2026-05-12
동해1,동해-코아루-호미곶-동해,동해행,동해행,호미곶행,59,43699,60,9,상행,신정리,401.2,2026-05-12
동해1,동해-코아루-호미곶-동해,동해행,동해행,호미곶행,59,43699,60,10,상행,영남상가,347.6,2026-05-12
동해1,동해-코아루-호미곶-동해,동해행,동해행,호미곶행,59,43699,60,11,상행,약전리,294,2026-05-12
동해1,동해-코아루-호미곶-동해,동해행,동해행,호미곶행,59,43699,60,12,상행,임곡1리,274.3,2026-05-12
동해1,동해-코아루-호미곶-동해,동해행,동해행,호미곶행,59,43699,60,13,상행,임곡2리,568.4,2026-05-12
동해1,동해-코아루-호미곶-동해,동해행,동해행,호미곶행,59,43699,60,14,상행,숲실,704.3,2026-05-12
동해1,동해-코아루-호미곶-동해,동해행,동해행,호미곶행,59,43699,60,15,상행,청룡회관,215.9,2026-05-12
동해1,동해-코아루-호미곶-동해,동해행,동해행,호미곶행,59,43699,60,16,상행,연오랑세오녀테마공원,430.4,2026-05-12
동해1,동해-코아루-호미곶-동해,동해행,동해행,호미곶행,59,43699,60,17,상행,입암1리,999.6,2026-05-12
동해1,동해-코아루-호미곶-동해,동해행,동해행,호미곶행,59,43699,60,18,상행,입암2리,930.8,2026-05-12
동해1,동해-코아루-호미곶-동해,동해행,동해행,호미곶행,59,43699,60,19,상행,마산리,1405.2,2026-05-12
동해1,동해-코아루-호미곶-동해,동해행,동해행,호미곶행,59,43699,60,20,상행,흥환리,1760,2026-05-12
동해1,동해-코아루-호미곶-동해,동해행,동해행,호미곶행,59,43699,60,21,상행,발산1리,1893.4,2026-05-12
동해1,동해-코아루-호미곶-동해,동해행,동해행,호미곶행,59,43699,60,22,상행,발산2리,1648.7,2026-05-12
동해1,동해-코아루-호미곶-동해,동해행,동해행,호미곶행,59,43699,60,23,상행,대동배진료소,2737.1,2026-05-12
동해1,동해-코아루-호미곶-동해,동해행,동해행,호미곶행,59,43699,60,24,상행,대동배교회,280.7,2026-05-12
동해1,동해-코아루-호미곶-동해,동해행,동해행,호미곶행,59,43699,60,25,상행,대동배,217.6,2026-05-12
동해1,동해-코아루-호미곶-동해,동해행,동해행,호미곶행,59,43699,60,26,상행,대동배2리,1234.6,2026-05-12
동해1,동해-코아루-호미곶-동해,동해행,동해행,호미곶행,59,43699,60,27,상행,구만2리,2037.5,2026-05-12
동해1,동해-코아루-호미곶-동해,동해행,동해행,호미곶행,59,43699,60,28,상행,구만2리마을회관,217.7,2026-05-12
동해1,동해-코아루-호미곶-동해,동해행,동해행,호미곶행,59,43699,60,29,상행,호미곶행정복지센터,520.9,2026-05-12
동해1,동해-코아루-호미곶-동해,동해행,동해행,호미곶행,59,43699,60,30,상행,구룡포수협호미곶지점,317.7,2026-05-12
동해1,동해-코아루-호미곶-동해,동해행,동해행,호미곶행,59,43699,60,31,상행,구룡포농협호미곶지점,308.1,2026-05-12
동해1,동해-코아루-호미곶-동해,동해행,동해행,호미곶행,59,43699,60,32,상행,해맞이광장(면민회관),221.6,2026-05-12
동해1,동해-코아루-호미곶-동해,동해행,동해행,호미곶행,59,43699,60,33,하행,호미곶 해맞이광장,312.2,2026-05-12
동해1,동해-코아루-호미곶-동해,동해행,동해행,호미곶행,59,43699,60,34,하행,해맞이광장(면민회관),259.1,2026-05-12
동해1,동해-코아루-호미곶-동해,동해행,동해행,호미곶행,59,43699,60,35,하행,구룡포농협호미곶지점,200.6,2026-05-12
동해1,동해-코아루-호미곶-동해,동해행,동해행,호미곶행,59,43699,60,36,하행,구룡포수협호미곶지점,310.6,2026-05-12
동해1,동해-코아루-호미곶-동해,동해행,동해행,호미곶행,59,43699,60,37,하행,호미곶행정복지센터,332.3,2026-05-12
동해1,동해-코아루-호미곶-동해,동해행,동해행,호미곶행,59,43699,60,38,하행,구만2리마을회관,509.8,2026-05-12
동해1,동해-코아루-호미곶-동해,동해행,동해행,호미곶행,59,43699,60,39,하행,구만2리,243.1,2026-05-12
동해1,동해-코아루-호미곶-동해,동해행,동해행,호미곶행,59,43699,60,40,하행,대동배2리,2016.2,2026-05-12
동해1,동해-코아루-호미곶-동해,동해행,동해행,호미곶행,59,43699,60,41,하행,대동배,1250.8,2026-05-12
동해1,동해-코아루-호미곶-동해,동해행,동해행,호미곶행,59,43699,60,42,하행,대동배교회,215.9,2026-05-12
동해1,동해-코아루-호미곶-동해,동해행,동해행,호미곶행,59,43699,60,43,하행,대동배진료소,276.5,2026-05-12
동해1,동해-코아루-호미곶-동해,동해행,동해행,호미곶행,59,43699,60,44,하행,발산2리,2737.6,2026-05-12
동해1,동해-코아루-호미곶-동해,동해행,동해행,호미곶행,59,43699,60,45,하행,발산1리,1687.8,2026-05-12
동해1,동해-코아루-호미곶-동해,동해행,동해행,호미곶행,59,43699,60,46,하행,흥환리,1855.4,2026-05-12
동해1,동해-코아루-호미곶-동해,동해행,동해행,호미곶행,59,43699,60,47,하행,마산리,1775.2,2026-05-12
동해1,동해-코아루-호미곶-동해,동해행,동해행,호미곶행,59,43699,60,48,하행,입암2리,1412.8,2026-05-12
동해1,동해-코아루-호미곶-동해,동해행,동해행,호미곶행,59,43699,60,49,하행,입암1리,939.2,2026-05-12
동해1,동해-코아루-호미곶-동해,동해행,동해행,호미곶행,59,43699,60,50,하행,연오랑세오녀테마공원,998.4,2026-05-12
동해1,동해-코아루-호미곶-동해,동해행,동해행,호미곶행,59,43699,60,51,하행,청룡회관,451.3,2026-05-12
동해1,동해-코아루-호미곶-동해,동해행,동해행,호미곶행,59,43699,60,52,하행,숲실,174.8,2026-05-12
동해1,동해-코아루-호미곶-동해,동해행,동해행,호미곶행,59,43699,60,53,하행,임곡2리,711.6,2026-05-12
동해1,동해-코아루-호미곶-동해,동해행,동해행,호미곶행,59,43699,60,54,하행,임곡1리,556.6,2026-05-12
동해1,동해-코아루-호미곶-동해,동해행,동해행,호미곶행,59,43699,60,55,하행,약전리,311.3,2026-05-12
동해1,동해-코아루-호미곶-동해,동해행,동해행,호미곶행,59,43699,60,56,하행,황금상가,312.6,2026-05-12
동해1,동해-코아루-호미곶-동해,동해행,동해행,호미곶행,59,43699,60,57,하행,신정리,258.7,2026-05-12
동해1,동해-코아루-호미곶-동해,동해행,동해행,호미곶행,59,43699,60,58,하행,동해면행정복지센터,533.5,2026-05-12
동해1,동해-코아루-호미곶-동해,동해행,동해행,호미곶행,59,43699,60,59,하행,동해환승센터,309.5,2026-05-12
동해1,동해-코아루-호미곶-일월-도심,동해행,동해행,호미곶행,109,67476,60,1,상행,동해환승센터,0,2026-05-12
동해1,동해-코아루-호미곶-일월-도심,동해행,동해행,호미곶행,109,67476,60,2,상행,동해면행정복지센터,255.1,2026-05-12
동해1,동해-코아루-호미곶-일월-도심,동해행,동해행,호미곶행,109,67476,60,3,상행,동해초등학교,315.5,2026-05-12
동해1,동해-코아루-호미곶-일월-도심,동해행,동해행,호미곶행,109,67476,60,4,상행,해인실버타운,354.6,2026-05-12
동해1,동해-코아루-호미곶-일월-도심,동해행,동해행,호미곶행,109,67476,60,5,상행,코아루블루인시티,426,2026-05-12
동해1,동해-코아루-호미곶-일월-도심,동해행,동해행,호미곶행,109,67476,60,6,상행,코아루블루인시티,239,2026-05-12
동해1,동해-코아루-호미곶-일월-도심,동해행,동해행,호미곶행,109,67476,60,7,상행,해인실버타운,477.4,2026-05-12
동해1,동해-코아루-호미곶-일월-도심,동해행,동해행,호미곶행,109,67476,60,8,상행,동해초등학교,367.5,2026-05-12
동해1,동해-코아루-호미곶-일월-도심,동해행,동해행,호미곶행,109,67476,60,9,상행,신정리,401.2,2026-05-12
동해1,동해-코아루-호미곶-일월-도심,동해행,동해행,호미곶행,109,67476,60,10,상행,영남상가,347.6,2026-05-12
동해1,동해-코아루-호미곶-일월-도심,동해행,동해행,호미곶행,109,67476,60,11,상행,약전리,294,2026-05-12
동해1,동해-코아루-호미곶-일월-도심,동해행,동해행,호미곶행,109,67476,60,12,상행,임곡1리,274.3,2026-05-12
동해1,동해-코아루-호미곶-일월-도심,동해행,동해행,호미곶행,109,67476,60,13,상행,임곡2리,568.4,2026-05-12
동해1,동해-코아루-호미곶-일월-도심,동해행,동해행,호미곶행,109,67476,60,14,상행,숲실,704.3,2026-05-12
동해1,동해-코아루-호미곶-일월-도심,동해행,동해행,호미곶행,109,67476,60,15,상행,청룡회관,215.9,2026-05-12
동해1,동해-코아루-호미곶-일월-도심,동해행,동해행,호미곶행,109,67476,60,16,상행,연오랑세오녀테마공원,430.4,2026-05-12
동해1,동해-코아루-호미곶-일월-도심,동해행,동해행,호미곶행,109,67476,60,17,상행,입암1리,999.6,2026-05-12
동해1,동해-코아루-호미곶-일월-도심,동해행,동해행,호미곶행,109,67476,60,18,상행,입암2리,930.8,2026-05-12
동해1,동해-코아루-호미곶-일월-도심,동해행,동해행,호미곶행,109,67476,60,19,상행,마산리,1405.2,2026-05-12
동해1,동해-코아루-호미곶-일월-도심,동해행,동해행,호미곶행,109,67476,60,20,상행,흥환리,1760,2026-05-12
동해1,동해-코아루-호미곶-일월-도심,동해행,동해행,호미곶행,109,67476,60,21,상행,발산1리,1893.4,2026-05-12
동해1,동해-코아루-호미곶-일월-도심,동해행,동해행,호미곶행,109,67476,60,22,상행,발산2리,1648.7,2026-05-12
동해1,동해-코아루-호미곶-일월-도심,동해행,동해행,호미곶행,109,67476,60,23,상행,대동배진료소,2737.1,2026-05-12
동해1,동해-코아루-호미곶-일월-도심,동해행,동해행,호미곶행,109,67476,60,24,상행,대동배교회,280.7,2026-05-12
동해1,동해-코아루-호미곶-일월-도심,동해행,동해행,호미곶행,109,67476,60,25,상행,대동배,217.6,2026-05-12
동해1,동해-코아루-호미곶-일월-도심,동해행,동해행,호미곶행,109,67476,60,26,상행,대동배2리,1234.6,2026-05-12
동해1,동해-코아루-호미곶-일월-도심,동해행,동해행,호미곶행,109,67476,60,27,상행,구만2리,2037.5,2026-05-12
동해1,동해-코아루-호미곶-일월-도심,동해행,동해행,호미곶행,109,67476,60,28,상행,구만2리마을회관,217.7,2026-05-12
동해1,동해-코아루-호미곶-일월-도심,동해행,동해행,호미곶행,109,67476,60,29,상행,호미곶행정복지센터,520.9,2026-05-12
동해1,동해-코아루-호미곶-일월-도심,동해행,동해행,호미곶행,109,67476,60,30,상행,구룡포수협호미곶지점,317.7,2026-05-12
동해1,동해-코아루-호미곶-일월-도심,동해행,동해행,호미곶행,109,67476,60,31,상행,구룡포농협호미곶지점,308.1,2026-05-12
동해1,동해-코아루-호미곶-일월-도심,동해행,동해행,호미곶행,109,67476,60,32,상행,해맞이광장(면민회관),221.6,2026-05-12
동해1,동해-코아루-호미곶-일월-도심,동해행,동해행,호미곶행,109,67476,60,33,하행,호미곶 해맞이광장,312.2,2026-05-12
동해1,동해-코아루-호미곶-일월-도심,동해행,동해행,호미곶행,109,67476,60,34,하행,해맞이광장(면민회관),259.1,2026-05-12
동해1,동해-코아루-호미곶-일월-도심,동해행,동해행,호미곶행,109,67476,60,35,하행,구룡포농협호미곶지점,200.6,2026-05-12
동해1,동해-코아루-호미곶-일월-도심,동해행,동해행,호미곶행,109,67476,60,36,하행,구룡포수협호미곶지점,310.6,2026-05-12
동해1,동해-코아루-호미곶-일월-도심,동해행,동해행,호미곶행,109,67476,60,37,하행,호미곶행정복지센터,332.3,2026-05-12
동해1,동해-코아루-호미곶-일월-도심,동해행,동해행,호미곶행,109,67476,60,38,하행,구만2리마을회관,509.8,2026-05-12
동해1,동해-코아루-호미곶-일월-도심,동해행,동해행,호미곶행,109,67476,60,39,하행,구만2리,243.1,2026-05-12
동해1,동해-코아루-호미곶-일월-도심,동해행,동해행,호미곶행,109,67476,60,40,하행,대동배2리,2016.2,2026-05-12
동해1,동해-코아루-호미곶-일월-도심,동해행,동해행,호미곶행,109,67476,60,41,하행,대동배,1250.8,2026-05-12
동해1,동해-코아루-호미곶-일월-도심,동해행,동해행,호미곶행,109,67476,60,42,하행,대동배교회,215.9,2026-05-12
동해1,동해-코아루-호미곶-일월-도심,동해행,동해행,호미곶행,109,67476,60,43,하행,대동배진료소,276.5,2026-05-12
동해1,동해-코아루-호미곶-일월-도심,동해행,동해행,호미곶행,109,67476,60,44,하행,발산2리,2737.6,2026-05-12
동해1,동해-코아루-호미곶-일월-도심,동해행,동해행,호미곶행,109,67476,60,45,하행,발산1리,1687.8,2026-05-12
동해1,동해-코아루-호미곶-일월-도심,동해행,동해행,호미곶행,109,67476,60,46,하행,흥환리,1855.4,2026-05-12
동해1,동해-코아루-호미곶-일월-도심,동해행,동해행,호미곶행,109,67476,60,47,하행,마산리,1775.2,2026-05-12
동해1,동해-코아루-호미곶-일월-도심,동해행,동해행,호미곶행,109,67476,60,48,하행,입암2리,1412.8,2026-05-12
동해1,동해-코아루-호미곶-일월-도심,동해행,동해행,호미곶행,109,67476,60,49,하행,입암1리,939.2,2026-05-12
동해1,동해-코아루-호미곶-일월-도심,동해행,동해행,호미곶행,109,67476,60,50,하행,연오랑세오녀테마공원,998.4,2026-05-12
동해1,동해-코아루-호미곶-일월-도심,동해행,동해행,호미곶행,109,67476,60,51,하행,청룡회관,451.3,2026-05-12
동해1,동해-코아루-호미곶-일월-도심,동해행,동해행,호미곶행,109,67476,60,52,하행,숲실,174.8,2026-05-12
동해1,동해-코아루-호미곶-일월-도심,동해행,동해행,호미곶행,109,67476,60,53,하행,임곡2리,711.6,2026-05-12
동해1,동해-코아루-호미곶-일월-도심,동해행,동해행,호미곶행,109,67476,60,54,하행,임곡1리,556.6,2026-05-12
동해1,동해-코아루-호미곶-일월-도심,동해행,동해행,호미곶행,109,67476,60,55,하행,약전리,311.3,2026-05-12
동해1,동해-코아루-호미곶-일월-도심,동해행,동해행,호미곶행,109,67476,60,56,하행,황금상가,312.6,2026-05-12
동해1,동해-코아루-호미곶-일월-도심,동해행,동해행,호미곶행,109,67476,60,57,하행,신정리,258.7,2026-05-12
동해1,동해-코아루-호미곶-일월-도심,동해행,동해행,호미곶행,109,67476,60,58,하행,동해면행정복지센터,533.5,2026-05-12
동해1,동해-코아루-호미곶-일월-도심,동해행,동해행,호미곶행,109,67476,60,59,하행,동해환승센터,309.5,2026-05-12
동해1,동해-코아루-호미곶-일월-도심,동해행,동해행,호미곶행,109,67476,60,60,하행,공항주유소,818.4,2026-05-12
동해1,동해-코아루-호미곶-일월-도심,동해행,동해행,호미곶행,109,67476,60,61,하행,화신식물원,442,2026-05-12
동해1,동해-코아루-호미곶-일월-도심,동해행,동해행,호미곶행,109,67476,60,62,하행,일월행복주택아파트,647.9,2026-05-12
동해1,동해-코아루-호미곶-일월-도심,동해행,동해행,호미곶행,109,67476,60,63,하행,포항남부소방서,726,2026-05-12
동해1,동해-코아루-호미곶-일월-도심,동해행,동해행,호미곶행,109,67476,60,64,하행,해군 항공역사관,559.6,2026-05-12
동해1,동해-코아루-호미곶-일월-도심,동해행,동해행,호미곶행,109,67476,60,65,하행,해병대BOQ,416.8,2026-05-12
동해1,동해-코아루-호미곶-일월-도심,동해행,동해행,호미곶행,109,67476,60,66,하행,청림삼거리,679.7,2026-05-12
동해1,동해-코아루-호미곶-일월-도심,동해행,동해행,호미곶행,109,67476,60,67,하행,남구보건소,591.4,2026-05-12
동해1,동해-코아루-호미곶-일월-도심,동해행,동해행,호미곶행,109,67476,60,68,하행,포스코2문,522.7,2026-05-12
동해1,동해-코아루-호미곶-일월-도심,동해행,동해행,호미곶행,109,67476,60,69,하행,포항스틸야드,510.9,2026-05-12
동해1,동해-코아루-호미곶-일월-도심,동해행,동해행,호미곶행,109,67476,60,70,하행,포스코본사,361.7,2026-05-12
동해1,동해-코아루-호미곶-일월-도심,동해행,동해행,호미곶행,109,67476,60,71,하행,단지주유소,573.8,2026-05-12
동해1,동해-코아루-호미곶-일월-도심,동해행,동해행,호미곶행,109,67476,60,72,하행,현대제철,453.2,2026-05-12
동해1,동해-코아루-호미곶-일월-도심,동해행,동해행,호미곶행,109,67476,60,73,하행,형산로터리,995.1,2026-05-12
동해1,동해-코아루-호미곶-일월-도심,동해행,동해행,호미곶행,109,67476,60,74,하행,장애인생산품판매시설,184.7,2026-05-12
동해1,동해-코아루-호미곶-일월-도심,동해행,동해행,호미곶행,109,67476,60,75,하행,대해시장,379.5,2026-05-12
동해1,동해-코아루-호미곶-일월-도심,동해행,동해행,호미곶행,109,67476,60,76,하행,해도119안전센터,495.2,2026-05-12
동해1,동해-코아루-호미곶-일월-도심,동해행,동해행,호미곶행,109,67476,60,77,하행,고속버스터미널,437.6,2026-05-12
동해1,동해-코아루-호미곶-일월-도심,동해행,동해행,호미곶행,109,67476,60,78,하행,오거리,547.2,2026-05-12
동해1,동해-코아루-호미곶-일월-도심,동해행,동해행,호미곶행,109,67476,60,79,하행,죽도시장,439.2,2026-05-12
동해1,동해-코아루-호미곶-일월-도심,동해행,동해행,호미곶행,109,67476,60,80,하행,육거리,413,2026-05-12
동해1,동해-코아루-호미곶-일월-도심,동해행,동해행,호미곶행,109,67476,60,81,하행,수인사,291.7,2026-05-12
동해1,동해-코아루-호미곶-일월-도심,동해행,동해행,호미곶행,109,67476,60,82,하행,도심환승센터,366.8,2026-05-12
동해1,동해-코아루-호미곶-일월-도심,동해행,동해행,호미곶행,109,67476,60,83,하행,도심환승센터,78.2,2026-05-12
동해1,동해-코아루-호미곶-일월-도심,동해행,동해행,호미곶행,109,67476,60,84,하행,도심환승센터,64.7,2026-05-12
동해1,동해-코아루-호미곶-일월-도심,동해행,동해행,호미곶행,109,67476,60,85,하행,YMCA,395.6,2026-05-12
동해1,동해-코아루-호미곶-일월-도심,동해행,동해행,호미곶행,109,67476,60,86,하행,중앙상가,472.1,2026-05-12
동해1,동해-코아루-호미곶-일월-도심,동해행,동해행,호미곶행,109,67476,60,87,하행,죽도시장,429.3,2026-05-12
동해1,동해-코아루-호미곶-일월-도심,동해행,동해행,호미곶행,109,67476,60,88,하행,오거리,267.5,2026-05-12
동해1,동해-코아루-호미곶-일월-도심,동해행,동해행,호미곶행,109,67476,60,89,하행,고속버스터미널,317.7,2026-05-12
동해1,동해-코아루-호미곶-일월-도심,동해행,동해행,호미곶행,109,67476,60,90,하행,해도119안전센터,571,2026-05-12
동해1,동해-코아루-호미곶-일월-도심,동해행,동해행,호미곶행,109,67476,60,91,하행,대해시장,423.9,2026-05-12
동해1,동해-코아루-호미곶-일월-도심,동해행,동해행,호미곶행,109,67476,60,92,하행,장애인생산품판매시설,417.9,2026-05-12
동해1,동해-코아루-호미곶-일월-도심,동해행,동해행,호미곶행,109,67476,60,93,하행,형산로타리,292,2026-05-12
동해1,동해-코아루-호미곶-일월-도심,동해행,동해행,호미곶행,109,67476,60,94,하행,현대제철,976.3,2026-05-12
동해1,동해-코아루-호미곶-일월-도심,동해행,동해행,호미곶행,109,67476,60,95,하행,단지주유소,480.6,2026-05-12
동해1,동해-코아루-호미곶-일월-도심,동해행,동해행,호미곶행,109,67476,60,96,하행,포스코본사,537,2026-05-12
동해1,동해-코아루-호미곶-일월-도심,동해행,동해행,호미곶행,109,67476,60,97,하행,포항스틸야드,491.5,2026-05-12
동해1,동해-코아루-호미곶-일월-도심,동해행,동해행,호미곶행,109,67476,60,98,하행,포스코2문,397.9,2026-05-12
동해1,동해-코아루-호미곶-일월-도심,동해행,동해행,호미곶행,109,67476,60,99,하행,남구보건소,507.3,2026-05-12
동해1,동해-코아루-호미곶-일월-도심,동해행,동해행,호미곶행,109,67476,60,100,하행,청림삼거리,616.7,2026-05-12
동해1,동해-코아루-호미곶-일월-도심,동해행,동해행,호미곶행,109,67476,60,101,하행,청림파출소,149.7,2026-05-12
동해1,동해-코아루-호미곶-일월-도심,동해행,동해행,호미곶행,109,67476,60,102,하행,청림초등학교,201.2,2026-05-12
동해1,동해-코아루-호미곶-일월-도심,동해행,동해행,호미곶행,109,67476,60,103,하행,해병대BOQ,320.3,2026-05-12
동해1,동해-코아루-호미곶-일월-도심,동해행,동해행,호미곶행,109,67476,60,104,하행,해군 항공역사관,407.7,2026-05-12
동해1,동해-코아루-호미곶-일월-도심,동해행,동해행,호미곶행,109,67476,60,105,하행,포항남부소방서,762.5,2026-05-12
동해1,동해-코아루-호미곶-일월-도심,동해행,동해행,호미곶행,109,67476,60,106,하행,일월행복주택아파트,631.4,2026-05-12
동해1,동해-코아루-호미곶-일월-도심,동해행,동해행,호미곶행,109,67476,60,107,하행,화신식물원,576.1,2026-05-12
동해1,동해-코아루-호미곶-일월-도심,동해행,동해행,호미곶행,109,67476,60,108,하행,공항주유소,435.2,2026-05-12
동해1,동해-코아루-호미곶-일월-도심,동해행,동해행,호미곶행,109,67476,60,109,하행,동해환승센터,805.7,2026-05-12
동해1,동해-호미곶-일월-도심-일월,동해행,동해행,호미곶행,112,70574,60,1,상행,동해환승센터,0,2026-05-12
동해1,동해-호미곶-일월-도심-일월,동해행,동해행,호미곶행,112,70574,60,2,상행,동해면행정복지센터,255.1,2026-05-12
동해1,동해-호미곶-일월-도심-일월,동해행,동해행,호미곶행,112,70574,60,3,상행,동해초등학교,315.5,2026-05-12
동해1,동해-호미곶-일월-도심-일월,동해행,동해행,호미곶행,112,70574,60,4,상행,해인실버타운,354.6,2026-05-12
동해1,동해-호미곶-일월-도심-일월,동해행,동해행,호미곶행,112,70574,60,5,상행,코아루블루인시티,426,2026-05-12
동해1,동해-호미곶-일월-도심-일월,동해행,동해행,호미곶행,112,70574,60,6,상행,코아루블루인시티,239,2026-05-12
동해1,동해-호미곶-일월-도심-일월,동해행,동해행,호미곶행,112,70574,60,7,상행,해인실버타운,477.4,2026-05-12
동해1,동해-호미곶-일월-도심-일월,동해행,동해행,호미곶행,112,70574,60,8,상행,동해초등학교,367.5,2026-05-12
동해1,동해-호미곶-일월-도심-일월,동해행,동해행,호미곶행,112,70574,60,9,상행,신정리,401.2,2026-05-12
동해1,동해-호미곶-일월-도심-일월,동해행,동해행,호미곶행,112,70574,60,10,상행,영남상가,347.6,2026-05-12
동해1,동해-호미곶-일월-도심-일월,동해행,동해행,호미곶행,112,70574,60,11,상행,약전리,294,2026-05-12
동해1,동해-호미곶-일월-도심-일월,동해행,동해행,호미곶행,112,70574,60,12,상행,임곡1리,274.3,2026-05-12
동해1,동해-호미곶-일월-도심-일월,동해행,동해행,호미곶행,112,70574,60,13,상행,임곡2리,568.4,2026-05-12
동해1,동해-호미곶-일월-도심-일월,동해행,동해행,호미곶행,112,70574,60,14,상행,숲실,704.3,2026-05-12
동해1,동해-호미곶-일월-도심-일월,동해행,동해행,호미곶행,112,70574,60,15,상행,청룡회관,215.9,2026-05-12
동해1,동해-호미곶-일월-도심-일월,동해행,동해행,호미곶행,112,70574,60,16,상행,연오랑세오녀테마공원,430.4,2026-05-12
동해1,동해-호미곶-일월-도심-일월,동해행,동해행,호미곶행,112,70574,60,17,상행,입암1리,999.6,2026-05-12
동해1,동해-호미곶-일월-도심-일월,동해행,동해행,호미곶행,112,70574,60,18,상행,입암2리,930.8,2026-05-12
동해1,동해-호미곶-일월-도심-일월,동해행,동해행,호미곶행,112,70574,60,19,상행,마산리,1405.2,2026-05-12
동해1,동해-호미곶-일월-도심-일월,동해행,동해행,호미곶행,112,70574,60,20,상행,흥환리,1760,2026-05-12
동해1,동해-호미곶-일월-도심-일월,동해행,동해행,호미곶행,112,70574,60,21,상행,중흥리,302.2,2026-05-12
동해1,동해-호미곶-일월-도심-일월,동해행,동해행,호미곶행,112,70574,60,22,상행,중흥리마을회관,502.1,2026-05-12
동해1,동해-호미곶-일월-도심-일월,동해행,동해행,호미곶행,112,70574,60,23,상행,중흥리,430.5,2026-05-12
동해1,동해-호미곶-일월-도심-일월,동해행,동해행,호미곶행,112,70574,60,24,상행,발산1리,3756.4,2026-05-12
동해1,동해-호미곶-일월-도심-일월,동해행,동해행,호미곶행,112,70574,60,25,상행,발산2리,1648.7,2026-05-12
동해1,동해-호미곶-일월-도심-일월,동해행,동해행,호미곶행,112,70574,60,26,상행,대동배진료소,2737.1,2026-05-12
동해1,동해-호미곶-일월-도심-일월,동해행,동해행,호미곶행,112,70574,60,27,상행,대동배교회,280.7,2026-05-12
동해1,동해-호미곶-일월-도심-일월,동해행,동해행,호미곶행,112,70574,60,28,상행,대동배,217.6,2026-05-12
동해1,동해-호미곶-일월-도심-일월,동해행,동해행,호미곶행,112,70574,60,29,상행,대동배2리,1234.6,2026-05-12
동해1,동해-호미곶-일월-도심-일월,동해행,동해행,호미곶행,112,70574,60,30,상행,구만2리,2037.5,2026-05-12
동해1,동해-호미곶-일월-도심-일월,동해행,동해행,호미곶행,112,70574,60,31,상행,구만2리마을회관,217.7,2026-05-12
동해1,동해-호미곶-일월-도심-일월,동해행,동해행,호미곶행,112,70574,60,32,상행,호미곶행정복지센터,520.9,2026-05-12
동해1,동해-호미곶-일월-도심-일월,동해행,동해행,호미곶행,112,70574,60,33,상행,구룡포수협호미곶지점,317.7,2026-05-12
동해1,동해-호미곶-일월-도심-일월,동해행,동해행,호미곶행,112,70574,60,34,상행,구룡포농협호미곶지점,308.1,2026-05-12
동해1,동해-호미곶-일월-도심-일월,동해행,동해행,호미곶행,112,70574,60,35,상행,해맞이광장(면민회관),221.6,2026-05-12
동해1,동해-호미곶-일월-도심-일월,동해행,동해행,호미곶행,112,70574,60,36,하행,호미곶 해맞이광장,312.2,2026-05-12
동해1,동해-호미곶-일월-도심-일월,동해행,동해행,호미곶행,112,70574,60,37,하행,해맞이광장(면민회관),259.1,2026-05-12
동해1,동해-호미곶-일월-도심-일월,동해행,동해행,호미곶행,112,70574,60,38,하행,구룡포농협호미곶지점,200.6,2026-05-12
동해1,동해-호미곶-일월-도심-일월,동해행,동해행,호미곶행,112,70574,60,39,하행,구룡포수협호미곶지점,310.6,2026-05-12
동해1,동해-호미곶-일월-도심-일월,동해행,동해행,호미곶행,112,70574,60,40,하행,호미곶행정복지센터,332.3,2026-05-12
동해1,동해-호미곶-일월-도심-일월,동해행,동해행,호미곶행,112,70574,60,41,하행,구만2리마을회관,509.8,2026-05-12
동해1,동해-호미곶-일월-도심-일월,동해행,동해행,호미곶행,112,70574,60,42,하행,구만2리,243.1,2026-05-12
동해1,동해-호미곶-일월-도심-일월,동해행,동해행,호미곶행,112,70574,60,43,하행,대동배2리,2016.2,2026-05-12
동해1,동해-호미곶-일월-도심-일월,동해행,동해행,호미곶행,112,70574,60,44,하행,대동배,1250.8,2026-05-12
동해1,동해-호미곶-일월-도심-일월,동해행,동해행,호미곶행,112,70574,60,45,하행,대동배교회,215.9,2026-05-12
동해1,동해-호미곶-일월-도심-일월,동해행,동해행,호미곶행,112,70574,60,46,하행,대동배진료소,276.5,2026-05-12
동해1,동해-호미곶-일월-도심-일월,동해행,동해행,호미곶행,112,70574,60,47,하행,발산2리,2737.6,2026-05-12
동해1,동해-호미곶-일월-도심-일월,동해행,동해행,호미곶행,112,70574,60,48,하행,발산1리,1687.8,2026-05-12
동해1,동해-호미곶-일월-도심-일월,동해행,동해행,호미곶행,112,70574,60,49,하행,흥환리,1855.4,2026-05-12
동해1,동해-호미곶-일월-도심-일월,동해행,동해행,호미곶행,112,70574,60,50,하행,마산리,1775.2,2026-05-12
동해1,동해-호미곶-일월-도심-일월,동해행,동해행,호미곶행,112,70574,60,51,하행,입암2리,1412.8,2026-05-12
동해1,동해-호미곶-일월-도심-일월,동해행,동해행,호미곶행,112,70574,60,52,하행,입암1리,939.2,2026-05-12
동해1,동해-호미곶-일월-도심-일월,동해행,동해행,호미곶행,112,70574,60,53,하행,연오랑세오녀테마공원,998.4,2026-05-12
동해1,동해-호미곶-일월-도심-일월,동해행,동해행,호미곶행,112,70574,60,54,하행,청룡회관,451.3,2026-05-12
동해1,동해-호미곶-일월-도심-일월,동해행,동해행,호미곶행,112,70574,60,55,하행,숲실,174.8,2026-05-12
동해1,동해-호미곶-일월-도심-일월,동해행,동해행,호미곶행,112,70574,60,56,하행,임곡2리,711.6,2026-05-12
동해1,동해-호미곶-일월-도심-일월,동해행,동해행,호미곶행,112,70574,60,57,하행,임곡1리,556.6,2026-05-12
동해1,동해-호미곶-일월-도심-일월,동해행,동해행,호미곶행,112,70574,60,58,하행,약전리,311.3,2026-05-12
동해1,동해-호미곶-일월-도심-일월,동해행,동해행,호미곶행,112,70574,60,59,하행,황금상가,312.6,2026-05-12
동해1,동해-호미곶-일월-도심-일월,동해행,동해행,호미곶행,112,70574,60,60,하행,신정리,258.7,2026-05-12
동해1,동해-호미곶-일월-도심-일월,동해행,동해행,호미곶행,112,70574,60,61,하행,동해면행정복지센터,533.5,2026-05-12
동해1,동해-호미곶-일월-도심-일월,동해행,동해행,호미곶행,112,70574,60,62,하행,동해환승센터,309.5,2026-05-12
동해1,동해-호미곶-일월-도심-일월,동해행,동해행,호미곶행,112,70574,60,63,하행,공항주유소,818.4,2026-05-12
동해1,동해-호미곶-일월-도심-일월,동해행,동해행,호미곶행,112,70574,60,64,하행,화신식물원,442,2026-05-12
동해1,동해-호미곶-일월-도심-일월,동해행,동해행,호미곶행,112,70574,60,65,하행,일월행복주택아파트,647.9,2026-05-12
동해1,동해-호미곶-일월-도심-일월,동해행,동해행,호미곶행,112,70574,60,66,하행,포항남부소방서,726,2026-05-12
동해1,동해-호미곶-일월-도심-일월,동해행,동해행,호미곶행,112,70574,60,67,하행,해군 항공역사관,559.6,2026-05-12
동해1,동해-호미곶-일월-도심-일월,동해행,동해행,호미곶행,112,70574,60,68,하행,해병대BOQ,416.8,2026-05-12
동해1,동해-호미곶-일월-도심-일월,동해행,동해행,호미곶행,112,70574,60,69,하행,청림삼거리,679.7,2026-05-12
동해1,동해-호미곶-일월-도심-일월,동해행,동해행,호미곶행,112,70574,60,70,하행,남구보건소,591.4,2026-05-12
동해1,동해-호미곶-일월-도심-일월,동해행,동해행,호미곶행,112,70574,60,71,하행,포스코2문,522.7,2026-05-12
동해1,동해-호미곶-일월-도심-일월,동해행,동해행,호미곶행,112,70574,60,72,하행,포항스틸야드,510.9,2026-05-12
동해1,동해-호미곶-일월-도심-일월,동해행,동해행,호미곶행,112,70574,60,73,하행,포스코본사,361.7,2026-05-12
동해1,동해-호미곶-일월-도심-일월,동해행,동해행,호미곶행,112,70574,60,74,하행,단지주유소,573.8,2026-05-12
동해1,동해-호미곶-일월-도심-일월,동해행,동해행,호미곶행,112,70574,60,75,하행,현대제철,453.2,2026-05-12
동해1,동해-호미곶-일월-도심-일월,동해행,동해행,호미곶행,112,70574,60,76,하행,형산로터리,995.1,2026-05-12
동해1,동해-호미곶-일월-도심-일월,동해행,동해행,호미곶행,112,70574,60,77,하행,장애인생산품판매시설,184.7,2026-05-12
동해1,동해-호미곶-일월-도심-일월,동해행,동해행,호미곶행,112,70574,60,78,하행,대해시장,379.5,2026-05-12
동해1,동해-호미곶-일월-도심-일월,동해행,동해행,호미곶행,112,70574,60,79,하행,해도119안전센터,495.2,2026-05-12
동해1,동해-호미곶-일월-도심-일월,동해행,동해행,호미곶행,112,70574,60,80,하행,고속버스터미널,437.6,2026-05-12
동해1,동해-호미곶-일월-도심-일월,동해행,동해행,호미곶행,112,70574,60,81,하행,오거리,547.2,2026-05-12
동해1,동해-호미곶-일월-도심-일월,동해행,동해행,호미곶행,112,70574,60,82,하행,죽도시장,439.2,2026-05-12
동해1,동해-호미곶-일월-도심-일월,동해행,동해행,호미곶행,112,70574,60,83,하행,육거리,413,2026-05-12
동해1,동해-호미곶-일월-도심-일월,동해행,동해행,호미곶행,112,70574,60,84,하행,수인사,291.7,2026-05-12
동해1,동해-호미곶-일월-도심-일월,동해행,동해행,호미곶행,112,70574,60,85,하행,도심환승센터,366.8,2026-05-12
동해1,동해-호미곶-일월-도심-일월,동해행,동해행,호미곶행,112,70574,60,86,하행,도심환승센터,78.2,2026-05-12
동해1,동해-호미곶-일월-도심-일월,동해행,동해행,호미곶행,112,70574,60,87,하행,도심환승센터,64.7,2026-05-12
동해1,동해-호미곶-일월-도심-일월,동해행,동해행,호미곶행,112,70574,60,88,하행,YMCA,395.6,2026-05-12
동해1,동해-호미곶-일월-도심-일월,동해행,동해행,호미곶행,112,70574,60,89,하행,중앙상가,472.1,2026-05-12
동해1,동해-호미곶-일월-도심-일월,동해행,동해행,호미곶행,112,70574,60,90,하행,죽도시장,429.3,2026-05-12
동해1,동해-호미곶-일월-도심-일월,동해행,동해행,호미곶행,112,70574,60,91,하행,오거리,267.5,2026-05-12
동해1,동해-호미곶-일월-도심-일월,동해행,동해행,호미곶행,112,70574,60,92,하행,고속버스터미널,317.7,2026-05-12
동해1,동해-호미곶-일월-도심-일월,동해행,동해행,호미곶행,112,70574,60,93,하행,해도119안전센터,571,2026-05-12
동해1,동해-호미곶-일월-도심-일월,동해행,동해행,호미곶행,112,70574,60,94,하행,대해시장,423.9,2026-05-12
동해1,동해-호미곶-일월-도심-일월,동해행,동해행,호미곶행,112,70574,60,95,하행,장애인생산품판매시설,417.9,2026-05-12
동해1,동해-호미곶-일월-도심-일월,동해행,동해행,호미곶행,112,70574,60,96,하행,형산로타리,292,2026-05-12
동해1,동해-호미곶-일월-도심-일월,동해행,동해행,호미곶행,112,70574,60,97,하행,현대제철,976.3,2026-05-12
동해1,동해-호미곶-일월-도심-일월,동해행,동해행,호미곶행,112,70574,60,98,하행,단지주유소,480.6,2026-05-12
동해1,동해-호미곶-일월-도심-일월,동해행,동해행,호미곶행,112,70574,60,99,하행,포스코본사,537,2026-05-12
동해1,동해-호미곶-일월-도심-일월,동해행,동해행,호미곶행,112,70574,60,100,하행,포항스틸야드,491.5,2026-05-12
동해1,동해-호미곶-일월-도심-일월,동해행,동해행,호미곶행,112,70574,60,101,하행,포스코2문,397.9,2026-05-12
동해1,동해-호미곶-일월-도심-일월,동해행,동해행,호미곶행,112,70574,60,102,하행,남구보건소,507.3,2026-05-12
동해1,동해-호미곶-일월-도심-일월,동해행,동해행,호미곶행,112,70574,60,103,하행,청림삼거리,616.7,2026-05-12
동해1,동해-호미곶-일월-도심-일월,동해행,동해행,호미곶행,112,70574,60,104,하행,청림파출소,149.7,2026-05-12
동해1,동해-호미곶-일월-도심-일월,동해행,동해행,호미곶행,112,70574,60,105,하행,청림초등학교,201.2,2026-05-12
동해1,동해-호미곶-일월-도심-일월,동해행,동해행,호미곶행,112,70574,60,106,하행,해병대BOQ,320.3,2026-05-12
동해1,동해-호미곶-일월-도심-일월,동해행,동해행,호미곶행,112,70574,60,107,하행,해군 항공역사관,407.7,2026-05-12
동해1,동해-호미곶-일월-도심-일월,동해행,동해행,호미곶행,112,70574,60,108,하행,포항남부소방서,762.5,2026-05-12
동해1,동해-호미곶-일월-도심-일월,동해행,동해행,호미곶행,112,70574,60,109,하행,일월행복주택아파트,631.4,2026-05-12
동해1,동해-호미곶-일월-도심-일월,동해행,동해행,호미곶행,112,70574,60,110,하행,화신식물원,576.1,2026-05-12
동해1,동해-호미곶-일월-도심-일월,동해행,동해행,호미곶행,112,70574,60,111,하행,공항주유소,435.2,2026-05-12
동해1,동해-호미곶-일월-도심-일월,동해행,동해행,호미곶행,112,70574,60,112,하행,동해환승센터,805.7,2026-05-12
동해1,동해-호미곶-일월행복-도심,동해행,동해행,호미곶행,109,67476,60,1,상행,동해환승센터,0,2026-05-12
동해1,동해-호미곶-일월행복-도심,동해행,동해행,호미곶행,109,67476,60,2,상행,동해면행정복지센터,255.1,2026-05-12
동해1,동해-호미곶-일월행복-도심,동해행,동해행,호미곶행,109,67476,60,3,상행,신정리,513.7,2026-05-12
동해1,동해-호미곶-일월행복-도심,동해행,동해행,호미곶행,109,67476,60,4,상행,영남상가,347.6,2026-05-12
동해1,동해-호미곶-일월행복-도심,동해행,동해행,호미곶행,109,67476,60,5,상행,약전리,294,2026-05-12
동해1,동해-호미곶-일월행복-도심,동해행,동해행,호미곶행,109,67476,60,6,상행,임곡1리,274.3,2026-05-12
동해1,동해-호미곶-일월행복-도심,동해행,동해행,호미곶행,109,67476,60,7,상행,임곡2리,568.4,2026-05-12
동해1,동해-호미곶-일월행복-도심,동해행,동해행,호미곶행,109,67476,60,8,상행,숲실,704.3,2026-05-12
동해1,동해-호미곶-일월행복-도심,동해행,동해행,호미곶행,109,67476,60,9,상행,청룡회관,215.9,2026-05-12
동해1,동해-호미곶-일월행복-도심,동해행,동해행,호미곶행,109,67476,60,10,상행,연오랑세오녀테마공원,430.4,2026-05-12
동해1,동해-호미곶-일월행복-도심,동해행,동해행,호미곶행,109,67476,60,11,상행,입암1리,999.6,2026-05-12
동해1,동해-호미곶-일월행복-도심,동해행,동해행,호미곶행,109,67476,60,12,상행,입암2리,930.8,2026-05-12
동해1,동해-호미곶-일월행복-도심,동해행,동해행,호미곶행,109,67476,60,13,상행,마산리,1405.2,2026-05-12
동해1,동해-호미곶-일월행복-도심,동해행,동해행,호미곶행,109,67476,60,14,상행,흥환리,1760,2026-05-12
동해1,동해-호미곶-일월행복-도심,동해행,동해행,호미곶행,109,67476,60,15,상행,발산1리,1893.4,2026-05-12
동해1,동해-호미곶-일월행복-도심,동해행,동해행,호미곶행,109,67476,60,16,상행,발산2리,1648.7,2026-05-12
동해1,동해-호미곶-일월행복-도심,동해행,동해행,호미곶행,109,67476,60,17,상행,대동배진료소,2737.1,2026-05-12
동해1,동해-호미곶-일월행복-도심,동해행,동해행,호미곶행,109,67476,60,18,상행,대동배교회,280.7,2026-05-12
동해1,동해-호미곶-일월행복-도심,동해행,동해행,호미곶행,109,67476,60,19,상행,대동배,217.6,2026-05-12
동해1,동해-호미곶-일월행복-도심,동해행,동해행,호미곶행,109,67476,60,20,상행,대동배2리,1234.6,2026-05-12
동해1,동해-호미곶-일월행복-도심,동해행,동해행,호미곶행,109,67476,60,21,상행,구만2리,2037.5,2026-05-12
동해1,동해-호미곶-일월행복-도심,동해행,동해행,호미곶행,109,67476,60,22,상행,구만2리마을회관,217.7,2026-05-12
동해1,동해-호미곶-일월행복-도심,동해행,동해행,호미곶행,109,67476,60,23,상행,호미곶행정복지센터,520.9,2026-05-12
동해1,동해-호미곶-일월행복-도심,동해행,동해행,호미곶행,109,67476,60,24,상행,구룡포수협호미곶지점,317.7,2026-05-12
동해1,동해-호미곶-일월행복-도심,동해행,동해행,호미곶행,109,67476,60,25,상행,구룡포농협호미곶지점,308.1,2026-05-12
동해1,동해-호미곶-일월행복-도심,동해행,동해행,호미곶행,109,67476,60,26,상행,해맞이광장(면민회관),221.6,2026-05-12
동해1,동해-호미곶-일월행복-도심,동해행,동해행,호미곶행,109,67476,60,27,하행,호미곶 해맞이광장,312.2,2026-05-12
동해1,동해-호미곶-일월행복-도심,동해행,동해행,호미곶행,109,67476,60,28,하행,해맞이광장(면민회관),259.1,2026-05-12
동해1,동해-호미곶-일월행복-도심,동해행,동해행,호미곶행,109,67476,60,29,하행,구룡포농협호미곶지점,200.6,2026-05-12
동해1,동해-호미곶-일월행복-도심,동해행,동해행,호미곶행,109,67476,60,30,하행,구룡포수협호미곶지점,310.6,2026-05-12
동해1,동해-호미곶-일월행복-도심,동해행,동해행,호미곶행,109,67476,60,31,하행,호미곶행정복지센터,332.3,2026-05-12
동해1,동해-호미곶-일월행복-도심,동해행,동해행,호미곶행,109,67476,60,32,하행,구만2리마을회관,509.8,2026-05-12
동해1,동해-호미곶-일월행복-도심,동해행,동해행,호미곶행,109,67476,60,33,하행,구만2리,243.1,2026-05-12
동해1,동해-호미곶-일월행복-도심,동해행,동해행,호미곶행,109,67476,60,34,하행,대동배2리,2016.2,2026-05-12
동해1,동해-호미곶-일월행복-도심,동해행,동해행,호미곶행,109,67476,60,35,하행,대동배,1250.8,2026-05-12
동해1,동해-호미곶-일월행복-도심,동해행,동해행,호미곶행,109,67476,60,36,하행,대동배교회,215.9,2026-05-12
동해1,동해-호미곶-일월행복-도심,동해행,동해행,호미곶행,109,67476,60,37,하행,대동배진료소,276.5,2026-05-12
동해1,동해-호미곶-일월행복-도심,동해행,동해행,호미곶행,109,67476,60,38,하행,발산2리,2737.6,2026-05-12
동해1,동해-호미곶-일월행복-도심,동해행,동해행,호미곶행,109,67476,60,39,하행,발산1리,1687.8,2026-05-12
동해1,동해-호미곶-일월행복-도심,동해행,동해행,호미곶행,109,67476,60,40,하행,흥환리,1855.4,2026-05-12
동해1,동해-호미곶-일월행복-도심,동해행,동해행,호미곶행,109,67476,60,41,하행,마산리,1775.2,2026-05-12
동해1,동해-호미곶-일월행복-도심,동해행,동해행,호미곶행,109,67476,60,42,하행,입암2리,1412.8,2026-05-12
동해1,동해-호미곶-일월행복-도심,동해행,동해행,호미곶행,109,67476,60,43,하행,입암1리,939.2,2026-05-12
동해1,동해-호미곶-일월행복-도심,동해행,동해행,호미곶행,109,67476,60,44,하행,연오랑세오녀테마공원,998.4,2026-05-12
동해1,동해-호미곶-일월행복-도심,동해행,동해행,호미곶행,109,67476,60,45,하행,청룡회관,451.3,2026-05-12
동해1,동해-호미곶-일월행복-도심,동해행,동해행,호미곶행,109,67476,60,46,하행,숲실,174.8,2026-05-12
동해1,동해-호미곶-일월행복-도심,동해행,동해행,호미곶행,109,67476,60,47,하행,임곡2리,711.6,2026-05-12
동해1,동해-호미곶-일월행복-도심,동해행,동해행,호미곶행,109,67476,60,48,하행,임곡1리,556.6,2026-05-12
동해1,동해-호미곶-일월행복-도심,동해행,동해행,호미곶행,109,67476,60,49,하행,약전리,311.3,2026-05-12
동해1,동해-호미곶-일월행복-도심,동해행,동해행,호미곶행,109,67476,60,50,하행,황금상가,312.6,2026-05-12
동해1,동해-호미곶-일월행복-도심,동해행,동해행,호미곶행,109,67476,60,51,하행,신정리,258.7,2026-05-12
동해1,동해-호미곶-일월행복-도심,동해행,동해행,호미곶행,109,67476,60,52,하행,동해초등학교,471.6,2026-05-12
동해1,동해-호미곶-일월행복-도심,동해행,동해행,호미곶행,109,67476,60,53,하행,해인실버타운,354.6,2026-05-12
동해1,동해-호미곶-일월행복-도심,동해행,동해행,호미곶행,109,67476,60,54,하행,코아루블루인시티,426,2026-05-12
동해1,동해-호미곶-일월행복-도심,동해행,동해행,호미곶행,109,67476,60,55,하행,코아루블루인시티,239,2026-05-12
동해1,동해-호미곶-일월행복-도심,동해행,동해행,호미곶행,109,67476,60,56,하행,해인실버타운,477.4,2026-05-12
동해1,동해-호미곶-일월행복-도심,동해행,동해행,호미곶행,109,67476,60,57,하행,동해초등학교,367.5,2026-05-12
동해1,동해-호미곶-일월행복-도심,동해행,동해행,호미곶행,109,67476,60,58,하행,동해면행정복지센터,264.9,2026-05-12
동해1,동해-호미곶-일월행복-도심,동해행,동해행,호미곶행,109,67476,60,59,하행,동해환승센터,309.5,2026-05-12
동해1,동해-호미곶-일월행복-도심,동해행,동해행,호미곶행,109,67476,60,60,하행,공항주유소,818.4,2026-05-12
동해1,동해-호미곶-일월행복-도심,동해행,동해행,호미곶행,109,67476,60,61,하행,화신식물원,442,2026-05-12
동해1,동해-호미곶-일월행복-도심,동해행,동해행,호미곶행,109,67476,60,62,하행,일월행복주택아파트,647.9,2026-05-12
동해1,동해-호미곶-일월행복-도심,동해행,동해행,호미곶행,109,67476,60,63,하행,포항남부소방서,726,2026-05-12
동해1,동해-호미곶-일월행복-도심,동해행,동해행,호미곶행,109,67476,60,64,하행,해군 항공역사관,559.6,2026-05-12
동해1,동해-호미곶-일월행복-도심,동해행,동해행,호미곶행,109,67476,60,65,하행,해병대BOQ,416.8,2026-05-12
동해1,동해-호미곶-일월행복-도심,동해행,동해행,호미곶행,109,67476,60,66,하행,청림삼거리,679.7,2026-05-12
동해1,동해-호미곶-일월행복-도심,동해행,동해행,호미곶행,109,67476,60,67,하행,남구보건소,591.4,2026-05-12
동해1,동해-호미곶-일월행복-도심,동해행,동해행,호미곶행,109,67476,60,68,하행,포스코2문,522.7,2026-05-12
동해1,동해-호미곶-일월행복-도심,동해행,동해행,호미곶행,109,67476,60,69,하행,포항스틸야드,510.9,2026-05-12
동해1,동해-호미곶-일월행복-도심,동해행,동해행,호미곶행,109,67476,60,70,하행,포스코본사,361.7,2026-05-12
동해1,동해-호미곶-일월행복-도심,동해행,동해행,호미곶행,109,67476,60,71,하행,단지주유소,573.8,2026-05-12
동해1,동해-호미곶-일월행복-도심,동해행,동해행,호미곶행,109,67476,60,72,하행,현대제철,453.2,2026-05-12
동해1,동해-호미곶-일월행복-도심,동해행,동해행,호미곶행,109,67476,60,73,하행,형산로터리,995.1,2026-05-12
동해1,동해-호미곶-일월행복-도심,동해행,동해행,호미곶행,109,67476,60,74,하행,장애인생산품판매시설,184.7,2026-05-12
동해1,동해-호미곶-일월행복-도심,동해행,동해행,호미곶행,109,67476,60,75,하행,대해시장,379.5,2026-05-12
동해1,동해-호미곶-일월행복-도심,동해행,동해행,호미곶행,109,67476,60,76,하행,해도119안전센터,495.2,2026-05-12
동해1,동해-호미곶-일월행복-도심,동해행,동해행,호미곶행,109,67476,60,77,하행,고속버스터미널,437.6,2026-05-12
동해1,동해-호미곶-일월행복-도심,동해행,동해행,호미곶행,109,67476,60,78,하행,오거리,547.2,2026-05-12
동해1,동해-호미곶-일월행복-도심,동해행,동해행,호미곶행,109,67476,60,79,하행,죽도시장,439.2,2026-05-12
동해1,동해-호미곶-일월행복-도심,동해행,동해행,호미곶행,109,67476,60,80,하행,육거리,413,2026-05-12
동해1,동해-호미곶-일월행복-도심,동해행,동해행,호미곶행,109,67476,60,81,하행,수인사,291.7,2026-05-12
동해1,동해-호미곶-일월행복-도심,동해행,동해행,호미곶행,109,67476,60,82,하행,도심환승센터,366.8,2026-05-12
동해1,동해-호미곶-일월행복-도심,동해행,동해행,호미곶행,109,67476,60,83,하행,도심환승센터,78.2,2026-05-12
동해1,동해-호미곶-일월행복-도심,동해행,동해행,호미곶행,109,67476,60,84,하행,도심환승센터,64.7,2026-05-12
동해1,동해-호미곶-일월행복-도심,동해행,동해행,호미곶행,109,67476,60,85,하행,YMCA,395.6,2026-05-12
동해1,동해-호미곶-일월행복-도심,동해행,동해행,호미곶행,109,67476,60,86,하행,중앙상가,472.1,2026-05-12
동해1,동해-호미곶-일월행복-도심,동해행,동해행,호미곶행,109,67476,60,87,하행,죽도시장,429.3,2026-05-12
동해1,동해-호미곶-일월행복-도심,동해행,동해행,호미곶행,109,67476,60,88,하행,오거리,267.5,2026-05-12
동해1,동해-호미곶-일월행복-도심,동해행,동해행,호미곶행,109,67476,60,89,하행,고속버스터미널,317.7,2026-05-12
동해1,동해-호미곶-일월행복-도심,동해행,동해행,호미곶행,109,67476,60,90,하행,해도119안전센터,571,2026-05-12
동해1,동해-호미곶-일월행복-도심,동해행,동해행,호미곶행,109,67476,60,91,하행,대해시장,423.9,2026-05-12
동해1,동해-호미곶-일월행복-도심,동해행,동해행,호미곶행,109,67476,60,92,하행,장애인생산품판매시설,417.9,2026-05-12
동해1,동해-호미곶-일월행복-도심,동해행,동해행,호미곶행,109,67476,60,93,하행,형산로타리,292,2026-05-12
동해1,동해-호미곶-일월행복-도심,동해행,동해행,호미곶행,109,67476,60,94,하행,현대제철,976.3,2026-05-12
동해1,동해-호미곶-일월행복-도심,동해행,동해행,호미곶행,109,67476,60,95,하행,단지주유소,480.6,2026-05-12
동해1,동해-호미곶-일월행복-도심,동해행,동해행,호미곶행,109,67476,60,96,하행,포스코본사,537,2026-05-12
동해1,동해-호미곶-일월행복-도심,동해행,동해행,호미곶행,109,67476,60,97,하행,포항스틸야드,491.5,2026-05-12
동해1,동해-호미곶-일월행복-도심,동해행,동해행,호미곶행,109,67476,60,98,하행,포스코2문,397.9,2026-05-12
동해1,동해-호미곶-일월행복-도심,동해행,동해행,호미곶행,109,67476,60,99,하행,남구보건소,507.3,2026-05-12
동해1,동해-호미곶-일월행복-도심,동해행,동해행,호미곶행,109,67476,60,100,하행,청림삼거리,616.7,2026-05-12
동해1,동해-호미곶-일월행복-도심,동해행,동해행,호미곶행,109,67476,60,101,하행,청림파출소,149.7,2026-05-12
동해1,동해-호미곶-일월행복-도심,동해행,동해행,호미곶행,109,67476,60,102,하행,청림초등학교,201.2,2026-05-12
동해1,동해-호미곶-일월행복-도심,동해행,동해행,호미곶행,109,67476,60,103,하행,해병대BOQ,320.3,2026-05-12
동해1,동해-호미곶-일월행복-도심,동해행,동해행,호미곶행,109,67476,60,104,하행,해군 항공역사관,407.7,2026-05-12
동해1,동해-호미곶-일월행복-도심,동해행,동해행,호미곶행,109,67476,60,105,하행,포항남부소방서,762.5,2026-05-12
동해1,동해-호미곶-일월행복-도심,동해행,동해행,호미곶행,109,67476,60,106,하행,일월행복주택아파트,631.4,2026-05-12
동해1,동해-호미곶-일월행복-도심,동해행,동해행,호미곶행,109,67476,60,107,하행,화신식물원,576.1,2026-05-12
동해1,동해-호미곶-일월행복-도심,동해행,동해행,호미곶행,109,67476,60,108,하행,공항주유소,435.2,2026-05-12
동해1,동해-호미곶-일월행복-도심,동해행,동해행,호미곶행,109,67476,60,109,하행,동해환승센터,805.7,2026-05-12
동해1,동해-호미곶-중흥(발산)-동해,동해행,동해행,호미곶행,63,49919,60,1,상행,동해환승센터,0,2026-05-12
동해1,동해-호미곶-중흥(발산)-동해,동해행,동해행,호미곶행,63,49919,60,2,상행,동해면행정복지센터,255.1,2026-05-12
동해1,동해-호미곶-중흥(발산)-동해,동해행,동해행,호미곶행,63,49919,60,3,상행,동해초등학교,315.5,2026-05-12
동해1,동해-호미곶-중흥(발산)-동해,동해행,동해행,호미곶행,63,49919,60,4,상행,해인실버타운,354.6,2026-05-12
동해1,동해-호미곶-중흥(발산)-동해,동해행,동해행,호미곶행,63,49919,60,5,상행,코아루블루인시티,426,2026-05-12
동해1,동해-호미곶-중흥(발산)-동해,동해행,동해행,호미곶행,63,49919,60,6,상행,코아루블루인시티,239,2026-05-12
동해1,동해-호미곶-중흥(발산)-동해,동해행,동해행,호미곶행,63,49919,60,7,상행,해인실버타운,477.4,2026-05-12
동해1,동해-호미곶-중흥(발산)-동해,동해행,동해행,호미곶행,63,49919,60,8,상행,동해초등학교,367.5,2026-05-12
동해1,동해-호미곶-중흥(발산)-동해,동해행,동해행,호미곶행,63,49919,60,9,상행,신정리,401.2,2026-05-12
동해1,동해-호미곶-중흥(발산)-동해,동해행,동해행,호미곶행,63,49919,60,10,상행,영남상가,347.6,2026-05-12
동해1,동해-호미곶-중흥(발산)-동해,동해행,동해행,호미곶행,63,49919,60,11,상행,약전리,294,2026-05-12
동해1,동해-호미곶-중흥(발산)-동해,동해행,동해행,호미곶행,63,49919,60,12,상행,임곡1리,274.3,2026-05-12
동해1,동해-호미곶-중흥(발산)-동해,동해행,동해행,호미곶행,63,49919,60,13,상행,임곡2리,568.4,2026-05-12
동해1,동해-호미곶-중흥(발산)-동해,동해행,동해행,호미곶행,63,49919,60,14,상행,숲실,704.3,2026-05-12
동해1,동해-호미곶-중흥(발산)-동해,동해행,동해행,호미곶행,63,49919,60,15,상행,청룡회관,215.9,2026-05-12
동해1,동해-호미곶-중흥(발산)-동해,동해행,동해행,호미곶행,63,49919,60,16,상행,연오랑세오녀테마공원,430.4,2026-05-12
동해1,동해-호미곶-중흥(발산)-동해,동해행,동해행,호미곶행,63,49919,60,17,상행,입암1리,999.6,2026-05-12
동해1,동해-호미곶-중흥(발산)-동해,동해행,동해행,호미곶행,63,49919,60,18,상행,입암2리,930.8,2026-05-12
동해1,동해-호미곶-중흥(발산)-동해,동해행,동해행,호미곶행,63,49919,60,19,상행,마산리,1405.2,2026-05-12
동해1,동해-호미곶-중흥(발산)-동해,동해행,동해행,호미곶행,63,49919,60,20,상행,흥환리,1760,2026-05-12
동해1,동해-호미곶-중흥(발산)-동해,동해행,동해행,호미곶행,63,49919,60,21,상행,중흥리,302.2,2026-05-12
동해1,동해-호미곶-중흥(발산)-동해,동해행,동해행,호미곶행,63,49919,60,22,상행,중흥리마을회관,502.1,2026-05-12
동해1,동해-호미곶-중흥(발산)-동해,동해행,동해행,호미곶행,63,49919,60,23,상행,중흥리,430.5,2026-05-12
동해1,동해-호미곶-중흥(발산)-동해,동해행,동해행,호미곶행,63,49919,60,24,상행,발산1리,3756.4,2026-05-12
동해1,동해-호미곶-중흥(발산)-동해,동해행,동해행,호미곶행,63,49919,60,25,상행,발산2리,1648.7,2026-05-12
동해1,동해-호미곶-중흥(발산)-동해,동해행,동해행,호미곶행,63,49919,60,26,상행,대동배진료소,2737.1,2026-05-12
동해1,동해-호미곶-중흥(발산)-동해,동해행,동해행,호미곶행,63,49919,60,27,상행,대동배교회,280.7,2026-05-12
동해1,동해-호미곶-중흥(발산)-동해,동해행,동해행,호미곶행,63,49919,60,28,상행,대동배,217.6,2026-05-12
동해1,동해-호미곶-중흥(발산)-동해,동해행,동해행,호미곶행,63,49919,60,29,상행,대동배2리,1234.6,2026-05-12
동해1,동해-호미곶-중흥(발산)-동해,동해행,동해행,호미곶행,63,49919,60,30,상행,구만2리,2037.5,2026-05-12
동해1,동해-호미곶-중흥(발산)-동해,동해행,동해행,호미곶행,63,49919,60,31,상행,구만2리마을회관,217.7,2026-05-12
동해1,동해-호미곶-중흥(발산)-동해,동해행,동해행,호미곶행,63,49919,60,32,상행,호미곶행정복지센터,520.9,2026-05-12
동해1,동해-호미곶-중흥(발산)-동해,동해행,동해행,호미곶행,63,49919,60,33,상행,구룡포수협호미곶지점,317.7,2026-05-12
동해1,동해-호미곶-중흥(발산)-동해,동해행,동해행,호미곶행,63,49919,60,34,상행,구룡포농협호미곶지점,308.1,2026-05-12
동해1,동해-호미곶-중흥(발산)-동해,동해행,동해행,호미곶행,63,49919,60,35,상행,해맞이광장(면민회관),221.6,2026-05-12
동해1,동해-호미곶-중흥(발산)-동해,동해행,동해행,호미곶행,63,49919,60,36,하행,호미곶 해맞이광장,312.2,2026-05-12
동해1,동해-호미곶-중흥(발산)-동해,동해행,동해행,호미곶행,63,49919,60,37,하행,해맞이광장(면민회관),259.1,2026-05-12
동해1,동해-호미곶-중흥(발산)-동해,동해행,동해행,호미곶행,63,49919,60,38,하행,구룡포농협호미곶지점,200.6,2026-05-12
동해1,동해-호미곶-중흥(발산)-동해,동해행,동해행,호미곶행,63,49919,60,39,하행,구룡포수협호미곶지점,310.6,2026-05-12
동해1,동해-호미곶-중흥(발산)-동해,동해행,동해행,호미곶행,63,49919,60,40,하행,호미곶행정복지센터,332.3,2026-05-12
동해1,동해-호미곶-중흥(발산)-동해,동해행,동해행,호미곶행,63,49919,60,41,하행,구만2리마을회관,509.8,2026-05-12
동해1,동해-호미곶-중흥(발산)-동해,동해행,동해행,호미곶행,63,49919,60,42,하행,구만2리,243.1,2026-05-12
동해1,동해-호미곶-중흥(발산)-동해,동해행,동해행,호미곶행,63,49919,60,43,하행,대동배2리,2016.2,2026-05-12
동해1,동해-호미곶-중흥(발산)-동해,동해행,동해행,호미곶행,63,49919,60,44,하행,대동배,1250.8,2026-05-12
동해1,동해-호미곶-중흥(발산)-동해,동해행,동해행,호미곶행,63,49919,60,45,하행,대동배교회,215.9,2026-05-12
동해1,동해-호미곶-중흥(발산)-동해,동해행,동해행,호미곶행,63,49919,60,46,하행,대동배진료소,276.5,2026-05-12
동해1,동해-호미곶-중흥(발산)-동해,동해행,동해행,호미곶행,63,49919,60,47,하행,발산2리,2737.6,2026-05-12
동해1,동해-호미곶-중흥(발산)-동해,동해행,동해행,호미곶행,63,49919,60,48,하행,발산1리,1687.8,2026-05-12
동해1,동해-호미곶-중흥(발산)-동해,동해행,동해행,호미곶행,63,49919,60,49,하행,중흥리마을회관,4249.4,2026-05-12
동해1,동해-호미곶-중흥(발산)-동해,동해행,동해행,호미곶행,63,49919,60,50,하행,흥환리,728,2026-05-12
동해1,동해-호미곶-중흥(발산)-동해,동해행,동해행,호미곶행,63,49919,60,51,하행,마산리,1775.2,2026-05-12
동해1,동해-호미곶-중흥(발산)-동해,동해행,동해행,호미곶행,63,49919,60,52,하행,입암2리,1412.8,2026-05-12
동해1,동해-호미곶-중흥(발산)-동해,동해행,동해행,호미곶행,63,49919,60,53,하행,입암1리,939.2,2026-05-12
동해1,동해-호미곶-중흥(발산)-동해,동해행,동해행,호미곶행,63,49919,60,54,하행,연오랑세오녀테마공원,998.4,2026-05-12
동해1,동해-호미곶-중흥(발산)-동해,동해행,동해행,호미곶행,63,49919,60,55,하행,청룡회관,451.3,2026-05-12
동해1,동해-호미곶-중흥(발산)-동해,동해행,동해행,호미곶행,63,49919,60,56,하행,숲실,174.8,2026-05-12
동해1,동해-호미곶-중흥(발산)-동해,동해행,동해행,호미곶행,63,49919,60,57,하행,임곡2리,711.6,2026-05-12
동해1,동해-호미곶-중흥(발산)-동해,동해행,동해행,호미곶행,63,49919,60,58,하행,임곡1리,556.6,2026-05-12
동해1,동해-호미곶-중흥(발산)-동해,동해행,동해행,호미곶행,63,49919,60,59,하행,약전리,311.3,2026-05-12
동해1,동해-호미곶-중흥(발산)-동해,동해행,동해행,호미곶행,63,49919,60,60,하행,황금상가,312.6,2026-05-12
동해1,동해-호미곶-중흥(발산)-동해,동해행,동해행,호미곶행,63,49919,60,61,하행,신정리,258.7,2026-05-12
동해1,동해-호미곶-중흥(발산)-동해,동해행,동해행,호미곶행,63,49919,60,62,하행,동해면행정복지센터,533.5,2026-05-12
동해1,동해-호미곶-중흥(발산)-동해,동해행,동해행,호미곶행,63,49919,60,63,하행,동해환승센터,309.5,2026-05-12
동해1,동해-호미곶-중흥-코아루-동해,동해행,동해행,호미곶행,62,46821,60,1,상행,동해환승센터,0,2026-05-12
동해1,동해-호미곶-중흥-코아루-동해,동해행,동해행,호미곶행,62,46821,60,2,상행,동해면행정복지센터,255.1,2026-05-12
동해1,동해-호미곶-중흥-코아루-동해,동해행,동해행,호미곶행,62,46821,60,3,상행,신정리,513.7,2026-05-12
동해1,동해-호미곶-중흥-코아루-동해,동해행,동해행,호미곶행,62,46821,60,4,상행,영남상가,347.6,2026-05-12
동해1,동해-호미곶-중흥-코아루-동해,동해행,동해행,호미곶행,62,46821,60,5,상행,약전리,294,2026-05-12
동해1,동해-호미곶-중흥-코아루-동해,동해행,동해행,호미곶행,62,46821,60,6,상행,임곡1리,274.3,2026-05-12
동해1,동해-호미곶-중흥-코아루-동해,동해행,동해행,호미곶행,62,46821,60,7,상행,임곡2리,568.4,2026-05-12
동해1,동해-호미곶-중흥-코아루-동해,동해행,동해행,호미곶행,62,46821,60,8,상행,숲실,704.3,2026-05-12
동해1,동해-호미곶-중흥-코아루-동해,동해행,동해행,호미곶행,62,46821,60,9,상행,청룡회관,215.9,2026-05-12
동해1,동해-호미곶-중흥-코아루-동해,동해행,동해행,호미곶행,62,46821,60,10,상행,연오랑세오녀테마공원,430.4,2026-05-12
동해1,동해-호미곶-중흥-코아루-동해,동해행,동해행,호미곶행,62,46821,60,11,상행,입암1리,999.6,2026-05-12
동해1,동해-호미곶-중흥-코아루-동해,동해행,동해행,호미곶행,62,46821,60,12,상행,입암2리,930.8,2026-05-12
동해1,동해-호미곶-중흥-코아루-동해,동해행,동해행,호미곶행,62,46821,60,13,상행,마산리,1405.2,2026-05-12
동해1,동해-호미곶-중흥-코아루-동해,동해행,동해행,호미곶행,62,46821,60,14,상행,흥환리,1760,2026-05-12
동해1,동해-호미곶-중흥-코아루-동해,동해행,동해행,호미곶행,62,46821,60,15,상행,발산1리,1893.4,2026-05-12
동해1,동해-호미곶-중흥-코아루-동해,동해행,동해행,호미곶행,62,46821,60,16,상행,발산2리,1648.7,2026-05-12
동해1,동해-호미곶-중흥-코아루-동해,동해행,동해행,호미곶행,62,46821,60,17,상행,대동배진료소,2737.1,2026-05-12
동해1,동해-호미곶-중흥-코아루-동해,동해행,동해행,호미곶행,62,46821,60,18,상행,대동배교회,280.7,2026-05-12
동해1,동해-호미곶-중흥-코아루-동해,동해행,동해행,호미곶행,62,46821,60,19,상행,대동배,217.6,2026-05-12
동해1,동해-호미곶-중흥-코아루-동해,동해행,동해행,호미곶행,62,46821,60,20,상행,대동배2리,1234.6,2026-05-12
동해1,동해-호미곶-중흥-코아루-동해,동해행,동해행,호미곶행,62,46821,60,21,상행,구만2리,2037.5,2026-05-12
동해1,동해-호미곶-중흥-코아루-동해,동해행,동해행,호미곶행,62,46821,60,22,상행,구만2리마을회관,217.7,2026-05-12
동해1,동해-호미곶-중흥-코아루-동해,동해행,동해행,호미곶행,62,46821,60,23,상행,호미곶행정복지센터,520.9,2026-05-12
동해1,동해-호미곶-중흥-코아루-동해,동해행,동해행,호미곶행,62,46821,60,24,상행,구룡포수협호미곶지점,317.7,2026-05-12
동해1,동해-호미곶-중흥-코아루-동해,동해행,동해행,호미곶행,62,46821,60,25,상행,구룡포농협호미곶지점,308.1,2026-05-12
동해1,동해-호미곶-중흥-코아루-동해,동해행,동해행,호미곶행,62,46821,60,26,상행,해맞이광장(면민회관),221.6,2026-05-12
동해1,동해-호미곶-중흥-코아루-동해,동해행,동해행,호미곶행,62,46821,60,27,하행,호미곶 해맞이광장,312.2,2026-05-12
동해1,동해-호미곶-중흥-코아루-동해,동해행,동해행,호미곶행,62,46821,60,28,하행,해맞이광장(면민회관),259.1,2026-05-12
동해1,동해-호미곶-중흥-코아루-동해,동해행,동해행,호미곶행,62,46821,60,29,하행,구룡포농협호미곶지점,200.6,2026-05-12
동해1,동해-호미곶-중흥-코아루-동해,동해행,동해행,호미곶행,62,46821,60,30,하행,구룡포수협호미곶지점,310.6,2026-05-12
동해1,동해-호미곶-중흥-코아루-동해,동해행,동해행,호미곶행,62,46821,60,31,하행,호미곶행정복지센터,332.3,2026-05-12
동해1,동해-호미곶-중흥-코아루-동해,동해행,동해행,호미곶행,62,46821,60,32,하행,구만2리마을회관,509.8,2026-05-12
동해1,동해-호미곶-중흥-코아루-동해,동해행,동해행,호미곶행,62,46821,60,33,하행,구만2리,243.1,2026-05-12
동해1,동해-호미곶-중흥-코아루-동해,동해행,동해행,호미곶행,62,46821,60,34,하행,대동배2리,2016.2,2026-05-12
동해1,동해-호미곶-중흥-코아루-동해,동해행,동해행,호미곶행,62,46821,60,35,하행,대동배,1250.8,2026-05-12
동해1,동해-호미곶-중흥-코아루-동해,동해행,동해행,호미곶행,62,46821,60,36,하행,대동배교회,215.9,2026-05-12
동해1,동해-호미곶-중흥-코아루-동해,동해행,동해행,호미곶행,62,46821,60,37,하행,대동배진료소,276.5,2026-05-12
동해1,동해-호미곶-중흥-코아루-동해,동해행,동해행,호미곶행,62,46821,60,38,하행,발산2리,2737.6,2026-05-12
동해1,동해-호미곶-중흥-코아루-동해,동해행,동해행,호미곶행,62,46821,60,39,하행,발산1리,1687.8,2026-05-12
동해1,동해-호미곶-중흥-코아루-동해,동해행,동해행,호미곶행,62,46821,60,40,하행,중흥리,3747.3,2026-05-12
동해1,동해-호미곶-중흥-코아루-동해,동해행,동해행,호미곶행,62,46821,60,41,하행,중흥리마을회관,502.1,2026-05-12
동해1,동해-호미곶-중흥-코아루-동해,동해행,동해행,호미곶행,62,46821,60,42,하행,중흥리,430.5,2026-05-12
동해1,동해-호미곶-중흥-코아루-동해,동해행,동해행,호미곶행,62,46821,60,43,하행,흥환리,297.5,2026-05-12
동해1,동해-호미곶-중흥-코아루-동해,동해행,동해행,호미곶행,62,46821,60,44,하행,마산리,1775.2,2026-05-12
동해1,동해-호미곶-중흥-코아루-동해,동해행,동해행,호미곶행,62,46821,60,45,하행,입암2리,1412.8,2026-05-12
동해1,동해-호미곶-중흥-코아루-동해,동해행,동해행,호미곶행,62,46821,60,46,하행,입암1리,939.2,2026-05-12
동해1,동해-호미곶-중흥-코아루-동해,동해행,동해행,호미곶행,62,46821,60,47,하행,연오랑세오녀테마공원,998.4,2026-05-12
동해1,동해-호미곶-중흥-코아루-동해,동해행,동해행,호미곶행,62,46821,60,48,하행,청룡회관,451.3,2026-05-12
동해1,동해-호미곶-중흥-코아루-동해,동해행,동해행,호미곶행,62,46821,60,49,하행,숲실,174.8,2026-05-12
동해1,동해-호미곶-중흥-코아루-동해,동해행,동해행,호미곶행,62,46821,60,50,하행,임곡2리,711.6,2026-05-12
동해1,동해-호미곶-중흥-코아루-동해,동해행,동해행,호미곶행,62,46821,60,51,하행,임곡1리,556.6,2026-05-12
동해1,동해-호미곶-중흥-코아루-동해,동해행,동해행,호미곶행,62,46821,60,52,하행,약전리,311.3,2026-05-12
동해1,동해-호미곶-중흥-코아루-동해,동해행,동해행,호미곶행,62,46821,60,53,하행,황금상가,312.6,2026-05-12
동해1,동해-호미곶-중흥-코아루-동해,동해행,동해행,호미곶행,62,46821,60,54,하행,신정리,258.7,2026-05-12
동해1,동해-호미곶-중흥-코아루-동해,동해행,동해행,호미곶행,62,46821,60,55,하행,동해초등학교,471.6,2026-05-12
동해1,동해-호미곶-중흥-코아루-동해,동해행,동해행,호미곶행,62,46821,60,56,하행,해인실버타운,354.6,2026-05-12
동해1,동해-호미곶-중흥-코아루-동해,동해행,동해행,호미곶행,62,46821,60,57,하행,코아루블루인시티,426,2026-05-12
동해1,동해-호미곶-중흥-코아루-동해,동해행,동해행,호미곶행,62,46821,60,58,하행,코아루블루인시티,239,2026-05-12
동해1,동해-호미곶-중흥-코아루-동해,동해행,동해행,호미곶행,62,46821,60,59,하행,해인실버타운,477.4,2026-05-12
동해1,동해-호미곶-중흥-코아루-동해,동해행,동해행,호미곶행,62,46821,60,60,하행,동해초등학교,367.5,2026-05-12
동해1,동해-호미곶-중흥-코아루-동해,동해행,동해행,호미곶행,62,46821,60,61,하행,동해면행정복지센터,264.9,2026-05-12
동해1,동해-호미곶-중흥-코아루-동해,동해행,동해행,호미곶행,62,46821,60,62,하행,동해환승센터,309.5,2026-05-12
동해1,동해-호미곶-코아루-동해,동해행,동해행,호미곶행,59,43699,60,1,상행,동해환승센터,0,2026-05-12
동해1,동해-호미곶-코아루-동해,동해행,동해행,호미곶행,59,43699,60,2,상행,동해면행정복지센터,255.1,2026-05-12
동해1,동해-호미곶-코아루-동해,동해행,동해행,호미곶행,59,43699,60,3,상행,신정리,513.7,2026-05-12
동해1,동해-호미곶-코아루-동해,동해행,동해행,호미곶행,59,43699,60,4,상행,영남상가,347.6,2026-05-12
동해1,동해-호미곶-코아루-동해,동해행,동해행,호미곶행,59,43699,60,5,상행,약전리,294,2026-05-12
동해1,동해-호미곶-코아루-동해,동해행,동해행,호미곶행,59,43699,60,6,상행,임곡1리,274.3,2026-05-12
동해1,동해-호미곶-코아루-동해,동해행,동해행,호미곶행,59,43699,60,7,상행,임곡2리,568.4,2026-05-12
동해1,동해-호미곶-코아루-동해,동해행,동해행,호미곶행,59,43699,60,8,상행,숲실,704.3,2026-05-12
동해1,동해-호미곶-코아루-동해,동해행,동해행,호미곶행,59,43699,60,9,상행,청룡회관,215.9,2026-05-12
동해1,동해-호미곶-코아루-동해,동해행,동해행,호미곶행,59,43699,60,10,상행,연오랑세오녀테마공원,430.4,2026-05-12
동해1,동해-호미곶-코아루-동해,동해행,동해행,호미곶행,59,43699,60,11,상행,입암1리,999.6,2026-05-12
동해1,동해-호미곶-코아루-동해,동해행,동해행,호미곶행,59,43699,60,12,상행,입암2리,930.8,2026-05-12
동해1,동해-호미곶-코아루-동해,동해행,동해행,호미곶행,59,43699,60,13,상행,마산리,1405.2,2026-05-12
동해1,동해-호미곶-코아루-동해,동해행,동해행,호미곶행,59,43699,60,14,상행,흥환리,1760,2026-05-12
동해1,동해-호미곶-코아루-동해,동해행,동해행,호미곶행,59,43699,60,15,상행,발산1리,1893.4,2026-05-12
동해1,동해-호미곶-코아루-동해,동해행,동해행,호미곶행,59,43699,60,16,상행,발산2리,1648.7,2026-05-12
동해1,동해-호미곶-코아루-동해,동해행,동해행,호미곶행,59,43699,60,17,상행,대동배진료소,2737.1,2026-05-12
동해1,동해-호미곶-코아루-동해,동해행,동해행,호미곶행,59,43699,60,18,상행,대동배교회,280.7,2026-05-12
동해1,동해-호미곶-코아루-동해,동해행,동해행,호미곶행,59,43699,60,19,상행,대동배,217.6,2026-05-12
동해1,동해-호미곶-코아루-동해,동해행,동해행,호미곶행,59,43699,60,20,상행,대동배2리,1234.6,2026-05-12
동해1,동해-호미곶-코아루-동해,동해행,동해행,호미곶행,59,43699,60,21,상행,구만2리,2037.5,2026-05-12
동해1,동해-호미곶-코아루-동해,동해행,동해행,호미곶행,59,43699,60,22,상행,구만2리마을회관,217.7,2026-05-12
동해1,동해-호미곶-코아루-동해,동해행,동해행,호미곶행,59,43699,60,23,상행,호미곶행정복지센터,520.9,2026-05-12
동해1,동해-호미곶-코아루-동해,동해행,동해행,호미곶행,59,43699,60,24,상행,구룡포수협호미곶지점,317.7,2026-05-12
동해1,동해-호미곶-코아루-동해,동해행,동해행,호미곶행,59,43699,60,25,상행,구룡포농협호미곶지점,308.1,2026-05-12
동해1,동해-호미곶-코아루-동해,동해행,동해행,호미곶행,59,43699,60,26,상행,해맞이광장(면민회관),221.6,2026-05-12
동해1,동해-호미곶-코아루-동해,동해행,동해행,호미곶행,59,43699,60,27,하행,호미곶 해맞이광장,312.2,2026-05-12
동해1,동해-호미곶-코아루-동해,동해행,동해행,호미곶행,59,43699,60,28,하행,해맞이광장(면민회관),259.1,2026-05-12
동해1,동해-호미곶-코아루-동해,동해행,동해행,호미곶행,59,43699,60,29,하행,구룡포농협호미곶지점,200.6,2026-05-12
동해1,동해-호미곶-코아루-동해,동해행,동해행,호미곶행,59,43699,60,30,하행,구룡포수협호미곶지점,310.6,2026-05-12
동해1,동해-호미곶-코아루-동해,동해행,동해행,호미곶행,59,43699,60,31,하행,호미곶행정복지센터,332.3,2026-05-12
동해1,동해-호미곶-코아루-동해,동해행,동해행,호미곶행,59,43699,60,32,하행,구만2리마을회관,509.8,2026-05-12
동해1,동해-호미곶-코아루-동해,동해행,동해행,호미곶행,59,43699,60,33,하행,구만2리,243.1,2026-05-12
동해1,동해-호미곶-코아루-동해,동해행,동해행,호미곶행,59,43699,60,34,하행,대동배2리,2016.2,2026-05-12
동해1,동해-호미곶-코아루-동해,동해행,동해행,호미곶행,59,43699,60,35,하행,대동배,1250.8,2026-05-12
동해1,동해-호미곶-코아루-동해,동해행,동해행,호미곶행,59,43699,60,36,하행,대동배교회,215.9,2026-05-12
동해1,동해-호미곶-코아루-동해,동해행,동해행,호미곶행,59,43699,60,37,하행,대동배진료소,276.5,2026-05-12
동해1,동해-호미곶-코아루-동해,동해행,동해행,호미곶행,59,43699,60,38,하행,발산2리,2737.6,2026-05-12
동해1,동해-호미곶-코아루-동해,동해행,동해행,호미곶행,59,43699,60,39,하행,발산1리,1687.8,2026-05-12
동해1,동해-호미곶-코아루-동해,동해행,동해행,호미곶행,59,43699,60,40,하행,흥환리,1855.4,2026-05-12
동해1,동해-호미곶-코아루-동해,동해행,동해행,호미곶행,59,43699,60,41,하행,마산리,1775.2,2026-05-12
동해1,동해-호미곶-코아루-동해,동해행,동해행,호미곶행,59,43699,60,42,하행,입암2리,1412.8,2026-05-12
동해1,동해-호미곶-코아루-동해,동해행,동해행,호미곶행,59,43699,60,43,하행,입암1리,939.2,2026-05-12
동해1,동해-호미곶-코아루-동해,동해행,동해행,호미곶행,59,43699,60,44,하행,연오랑세오녀테마공원,998.4,2026-05-12
동해1,동해-호미곶-코아루-동해,동해행,동해행,호미곶행,59,43699,60,45,하행,청룡회관,451.3,2026-05-12
동해1,동해-호미곶-코아루-동해,동해행,동해행,호미곶행,59,43699,60,46,하행,숲실,174.8,2026-05-12
동해1,동해-호미곶-코아루-동해,동해행,동해행,호미곶행,59,43699,60,47,하행,임곡2리,711.6,2026-05-12
동해1,동해-호미곶-코아루-동해,동해행,동해행,호미곶행,59,43699,60,48,하행,임곡1리,556.6,2026-05-12
동해1,동해-호미곶-코아루-동해,동해행,동해행,호미곶행,59,43699,60,49,하행,약전리,311.3,2026-05-12
동해1,동해-호미곶-코아루-동해,동해행,동해행,호미곶행,59,43699,60,50,하행,황금상가,312.6,2026-05-12
동해1,동해-호미곶-코아루-동해,동해행,동해행,호미곶행,59,43699,60,51,하행,신정리,258.7,2026-05-12
동해1,동해-호미곶-코아루-동해,동해행,동해행,호미곶행,59,43699,60,52,하행,동해초등학교,471.6,2026-05-12
동해1,동해-호미곶-코아루-동해,동해행,동해행,호미곶행,59,43699,60,53,하행,해인실버타운,354.6,2026-05-12
동해1,동해-호미곶-코아루-동해,동해행,동해행,호미곶행,59,43699,60,54,하행,코아루블루인시티,426,2026-05-12
동해1,동해-호미곶-코아루-동해,동해행,동해행,호미곶행,59,43699,60,55,하행,코아루블루인시티,239,2026-05-12
동해1,동해-호미곶-코아루-동해,동해행,동해행,호미곶행,59,43699,60,56,하행,해인실버타운,477.4,2026-05-12
동해1,동해-호미곶-코아루-동해,동해행,동해행,호미곶행,59,43699,60,57,하행,동해초등학교,367.5,2026-05-12
동해1,동해-호미곶-코아루-동해,동해행,동해행,호미곶행,59,43699,60,58,하행,동해면행정복지센터,264.9,2026-05-12
동해1,동해-호미곶-코아루-동해,동해행,동해행,호미곶행,59,43699,60,59,하행,동해환승센터,309.5,2026-05-12
동해1,호미곶-대동배-일월-도심환승,호미곶행,동해행,,86,49804,60,1,상행,호미곶 해맞이광장,0,2026-05-12
동해1,호미곶-대동배-일월-도심환승,호미곶행,동해행,,86,49804,60,2,상행,해맞이광장(면민회관),259.1,2026-05-12
동해1,호미곶-대동배-일월-도심환승,호미곶행,동해행,,86,49804,60,3,상행,구룡포농협호미곶지점,200.6,2026-05-12
동해1,호미곶-대동배-일월-도심환승,호미곶행,동해행,,86,49804,60,4,상행,구룡포수협호미곶지점,310.6,2026-05-12
동해1,호미곶-대동배-일월-도심환승,호미곶행,동해행,,86,49804,60,5,상행,호미곶행정복지센터,332.3,2026-05-12
동해1,호미곶-대동배-일월-도심환승,호미곶행,동해행,,86,49804,60,6,상행,구만2리마을회관,509.8,2026-05-12
동해1,호미곶-대동배-일월-도심환승,호미곶행,동해행,,86,49804,60,7,상행,구만2리,243.1,2026-05-12
동해1,호미곶-대동배-일월-도심환승,호미곶행,동해행,,86,49804,60,8,상행,대동배2리,2016.2,2026-05-12
동해1,호미곶-대동배-일월-도심환승,호미곶행,동해행,,86,49804,60,9,상행,대동배,1250.8,2026-05-12
동해1,호미곶-대동배-일월-도심환승,호미곶행,동해행,,86,49804,60,10,상행,대동배교회,215.9,2026-05-12
동해1,호미곶-대동배-일월-도심환승,호미곶행,동해행,,86,49804,60,11,상행,대동배진료소,276.5,2026-05-12
동해1,호미곶-대동배-일월-도심환승,호미곶행,동해행,,86,49804,60,12,상행,발산2리,2737.6,2026-05-12
동해1,호미곶-대동배-일월-도심환승,호미곶행,동해행,,86,49804,60,13,상행,발산1리,1687.8,2026-05-12
동해1,호미곶-대동배-일월-도심환승,호미곶행,동해행,,86,49804,60,14,상행,중흥리,3747.3,2026-05-12
동해1,호미곶-대동배-일월-도심환승,호미곶행,동해행,,86,49804,60,15,상행,중흥리마을회관,502.1,2026-05-12
동해1,호미곶-대동배-일월-도심환승,호미곶행,동해행,,86,49804,60,16,상행,중흥리,430.5,2026-05-12
동해1,호미곶-대동배-일월-도심환승,호미곶행,동해행,,86,49804,60,17,상행,흥환리,297.5,2026-05-12
동해1,호미곶-대동배-일월-도심환승,호미곶행,동해행,,86,49804,60,18,상행,마산리,1775.2,2026-05-12
동해1,호미곶-대동배-일월-도심환승,호미곶행,동해행,,86,49804,60,19,상행,입암2리,1412.8,2026-05-12
동해1,호미곶-대동배-일월-도심환승,호미곶행,동해행,,86,49804,60,20,상행,입암1리,939.2,2026-05-12
동해1,호미곶-대동배-일월-도심환승,호미곶행,동해행,,86,49804,60,21,상행,연오랑세오녀테마공원,998.4,2026-05-12
동해1,호미곶-대동배-일월-도심환승,호미곶행,동해행,,86,49804,60,22,상행,청룡회관,451.3,2026-05-12
동해1,호미곶-대동배-일월-도심환승,호미곶행,동해행,,86,49804,60,23,상행,숲실,174.8,2026-05-12
동해1,호미곶-대동배-일월-도심환승,호미곶행,동해행,,86,49804,60,24,상행,임곡2리,711.6,2026-05-12
동해1,호미곶-대동배-일월-도심환승,호미곶행,동해행,,86,49804,60,25,상행,임곡1리,556.6,2026-05-12
동해1,호미곶-대동배-일월-도심환승,호미곶행,동해행,,86,49804,60,26,상행,약전리,311.3,2026-05-12
동해1,호미곶-대동배-일월-도심환승,호미곶행,동해행,,86,49804,60,27,상행,황금상가,312.6,2026-05-12
동해1,호미곶-대동배-일월-도심환승,호미곶행,동해행,,86,49804,60,28,상행,신정리,258.7,2026-05-12
동해1,호미곶-대동배-일월-도심환승,호미곶행,동해행,,86,49804,60,29,상행,동해초등학교,471.6,2026-05-12
동해1,호미곶-대동배-일월-도심환승,호미곶행,동해행,,86,49804,60,30,상행,해인실버타운,354.6,2026-05-12
동해1,호미곶-대동배-일월-도심환승,호미곶행,동해행,,86,49804,60,31,상행,코아루블루인시티,426,2026-05-12
동해1,호미곶-대동배-일월-도심환승,호미곶행,동해행,,86,49804,60,32,상행,코아루블루인시티,239,2026-05-12
동해1,호미곶-대동배-일월-도심환승,호미곶행,동해행,,86,49804,60,33,상행,해인실버타운,477.4,2026-05-12
동해1,호미곶-대동배-일월-도심환승,호미곶행,동해행,,86,49804,60,34,상행,동해초등학교,367.5,2026-05-12
동해1,호미곶-대동배-일월-도심환승,호미곶행,동해행,,86,49804,60,35,상행,동해면행정복지센터,264.9,2026-05-12
동해1,호미곶-대동배-일월-도심환승,호미곶행,동해행,,86,49804,60,36,상행,동해환승센터,309.5,2026-05-12
동해1,호미곶-대동배-일월-도심환승,호미곶행,동해행,,86,49804,60,37,상행,공항주유소,818.4,2026-05-12
동해1,호미곶-대동배-일월-도심환승,호미곶행,동해행,,86,49804,60,38,상행,화신식물원,442,2026-05-12
동해1,호미곶-대동배-일월-도심환승,호미곶행,동해행,,86,49804,60,39,상행,일월행복주택아파트,647.9,2026-05-12
동해1,호미곶-대동배-일월-도심환승,호미곶행,동해행,,86,49804,60,40,상행,포항남부소방서,726,2026-05-12
동해1,호미곶-대동배-일월-도심환승,호미곶행,동해행,,86,49804,60,41,상행,해군 항공역사관,559.6,2026-05-12
동해1,호미곶-대동배-일월-도심환승,호미곶행,동해행,,86,49804,60,42,상행,해병대BOQ,416.8,2026-05-12
동해1,호미곶-대동배-일월-도심환승,호미곶행,동해행,,86,49804,60,43,상행,청림삼거리,679.7,2026-05-12
동해1,호미곶-대동배-일월-도심환승,호미곶행,동해행,,86,49804,60,44,상행,남구보건소,591.4,2026-05-12
동해1,호미곶-대동배-일월-도심환승,호미곶행,동해행,,86,49804,60,45,상행,포스코2문,522.7,2026-05-12
동해1,호미곶-대동배-일월-도심환승,호미곶행,동해행,,86,49804,60,46,상행,포항스틸야드,510.9,2026-05-12
동해1,호미곶-대동배-일월-도심환승,호미곶행,동해행,,86,49804,60,47,상행,포스코본사,361.7,2026-05-12
동해1,호미곶-대동배-일월-도심환승,호미곶행,동해행,,86,49804,60,48,상행,단지주유소,573.8,2026-05-12
동해1,호미곶-대동배-일월-도심환승,호미곶행,동해행,,86,49804,60,49,상행,현대제철,453.2,2026-05-12
동해1,호미곶-대동배-일월-도심환승,호미곶행,동해행,,86,49804,60,50,상행,형산로터리,995.1,2026-05-12
동해1,호미곶-대동배-일월-도심환승,호미곶행,동해행,,86,49804,60,51,상행,장애인생산품판매시설,184.7,2026-05-12
동해1,호미곶-대동배-일월-도심환승,호미곶행,동해행,,86,49804,60,52,상행,대해시장,379.5,2026-05-12
동해1,호미곶-대동배-일월-도심환승,호미곶행,동해행,,86,49804,60,53,상행,해도119안전센터,495.2,2026-05-12
동해1,호미곶-대동배-일월-도심환승,호미곶행,동해행,,86,49804,60,54,상행,고속버스터미널,437.6,2026-05-12
동해1,호미곶-대동배-일월-도심환승,호미곶행,동해행,,86,49804,60,55,상행,오거리,547.2,2026-05-12
동해1,호미곶-대동배-일월-도심환승,호미곶행,동해행,,86,49804,60,56,상행,죽도시장,439.2,2026-05-12
동해1,호미곶-대동배-일월-도심환승,호미곶행,동해행,,86,49804,60,57,상행,육거리,413,2026-05-12
동해1,호미곶-대동배-일월-도심환승,호미곶행,동해행,,86,49804,60,58,상행,수인사,291.7,2026-05-12
동해1,호미곶-대동배-일월-도심환승,호미곶행,동해행,,86,49804,60,59,상행,도심환승센터,366.8,2026-05-12
동해1,호미곶-대동배-일월-도심환승,호미곶행,동해행,,86,49804,60,60,상행,도심환승센터,78.2,2026-05-12
동해1,호미곶-대동배-일월-도심환승,호미곶행,동해행,,86,49804,60,61,상행,도심환승센터,64.7,2026-05-12
동해1,호미곶-대동배-일월-도심환승,호미곶행,동해행,,86,49804,60,62,상행,YMCA,395.6,2026-05-12
동해1,호미곶-대동배-일월-도심환승,호미곶행,동해행,,86,49804,60,63,상행,중앙상가,472.1,2026-05-12
동해1,호미곶-대동배-일월-도심환승,호미곶행,동해행,,86,49804,60,64,상행,죽도시장,429.3,2026-05-12
동해1,호미곶-대동배-일월-도심환승,호미곶행,동해행,,86,49804,60,65,상행,오거리,267.5,2026-05-12
동해1,호미곶-대동배-일월-도심환승,호미곶행,동해행,,86,49804,60,66,상행,고속버스터미널,317.7,2026-05-12
동해1,호미곶-대동배-일월-도심환승,호미곶행,동해행,,86,49804,60,67,상행,해도119안전센터,571,2026-05-12
동해1,호미곶-대동배-일월-도심환승,호미곶행,동해행,,86,49804,60,68,상행,대해시장,423.9,2026-05-12
동해1,호미곶-대동배-일월-도심환승,호미곶행,동해행,,86,49804,60,69,상행,장애인생산품판매시설,417.9,2026-05-12
동해1,호미곶-대동배-일월-도심환승,호미곶행,동해행,,86,49804,60,70,상행,형산로타리,292,2026-05-12
동해1,호미곶-대동배-일월-도심환승,호미곶행,동해행,,86,49804,60,71,상행,현대제철,976.3,2026-05-12
동해1,호미곶-대동배-일월-도심환승,호미곶행,동해행,,86,49804,60,72,상행,단지주유소,480.6,2026-05-12
동해1,호미곶-대동배-일월-도심환승,호미곶행,동해행,,86,49804,60,73,상행,포스코본사,537,2026-05-12
동해1,호미곶-대동배-일월-도심환승,호미곶행,동해행,,86,49804,60,74,상행,포항스틸야드,491.5,2026-05-12
동해1,호미곶-대동배-일월-도심환승,호미곶행,동해행,,86,49804,60,75,상행,포스코2문,397.9,2026-05-12
동해1,호미곶-대동배-일월-도심환승,호미곶행,동해행,,86,49804,60,76,상행,남구보건소,507.3,2026-05-12
동해1,호미곶-대동배-일월-도심환승,호미곶행,동해행,,86,49804,60,77,상행,청림삼거리,616.7,2026-05-12
동해1,호미곶-대동배-일월-도심환승,호미곶행,동해행,,86,49804,60,78,상행,청림파출소,149.7,2026-05-12
동해1,호미곶-대동배-일월-도심환승,호미곶행,동해행,,86,49804,60,79,상행,청림초등학교,201.2,2026-05-12
동해1,호미곶-대동배-일월-도심환승,호미곶행,동해행,,86,49804,60,80,상행,해병대BOQ,320.3,2026-05-12
동해1,호미곶-대동배-일월-도심환승,호미곶행,동해행,,86,49804,60,81,상행,해군 항공역사관,407.7,2026-05-12
동해1,호미곶-대동배-일월-도심환승,호미곶행,동해행,,86,49804,60,82,상행,포항남부소방서,762.5,2026-05-12
동해1,호미곶-대동배-일월-도심환승,호미곶행,동해행,,86,49804,60,83,상행,일월행복주택아파트,631.4,2026-05-12
동해1,호미곶-대동배-일월-도심환승,호미곶행,동해행,,86,49804,60,84,상행,화신식물원,576.1,2026-05-12
동해1,호미곶-대동배-일월-도심환승,호미곶행,동해행,,86,49804,60,85,상행,공항주유소,435.2,2026-05-12
동해1,호미곶-대동배-일월-도심환승,호미곶행,동해행,,86,49804,60,86,상행,동해환승센터,805.7,2026-05-12
동해2,동해-금광-도심환승,동해행,동해행,도심환승센터행,69,30849,60,1,상행,동해환승센터,0,2026-05-12
동해2,동해-금광-도심환승,동해행,동해행,도심환승센터행,69,30849,60,2,상행,동해면행정복지센터,255.1,2026-05-12
동해2,동해-금광-도심환승,동해행,동해행,도심환승센터행,69,30849,60,3,상행,신정리,513.7,2026-05-12
동해2,동해-금광-도심환승,동해행,동해행,도심환승센터행,69,30849,60,4,상행,영남상가,347.6,2026-05-12
동해2,동해-금광-도심환승,동해행,동해행,도심환승센터행,69,30849,60,5,상행,약전리,294,2026-05-12
동해2,동해-금광-도심환승,동해행,동해행,도심환승센터행,69,30849,60,6,상행,약전1리,476.6,2026-05-12
동해2,동해-금광-도심환승,동해행,동해행,도심환승센터행,69,30849,60,7,상행,신정1리,661.7,2026-05-12
동해2,동해-금광-도심환승,동해행,동해행,도심환승센터행,69,30849,60,8,상행,신정1리마을회관,545.6,2026-05-12
동해2,동해-금광-도심환승,동해행,동해행,도심환승센터행,69,30849,60,9,상행,금광저수지,529.4,2026-05-12
동해2,동해-금광-도심환승,동해행,동해행,도심환승센터행,69,30849,60,10,상행,금광1리,238,2026-05-12
동해2,동해-금광-도심환승,동해행,동해행,도심환승센터행,69,30849,60,11,상행,금광2리,371.9,2026-05-12
동해2,동해-금광-도심환승,동해행,동해행,도심환승센터행,69,30849,60,12,상행,금광1리,337.5,2026-05-12
동해2,동해-금광-도심환승,동해행,동해행,도심환승센터행,69,30849,60,13,상행,금광저수지,235.6,2026-05-12
동해2,동해-금광-도심환승,동해행,동해행,도심환승센터행,69,30849,60,14,상행,신정1리마을회관,542,2026-05-12
동해2,동해-금광-도심환승,동해행,동해행,도심환승센터행,69,30849,60,15,상행,신정1리,531.7,2026-05-12
동해2,동해-금광-도심환승,동해행,동해행,도심환승센터행,69,30849,60,16,상행,약전1리,690.1,2026-05-12
동해2,동해-금광-도심환승,동해행,동해행,도심환승센터행,69,30849,60,17,상행,약전리,466.9,2026-05-12
동해2,동해-금광-도심환승,동해행,동해행,도심환승센터행,69,30849,60,18,상행,황금상가,312.6,2026-05-12
동해2,동해-금광-도심환승,동해행,동해행,도심환승센터행,69,30849,60,19,상행,신정리,258.7,2026-05-12
동해2,동해-금광-도심환승,동해행,동해행,도심환승센터행,69,30849,60,20,상행,동해면행정복지센터,533.5,2026-05-12
동해2,동해-금광-도심환승,동해행,동해행,도심환승센터행,69,30849,60,21,상행,동해환승센터,309.5,2026-05-12
동해2,동해-금광-도심환승,동해행,동해행,도심환승센터행,69,30849,60,22,상행,공항주유소,818.4,2026-05-12
동해2,동해-금광-도심환승,동해행,동해행,도심환승센터행,69,30849,60,23,상행,화신식물원,442,2026-05-12
동해2,동해-금광-도심환승,동해행,동해행,도심환승센터행,69,30849,60,24,상행,포항남부소방서,512.5,2026-05-12
동해2,동해-금광-도심환승,동해행,동해행,도심환승센터행,69,30849,60,25,상행,해군 항공역사관,559.6,2026-05-12
동해2,동해-금광-도심환승,동해행,동해행,도심환승센터행,69,30849,60,26,상행,해병대BOQ,416.8,2026-05-12
동해2,동해-금광-도심환승,동해행,동해행,도심환승센터행,69,30849,60,27,상행,청림삼거리,679.7,2026-05-12
동해2,동해-금광-도심환승,동해행,동해행,도심환승센터행,69,30849,60,28,상행,남구보건소,591.4,2026-05-12
동해2,동해-금광-도심환승,동해행,동해행,도심환승센터행,69,30849,60,29,상행,포스코2문,522.7,2026-05-12
동해2,동해-금광-도심환승,동해행,동해행,도심환승센터행,69,30849,60,30,상행,포항스틸야드,510.9,2026-05-12
동해2,동해-금광-도심환승,동해행,동해행,도심환승센터행,69,30849,60,31,상행,포스코본사,361.7,2026-05-12
동해2,동해-금광-도심환승,동해행,동해행,도심환승센터행,69,30849,60,32,상행,단지주유소,573.8,2026-05-12
동해2,동해-금광-도심환승,동해행,동해행,도심환승센터행,69,30849,60,33,상행,현대제철,453.2,2026-05-12
동해2,동해-금광-도심환승,동해행,동해행,도심환승센터행,69,30849,60,34,상행,형산로터리,995.1,2026-05-12
동해2,동해-금광-도심환승,동해행,동해행,도심환승센터행,69,30849,60,35,상행,장애인생산품판매시설,184.7,2026-05-12
동해2,동해-금광-도심환승,동해행,동해행,도심환승센터행,69,30849,60,36,상행,대해시장,379.5,2026-05-12
동해2,동해-금광-도심환승,동해행,동해행,도심환승센터행,69,30849,60,37,상행,해도119안전센터,495.2,2026-05-12
동해2,동해-금광-도심환승,동해행,동해행,도심환승센터행,69,30849,60,38,상행,고속버스터미널,437.6,2026-05-12
동해2,동해-금광-도심환승,동해행,동해행,도심환승센터행,69,30849,60,39,상행,오거리,547.2,2026-05-12
동해2,동해-금광-도심환승,동해행,동해행,도심환승센터행,69,30849,60,40,상행,죽도시장,439.2,2026-05-12
동해2,동해-금광-도심환승,동해행,동해행,도심환승센터행,69,30849,60,41,상행,육거리,413,2026-05-12
동해2,동해-금광-도심환승,동해행,동해행,도심환승센터행,69,30849,60,42,상행,수인사,291.7,2026-05-12
동해2,동해-금광-도심환승,동해행,동해행,도심환승센터행,69,30849,60,43,하행,도심환승센터,366.8,2026-05-12
동해2,동해-금광-도심환승,동해행,동해행,도심환승센터행,69,30849,60,44,하행,도심환승센터,78.2,2026-05-12
동해2,동해-금광-도심환승,동해행,동해행,도심환승센터행,69,30849,60,45,하행,도심환승센터,64.7,2026-05-12
동해2,동해-금광-도심환승,동해행,동해행,도심환승센터행,69,30849,60,46,하행,YMCA,395.6,2026-05-12
동해2,동해-금광-도심환승,동해행,동해행,도심환승센터행,69,30849,60,47,하행,중앙상가,422,2026-05-12
동해2,동해-금광-도심환승,동해행,동해행,도심환승센터행,69,30849,60,48,하행,죽도시장,479.4,2026-05-12
동해2,동해-금광-도심환승,동해행,동해행,도심환승센터행,69,30849,60,49,하행,오거리,267.5,2026-05-12
동해2,동해-금광-도심환승,동해행,동해행,도심환승센터행,69,30849,60,50,하행,고속버스터미널,317.7,2026-05-12
동해2,동해-금광-도심환승,동해행,동해행,도심환승센터행,69,30849,60,51,하행,해도119안전센터,571,2026-05-12
동해2,동해-금광-도심환승,동해행,동해행,도심환승센터행,69,30849,60,52,하행,대해시장,423.9,2026-05-12
동해2,동해-금광-도심환승,동해행,동해행,도심환승센터행,69,30849,60,53,하행,장애인생산품판매시설,417.9,2026-05-12
동해2,동해-금광-도심환승,동해행,동해행,도심환승센터행,69,30849,60,54,하행,형산로타리,292,2026-05-12
동해2,동해-금광-도심환승,동해행,동해행,도심환승센터행,69,30849,60,55,하행,현대제철,976.3,2026-05-12
동해2,동해-금광-도심환승,동해행,동해행,도심환승센터행,69,30849,60,56,하행,단지주유소,480.6,2026-05-12
동해2,동해-금광-도심환승,동해행,동해행,도심환승센터행,69,30849,60,57,하행,포스코본사,537,2026-05-12
동해2,동해-금광-도심환승,동해행,동해행,도심환승센터행,69,30849,60,58,하행,포항스틸야드,491.5,2026-05-12
동해2,동해-금광-도심환승,동해행,동해행,도심환승센터행,69,30849,60,59,하행,포스코2문,397.9,2026-05-12
동해2,동해-금광-도심환승,동해행,동해행,도심환승센터행,69,30849,60,60,하행,남구보건소,507.3,2026-05-12
동해2,동해-금광-도심환승,동해행,동해행,도심환승센터행,69,30849,60,61,하행,청림삼거리,616.7,2026-05-12
동해2,동해-금광-도심환승,동해행,동해행,도심환승센터행,69,30849,60,62,하행,청림파출소,149.7,2026-05-12
동해2,동해-금광-도심환승,동해행,동해행,도심환승센터행,69,30849,60,63,하행,청림초등학교,201.2,2026-05-12
동해2,동해-금광-도심환승,동해행,동해행,도심환승센터행,69,30849,60,64,하행,해병대BOQ,320.3,2026-05-12
동해2,동해-금광-도심환승,동해행,동해행,도심환승센터행,69,30849,60,65,하행,해군 항공역사관,407.7,2026-05-12
동해2,동해-금광-도심환승,동해행,동해행,도심환승센터행,69,30849,60,66,하행,포항남부소방서,762.5,2026-05-12
동해2,동해-금광-도심환승,동해행,동해행,도심환승센터행,69,30849,60,67,하행,화신식물원,346.1,2026-05-12
동해2,동해-금광-도심환승,동해행,동해행,도심환승센터행,69,30849,60,68,하행,공항주유소,435.2,2026-05-12
동해2,동해-금광-도심환승,동해행,동해행,도심환승센터행,69,30849,60,69,하행,동해환승센터,805.7,2026-05-12
동해2,동해-금광-동해,동해행,동해행,금광2리행,21,8795,60,1,상행,동해환승센터,0,2026-05-12
동해2,동해-금광-동해,동해행,동해행,금광2리행,21,8795,60,2,상행,동해면행정복지센터,255.1,2026-05-12
동해2,동해-금광-동해,동해행,동해행,금광2리행,21,8795,60,3,상행,신정리,513.7,2026-05-12
동해2,동해-금광-동해,동해행,동해행,금광2리행,21,8795,60,4,상행,영남상가,347.6,2026-05-12
동해2,동해-금광-동해,동해행,동해행,금광2리행,21,8795,60,5,상행,약전리,294,2026-05-12
동해2,동해-금광-동해,동해행,동해행,금광2리행,21,8795,60,6,상행,약전1리,476.6,2026-05-12
동해2,동해-금광-동해,동해행,동해행,금광2리행,21,8795,60,7,상행,신정1리,661.7,2026-05-12
동해2,동해-금광-동해,동해행,동해행,금광2리행,21,8795,60,8,상행,신정1리마을회관,545.6,2026-05-12
동해2,동해-금광-동해,동해행,동해행,금광2리행,21,8795,60,9,상행,금광저수지,529.4,2026-05-12
동해2,동해-금광-동해,동해행,동해행,금광2리행,21,8795,60,10,상행,금광1리,238,2026-05-12
동해2,동해-금광-동해,동해행,동해행,금광2리행,21,8795,60,11,하행,금광2리,371.9,2026-05-12
동해2,동해-금광-동해,동해행,동해행,금광2리행,21,8795,60,12,하행,금광1리,337.5,2026-05-12
동해2,동해-금광-동해,동해행,동해행,금광2리행,21,8795,60,13,하행,금광저수지,235.6,2026-05-12
동해2,동해-금광-동해,동해행,동해행,금광2리행,21,8795,60,14,하행,신정1리마을회관,542,2026-05-12
동해2,동해-금광-동해,동해행,동해행,금광2리행,21,8795,60,15,하행,신정1리,531.7,2026-05-12
동해2,동해-금광-동해,동해행,동해행,금광2리행,21,8795,60,16,하행,약전1리,690.1,2026-05-12
동해2,동해-금광-동해,동해행,동해행,금광2리행,21,8795,60,17,하행,약전리,466.9,2026-05-12
동해2,동해-금광-동해,동해행,동해행,금광2리행,21,8795,60,18,하행,황금상가,312.6,2026-05-12
동해2,동해-금광-동해,동해행,동해행,금광2리행,21,8795,60,19,하행,신정리,258.7,2026-05-12
동해2,동해-금광-동해,동해행,동해행,금광2리행,21,8795,60,20,하행,동해면행정복지센터,533.5,2026-05-12
동해2,동해-금광-동해,동해행,동해행,금광2리행,21,8795,60,21,하행,동해환승센터,309.5,2026-05-12
동해2,동해-모포-동해,동해행,동해행,모포행,34,29324,60,1,상행,동해환승센터,0,2026-05-12
동해2,동해-모포-동해,동해행,동해행,모포행,34,29324,60,2,상행,동해면행정복지센터,255.1,2026-05-12
동해2,동해-모포-동해,동해행,동해행,모포행,34,29324,60,3,상행,신정리,513.7,2026-05-12
동해2,동해-모포-동해,동해행,동해행,모포행,34,29324,60,4,상행,영남상가,347.6,2026-05-12
동해2,동해-모포-동해,동해행,동해행,모포행,34,29324,60,5,상행,약전리,294,2026-05-12
동해2,동해-모포-동해,동해행,동해행,모포행,34,29324,60,6,상행,석리,766.3,2026-05-12
동해2,동해-모포-동해,동해행,동해행,모포행,34,29324,60,7,상행,신형주택입구,1079.2,2026-05-12
동해2,동해-모포-동해,동해행,동해행,모포행,34,29324,60,8,상행,동산공원묘지,753.7,2026-05-12
동해2,동해-모포-동해,동해행,동해행,모포행,34,29324,60,9,상행,블루밸리산단입구,1605.7,2026-05-12
동해2,동해-모포-동해,동해행,동해행,모포행,34,29324,60,10,상행,중산리,1926,2026-05-12
동해2,동해-모포-동해,동해행,동해행,모포행,34,29324,60,11,상행,공당1리,1013.7,2026-05-12
동해2,동해-모포-동해,동해행,동해행,모포행,34,29324,60,12,상행,블루밸리근린공원,776.7,2026-05-12
동해2,동해-모포-동해,동해행,동해행,모포행,34,29324,60,13,상행,성동1리,841.3,2026-05-12
동해2,동해-모포-동해,동해행,동해행,모포행,34,29324,60,14,상행,성동2리,625.7,2026-05-12
동해2,동해-모포-동해,동해행,동해행,모포행,34,29324,60,15,상행,구포휴게소,2218.7,2026-05-12
동해2,동해-모포-동해,동해행,동해행,모포행,34,29324,60,16,하행,모포분교,721,2026-05-12
동해2,동해-모포-동해,동해행,동해행,모포행,34,29324,60,17,하행,구포휴게소,743.4,2026-05-12
동해2,동해-모포-동해,동해행,동해행,모포행,34,29324,60,18,하행,새바위,596.4,2026-05-12
동해2,동해-모포-동해,동해행,동해행,모포행,34,29324,60,19,하행,구평1리,444.8,2026-05-12
동해2,동해-모포-동해,동해행,동해행,모포행,34,29324,60,20,하행,구평보건진료소,234,2026-05-12
동해2,동해-모포-동해,동해행,동해행,모포행,34,29324,60,21,하행,구평보건진료소,516.2,2026-05-12
동해2,동해-모포-동해,동해행,동해행,모포행,34,29324,60,22,하행,구평1리,225.5,2026-05-12
동해2,동해-모포-동해,동해행,동해행,모포행,34,29324,60,23,하행,새바위,413,2026-05-12
동해2,동해-모포-동해,동해행,동해행,모포행,34,29324,60,24,하행,성동2리,2221.2,2026-05-12
동해2,동해-모포-동해,동해행,동해행,모포행,34,29324,60,25,하행,성동1리,587.8,2026-05-12
동해2,동해-모포-동해,동해행,동해행,모포행,34,29324,60,26,하행,블루밸리근린공원,858.8,2026-05-12
동해2,동해-모포-동해,동해행,동해행,모포행,34,29324,60,27,하행,공당1리,514.5,2026-05-12
동해2,동해-모포-동해,동해행,동해행,모포행,34,29324,60,28,하행,중산리,1261.4,2026-05-12
동해2,동해-모포-동해,동해행,동해행,모포행,34,29324,60,29,하행,블루밸리산단입구,973.4,2026-05-12
동해2,동해-모포-동해,동해행,동해행,모포행,34,29324,60,30,하행,약전리,4237.6,2026-05-12
동해2,동해-모포-동해,동해행,동해행,모포행,34,29324,60,31,하행,황금상가,312.6,2026-05-12
동해2,동해-모포-동해,동해행,동해행,모포행,34,29324,60,32,하행,신정리,258.7,2026-05-12
동해2,동해-모포-동해,동해행,동해행,모포행,34,29324,60,33,하행,동해면행정복지센터,533.5,2026-05-12
동해2,동해-모포-동해,동해행,동해행,모포행,34,29324,60,34,하행,동해환승센터,309.5,2026-05-12
동해2,동해-임곡(중)-호미곶-임곡-동해,동해행,동해행,호미곶행,58,44820,100,1,상행,동해환승센터,0,2026-05-12
동해2,동해-임곡(중)-호미곶-임곡-동해,동해행,동해행,호미곶행,58,44820,100,2,상행,동해면행정복지센터,255.1,2026-05-12
동해2,동해-임곡(중)-호미곶-임곡-동해,동해행,동해행,호미곶행,58,44820,100,3,상행,신정리,513.7,2026-05-12
동해2,동해-임곡(중)-호미곶-임곡-동해,동해행,동해행,호미곶행,58,44820,100,4,상행,영남상가,347.6,2026-05-12
동해2,동해-임곡(중)-호미곶-임곡-동해,동해행,동해행,호미곶행,58,44820,100,5,상행,약전리,294,2026-05-12
동해2,동해-임곡(중)-호미곶-임곡-동해,동해행,동해행,호미곶행,58,44820,100,6,상행,임곡1리,274.3,2026-05-12
동해2,동해-임곡(중)-호미곶-임곡-동해,동해행,동해행,호미곶행,58,44820,100,7,상행,임곡1리마을회관,849.9,2026-05-12
동해2,동해-임곡(중)-호미곶-임곡-동해,동해행,동해행,호미곶행,58,44820,100,8,상행,임곡2리마을회관,436.1,2026-05-12
동해2,동해-임곡(중)-호미곶-임곡-동해,동해행,동해행,호미곶행,58,44820,100,9,상행,청룡회관,758.5,2026-05-12
동해2,동해-임곡(중)-호미곶-임곡-동해,동해행,동해행,호미곶행,58,44820,100,10,상행,연오랑세오녀테마공원,430.4,2026-05-12
동해2,동해-임곡(중)-호미곶-임곡-동해,동해행,동해행,호미곶행,58,44820,100,11,상행,입암1리,999.6,2026-05-12
동해2,동해-임곡(중)-호미곶-임곡-동해,동해행,동해행,호미곶행,58,44820,100,12,상행,입암2리,930.8,2026-05-12
동해2,동해-임곡(중)-호미곶-임곡-동해,동해행,동해행,호미곶행,58,44820,100,13,상행,마산리,1405.2,2026-05-12
동해2,동해-임곡(중)-호미곶-임곡-동해,동해행,동해행,호미곶행,58,44820,100,14,상행,흥환리,1760,2026-05-12
동해2,동해-임곡(중)-호미곶-임곡-동해,동해행,동해행,호미곶행,58,44820,100,15,상행,발산1리,1893.4,2026-05-12
동해2,동해-임곡(중)-호미곶-임곡-동해,동해행,동해행,호미곶행,58,44820,100,16,상행,발산2리,1648.7,2026-05-12
동해2,동해-임곡(중)-호미곶-임곡-동해,동해행,동해행,호미곶행,58,44820,100,17,상행,대동배진료소,2737.1,2026-05-12
동해2,동해-임곡(중)-호미곶-임곡-동해,동해행,동해행,호미곶행,58,44820,100,18,상행,대동배교회,280.7,2026-05-12
동해2,동해-임곡(중)-호미곶-임곡-동해,동해행,동해행,호미곶행,58,44820,100,19,상행,대동배,217.6,2026-05-12
동해2,동해-임곡(중)-호미곶-임곡-동해,동해행,동해행,호미곶행,58,44820,100,20,상행,대동배2리,1234.6,2026-05-12
동해2,동해-임곡(중)-호미곶-임곡-동해,동해행,동해행,호미곶행,58,44820,100,21,상행,구만2리,2037.5,2026-05-12
동해2,동해-임곡(중)-호미곶-임곡-동해,동해행,동해행,호미곶행,58,44820,100,22,상행,구만2리마을회관,217.7,2026-05-12
동해2,동해-임곡(중)-호미곶-임곡-동해,동해행,동해행,호미곶행,58,44820,100,23,상행,호미곶행정복지센터,520.9,2026-05-12
동해2,동해-임곡(중)-호미곶-임곡-동해,동해행,동해행,호미곶행,58,44820,100,24,상행,구룡포수협호미곶지점,317.7,2026-05-12
동해2,동해-임곡(중)-호미곶-임곡-동해,동해행,동해행,호미곶행,58,44820,100,25,상행,구룡포농협호미곶지점,308.1,2026-05-12
동해2,동해-임곡(중)-호미곶-임곡-동해,동해행,동해행,호미곶행,58,44820,100,26,상행,해맞이광장(면민회관),221.6,2026-05-12
동해2,동해-임곡(중)-호미곶-임곡-동해,동해행,동해행,호미곶행,58,44820,100,27,하행,호미곶 해맞이광장,312.2,2026-05-12
동해2,동해-임곡(중)-호미곶-임곡-동해,동해행,동해행,호미곶행,58,44820,100,28,하행,해맞이광장(면민회관),259.1,2026-05-12
동해2,동해-임곡(중)-호미곶-임곡-동해,동해행,동해행,호미곶행,58,44820,100,29,하행,구룡포농협호미곶지점,200.6,2026-05-12
동해2,동해-임곡(중)-호미곶-임곡-동해,동해행,동해행,호미곶행,58,44820,100,30,하행,구룡포수협호미곶지점,310.6,2026-05-12
동해2,동해-임곡(중)-호미곶-임곡-동해,동해행,동해행,호미곶행,58,44820,100,31,하행,호미곶행정복지센터,332.3,2026-05-12
동해2,동해-임곡(중)-호미곶-임곡-동해,동해행,동해행,호미곶행,58,44820,100,32,하행,구만2리마을회관,509.8,2026-05-12
동해2,동해-임곡(중)-호미곶-임곡-동해,동해행,동해행,호미곶행,58,44820,100,33,하행,구만2리,243.1,2026-05-12
동해2,동해-임곡(중)-호미곶-임곡-동해,동해행,동해행,호미곶행,58,44820,100,34,하행,대동배2리,2016.2,2026-05-12
동해2,동해-임곡(중)-호미곶-임곡-동해,동해행,동해행,호미곶행,58,44820,100,35,하행,대동배,1250.8,2026-05-12
동해2,동해-임곡(중)-호미곶-임곡-동해,동해행,동해행,호미곶행,58,44820,100,36,하행,대동배교회,215.9,2026-05-12
동해2,동해-임곡(중)-호미곶-임곡-동해,동해행,동해행,호미곶행,58,44820,100,37,하행,대동배진료소,276.5,2026-05-12
동해2,동해-임곡(중)-호미곶-임곡-동해,동해행,동해행,호미곶행,58,44820,100,38,하행,발산2리,2737.6,2026-05-12
동해2,동해-임곡(중)-호미곶-임곡-동해,동해행,동해행,호미곶행,58,44820,100,39,하행,발산1리,1687.8,2026-05-12
동해2,동해-임곡(중)-호미곶-임곡-동해,동해행,동해행,호미곶행,58,44820,100,40,하행,흥환리,1855.4,2026-05-12
동해2,동해-임곡(중)-호미곶-임곡-동해,동해행,동해행,호미곶행,58,44820,100,41,하행,마산리,1775.2,2026-05-12
동해2,동해-임곡(중)-호미곶-임곡-동해,동해행,동해행,호미곶행,58,44820,100,42,하행,입암2리,1412.8,2026-05-12
동해2,동해-임곡(중)-호미곶-임곡-동해,동해행,동해행,호미곶행,58,44820,100,43,하행,입암1리,939.2,2026-05-12
동해2,동해-임곡(중)-호미곶-임곡-동해,동해행,동해행,호미곶행,58,44820,100,44,하행,연오랑세오녀테마공원,998.4,2026-05-12
동해2,동해-임곡(중)-호미곶-임곡-동해,동해행,동해행,호미곶행,58,44820,100,45,하행,임곡2리마을회관,1179.2,2026-05-12
동해2,동해-임곡(중)-호미곶-임곡-동해,동해행,동해행,호미곶행,58,44820,100,46,하행,임곡1리마을회관,433.8,2026-05-12
동해2,동해-임곡(중)-호미곶-임곡-동해,동해행,동해행,호미곶행,58,44820,100,47,하행,임곡1리,846,2026-05-12
동해2,동해-임곡(중)-호미곶-임곡-동해,동해행,동해행,호미곶행,58,44820,100,48,하행,약전리,311.3,2026-05-12
동해2,동해-임곡(중)-호미곶-임곡-동해,동해행,동해행,호미곶행,58,44820,100,49,하행,황금상가,312.6,2026-05-12
동해2,동해-임곡(중)-호미곶-임곡-동해,동해행,동해행,호미곶행,58,44820,100,50,하행,신정리,258.7,2026-05-12
동해2,동해-임곡(중)-호미곶-임곡-동해,동해행,동해행,호미곶행,58,44820,100,51,하행,동해초등학교,471.6,2026-05-12
동해2,동해-임곡(중)-호미곶-임곡-동해,동해행,동해행,호미곶행,58,44820,100,52,하행,해인실버타운,354.6,2026-05-12
동해2,동해-임곡(중)-호미곶-임곡-동해,동해행,동해행,호미곶행,58,44820,100,53,하행,코아루블루인시티,426,2026-05-12
동해2,동해-임곡(중)-호미곶-임곡-동해,동해행,동해행,호미곶행,58,44820,100,54,하행,코아루블루인시티,239,2026-05-12
동해2,동해-임곡(중)-호미곶-임곡-동해,동해행,동해행,호미곶행,58,44820,100,55,하행,해인실버타운,477.4,2026-05-12
동해2,동해-임곡(중)-호미곶-임곡-동해,동해행,동해행,호미곶행,58,44820,100,56,하행,동해초등학교,367.5,2026-05-12
동해2,동해-임곡(중)-호미곶-임곡-동해,동해행,동해행,호미곶행,58,44820,100,57,하행,동해면행정복지센터,264.9,2026-05-12
동해2,동해-임곡(중)-호미곶-임곡-동해,동해행,동해행,호미곶행,58,44820,100,58,하행,동해환승센터,309.5,2026-05-12
동해2,동해-임곡-호미곶-임곡(중)-동해,동해행,동해행,호미곶행,62,51039,60,1,상행,동해환승센터,0,2026-05-12
동해2,동해-임곡-호미곶-임곡(중)-동해,동해행,동해행,호미곶행,62,51039,60,2,상행,동해면행정복지센터,255.1,2026-05-12
동해2,동해-임곡-호미곶-임곡(중)-동해,동해행,동해행,호미곶행,62,51039,60,3,상행,동해초등학교,315.5,2026-05-12
동해2,동해-임곡-호미곶-임곡(중)-동해,동해행,동해행,호미곶행,62,51039,60,4,상행,해인실버타운,354.6,2026-05-12
동해2,동해-임곡-호미곶-임곡(중)-동해,동해행,동해행,호미곶행,62,51039,60,5,상행,코아루블루인시티,426,2026-05-12
동해2,동해-임곡-호미곶-임곡(중)-동해,동해행,동해행,호미곶행,62,51039,60,6,상행,코아루블루인시티,239,2026-05-12
동해2,동해-임곡-호미곶-임곡(중)-동해,동해행,동해행,호미곶행,62,51039,60,7,상행,해인실버타운,477.4,2026-05-12
동해2,동해-임곡-호미곶-임곡(중)-동해,동해행,동해행,호미곶행,62,51039,60,8,상행,동해초등학교,367.5,2026-05-12
동해2,동해-임곡-호미곶-임곡(중)-동해,동해행,동해행,호미곶행,62,51039,60,9,상행,신정리,401.2,2026-05-12
동해2,동해-임곡-호미곶-임곡(중)-동해,동해행,동해행,호미곶행,62,51039,60,10,상행,영남상가,347.6,2026-05-12
동해2,동해-임곡-호미곶-임곡(중)-동해,동해행,동해행,호미곶행,62,51039,60,11,상행,약전리,294,2026-05-12
동해2,동해-임곡-호미곶-임곡(중)-동해,동해행,동해행,호미곶행,62,51039,60,12,상행,임곡1리,274.3,2026-05-12
동해2,동해-임곡-호미곶-임곡(중)-동해,동해행,동해행,호미곶행,62,51039,60,13,상행,임곡1리마을회관,849.9,2026-05-12
동해2,동해-임곡-호미곶-임곡(중)-동해,동해행,동해행,호미곶행,62,51039,60,14,상행,임곡2리마을회관,436.1,2026-05-12
동해2,동해-임곡-호미곶-임곡(중)-동해,동해행,동해행,호미곶행,62,51039,60,15,상행,청룡회관,758.5,2026-05-12
동해2,동해-임곡-호미곶-임곡(중)-동해,동해행,동해행,호미곶행,62,51039,60,16,상행,연오랑세오녀테마공원,430.4,2026-05-12
동해2,동해-임곡-호미곶-임곡(중)-동해,동해행,동해행,호미곶행,62,51039,60,17,상행,입암1리,999.6,2026-05-12
동해2,동해-임곡-호미곶-임곡(중)-동해,동해행,동해행,호미곶행,62,51039,60,18,상행,입암2리,930.8,2026-05-12
동해2,동해-임곡-호미곶-임곡(중)-동해,동해행,동해행,호미곶행,62,51039,60,19,상행,마산리,1405.2,2026-05-12
동해2,동해-임곡-호미곶-임곡(중)-동해,동해행,동해행,호미곶행,62,51039,60,20,상행,흥환리,1760,2026-05-12
동해2,동해-임곡-호미곶-임곡(중)-동해,동해행,동해행,호미곶행,62,51039,60,21,상행,중흥리,302.2,2026-05-12
동해2,동해-임곡-호미곶-임곡(중)-동해,동해행,동해행,호미곶행,62,51039,60,22,상행,중흥리마을회관,502.1,2026-05-12
동해2,동해-임곡-호미곶-임곡(중)-동해,동해행,동해행,호미곶행,62,51039,60,23,상행,중흥리,430.5,2026-05-12
동해2,동해-임곡-호미곶-임곡(중)-동해,동해행,동해행,호미곶행,62,51039,60,24,상행,발산1리,3756.4,2026-05-12
동해2,동해-임곡-호미곶-임곡(중)-동해,동해행,동해행,호미곶행,62,51039,60,25,상행,발산2리,1648.7,2026-05-12
동해2,동해-임곡-호미곶-임곡(중)-동해,동해행,동해행,호미곶행,62,51039,60,26,상행,대동배진료소,2737.1,2026-05-12
동해2,동해-임곡-호미곶-임곡(중)-동해,동해행,동해행,호미곶행,62,51039,60,27,상행,대동배교회,280.7,2026-05-12
동해2,동해-임곡-호미곶-임곡(중)-동해,동해행,동해행,호미곶행,62,51039,60,28,상행,대동배,217.6,2026-05-12
동해2,동해-임곡-호미곶-임곡(중)-동해,동해행,동해행,호미곶행,62,51039,60,29,상행,대동배2리,1234.6,2026-05-12
동해2,동해-임곡-호미곶-임곡(중)-동해,동해행,동해행,호미곶행,62,51039,60,30,상행,구만2리,2037.5,2026-05-12
동해2,동해-임곡-호미곶-임곡(중)-동해,동해행,동해행,호미곶행,62,51039,60,31,상행,구만2리마을회관,217.7,2026-05-12
동해2,동해-임곡-호미곶-임곡(중)-동해,동해행,동해행,호미곶행,62,51039,60,32,상행,호미곶행정복지센터,520.9,2026-05-12
동해2,동해-임곡-호미곶-임곡(중)-동해,동해행,동해행,호미곶행,62,51039,60,33,상행,구룡포수협호미곶지점,317.7,2026-05-12
동해2,동해-임곡-호미곶-임곡(중)-동해,동해행,동해행,호미곶행,62,51039,60,34,상행,구룡포농협호미곶지점,308.1,2026-05-12
동해2,동해-임곡-호미곶-임곡(중)-동해,동해행,동해행,호미곶행,62,51039,60,35,상행,해맞이광장(면민회관),221.6,2026-05-12
동해2,동해-임곡-호미곶-임곡(중)-동해,동해행,동해행,호미곶행,62,51039,60,36,하행,호미곶 해맞이광장,312.2,2026-05-12
동해2,동해-임곡-호미곶-임곡(중)-동해,동해행,동해행,호미곶행,62,51039,60,37,하행,해맞이광장(면민회관),259.1,2026-05-12
동해2,동해-임곡-호미곶-임곡(중)-동해,동해행,동해행,호미곶행,62,51039,60,38,하행,구룡포농협호미곶지점,200.6,2026-05-12
동해2,동해-임곡-호미곶-임곡(중)-동해,동해행,동해행,호미곶행,62,51039,60,39,하행,구룡포수협호미곶지점,310.6,2026-05-12
동해2,동해-임곡-호미곶-임곡(중)-동해,동해행,동해행,호미곶행,62,51039,60,40,하행,호미곶행정복지센터,332.3,2026-05-12
동해2,동해-임곡-호미곶-임곡(중)-동해,동해행,동해행,호미곶행,62,51039,60,41,하행,구만2리마을회관,509.8,2026-05-12
동해2,동해-임곡-호미곶-임곡(중)-동해,동해행,동해행,호미곶행,62,51039,60,42,하행,구만2리,243.1,2026-05-12
동해2,동해-임곡-호미곶-임곡(중)-동해,동해행,동해행,호미곶행,62,51039,60,43,하행,대동배2리,2016.2,2026-05-12
동해2,동해-임곡-호미곶-임곡(중)-동해,동해행,동해행,호미곶행,62,51039,60,44,하행,대동배,1250.8,2026-05-12
동해2,동해-임곡-호미곶-임곡(중)-동해,동해행,동해행,호미곶행,62,51039,60,45,하행,대동배교회,215.9,2026-05-12
동해2,동해-임곡-호미곶-임곡(중)-동해,동해행,동해행,호미곶행,62,51039,60,46,하행,대동배진료소,276.5,2026-05-12
동해2,동해-임곡-호미곶-임곡(중)-동해,동해행,동해행,호미곶행,62,51039,60,47,하행,발산2리,2737.6,2026-05-12
동해2,동해-임곡-호미곶-임곡(중)-동해,동해행,동해행,호미곶행,62,51039,60,48,하행,발산1리,1687.8,2026-05-12
동해2,동해-임곡-호미곶-임곡(중)-동해,동해행,동해행,호미곶행,62,51039,60,49,하행,중흥리마을회관,4249.4,2026-05-12
동해2,동해-임곡-호미곶-임곡(중)-동해,동해행,동해행,호미곶행,62,51039,60,50,하행,흥환리,728,2026-05-12
동해2,동해-임곡-호미곶-임곡(중)-동해,동해행,동해행,호미곶행,62,51039,60,51,하행,마산리,1775.2,2026-05-12
동해2,동해-임곡-호미곶-임곡(중)-동해,동해행,동해행,호미곶행,62,51039,60,52,하행,입암2리,1412.8,2026-05-12
동해2,동해-임곡-호미곶-임곡(중)-동해,동해행,동해행,호미곶행,62,51039,60,53,하행,입암1리,939.2,2026-05-12
동해2,동해-임곡-호미곶-임곡(중)-동해,동해행,동해행,호미곶행,62,51039,60,54,하행,연오랑세오녀테마공원,998.4,2026-05-12
동해2,동해-임곡-호미곶-임곡(중)-동해,동해행,동해행,호미곶행,62,51039,60,55,하행,임곡2리마을회관,1179.2,2026-05-12
동해2,동해-임곡-호미곶-임곡(중)-동해,동해행,동해행,호미곶행,62,51039,60,56,하행,임곡1리마을회관,433.8,2026-05-12
동해2,동해-임곡-호미곶-임곡(중)-동해,동해행,동해행,호미곶행,62,51039,60,57,하행,임곡1리,846,2026-05-12
동해2,동해-임곡-호미곶-임곡(중)-동해,동해행,동해행,호미곶행,62,51039,60,58,하행,약전리,311.3,2026-05-12
동해2,동해-임곡-호미곶-임곡(중)-동해,동해행,동해행,호미곶행,62,51039,60,59,하행,황금상가,312.6,2026-05-12
동해2,동해-임곡-호미곶-임곡(중)-동해,동해행,동해행,호미곶행,62,51039,60,60,하행,신정리,258.7,2026-05-12
동해2,동해-임곡-호미곶-임곡(중)-동해,동해행,동해행,호미곶행,62,51039,60,61,하행,동해면행정복지센터,533.5,2026-05-12
동해2,동해-임곡-호미곶-임곡(중)-동해,동해행,동해행,호미곶행,62,51039,60,62,하행,동해환승센터,309.5,2026-05-12
동해2,동해-임곡-호미곶-코아루-동해,동해행,동해행,호미곶행,62,47377,100,1,상행,동해환승센터,0,2026-05-12
동해2,동해-임곡-호미곶-코아루-동해,동해행,동해행,호미곶행,62,47377,100,2,상행,동해면행정복지센터,255.1,2026-05-12
동해2,동해-임곡-호미곶-코아루-동해,동해행,동해행,호미곶행,62,47377,100,3,상행,신정리,513.7,2026-05-12
동해2,동해-임곡-호미곶-코아루-동해,동해행,동해행,호미곶행,62,47377,100,4,상행,영남상가,347.6,2026-05-12
동해2,동해-임곡-호미곶-코아루-동해,동해행,동해행,호미곶행,62,47377,100,5,상행,약전리,294,2026-05-12
동해2,동해-임곡-호미곶-코아루-동해,동해행,동해행,호미곶행,62,47377,100,6,상행,임곡1리,274.3,2026-05-12
동해2,동해-임곡-호미곶-코아루-동해,동해행,동해행,호미곶행,62,47377,100,7,상행,임곡1리마을회관,849.9,2026-05-12
동해2,동해-임곡-호미곶-코아루-동해,동해행,동해행,호미곶행,62,47377,100,8,상행,임곡2리마을회관,436.1,2026-05-12
동해2,동해-임곡-호미곶-코아루-동해,동해행,동해행,호미곶행,62,47377,100,9,상행,청룡회관,758.5,2026-05-12
동해2,동해-임곡-호미곶-코아루-동해,동해행,동해행,호미곶행,62,47377,100,10,상행,연오랑세오녀테마공원,430.4,2026-05-12
동해2,동해-임곡-호미곶-코아루-동해,동해행,동해행,호미곶행,62,47377,100,11,상행,입암1리,999.6,2026-05-12
동해2,동해-임곡-호미곶-코아루-동해,동해행,동해행,호미곶행,62,47377,100,12,상행,입암2리,930.8,2026-05-12
동해2,동해-임곡-호미곶-코아루-동해,동해행,동해행,호미곶행,62,47377,100,13,상행,마산리,1405.2,2026-05-12
동해2,동해-임곡-호미곶-코아루-동해,동해행,동해행,호미곶행,62,47377,100,14,상행,흥환리,1760,2026-05-12
동해2,동해-임곡-호미곶-코아루-동해,동해행,동해행,호미곶행,62,47377,100,15,상행,발산1리,1893.4,2026-05-12
동해2,동해-임곡-호미곶-코아루-동해,동해행,동해행,호미곶행,62,47377,100,16,상행,발산2리,1648.7,2026-05-12
동해2,동해-임곡-호미곶-코아루-동해,동해행,동해행,호미곶행,62,47377,100,17,상행,대동배진료소,2737.1,2026-05-12
동해2,동해-임곡-호미곶-코아루-동해,동해행,동해행,호미곶행,62,47377,100,18,상행,대동배교회,280.7,2026-05-12
동해2,동해-임곡-호미곶-코아루-동해,동해행,동해행,호미곶행,62,47377,100,19,상행,대동배,217.6,2026-05-12
동해2,동해-임곡-호미곶-코아루-동해,동해행,동해행,호미곶행,62,47377,100,20,상행,대동배2리,1234.6,2026-05-12
동해2,동해-임곡-호미곶-코아루-동해,동해행,동해행,호미곶행,62,47377,100,21,상행,구만2리,2037.5,2026-05-12
동해2,동해-임곡-호미곶-코아루-동해,동해행,동해행,호미곶행,62,47377,100,22,상행,구만2리마을회관,217.7,2026-05-12
동해2,동해-임곡-호미곶-코아루-동해,동해행,동해행,호미곶행,62,47377,100,23,상행,호미곶행정복지센터,520.9,2026-05-12
동해2,동해-임곡-호미곶-코아루-동해,동해행,동해행,호미곶행,62,47377,100,24,상행,구룡포수협호미곶지점,317.7,2026-05-12
동해2,동해-임곡-호미곶-코아루-동해,동해행,동해행,호미곶행,62,47377,100,25,상행,구룡포농협호미곶지점,308.1,2026-05-12
동해2,동해-임곡-호미곶-코아루-동해,동해행,동해행,호미곶행,62,47377,100,26,상행,해맞이광장(면민회관),221.6,2026-05-12
동해2,동해-임곡-호미곶-코아루-동해,동해행,동해행,호미곶행,62,47377,100,27,하행,호미곶 해맞이광장,312.2,2026-05-12
동해2,동해-임곡-호미곶-코아루-동해,동해행,동해행,호미곶행,62,47377,100,28,하행,해맞이광장(면민회관),259.1,2026-05-12
동해2,동해-임곡-호미곶-코아루-동해,동해행,동해행,호미곶행,62,47377,100,29,하행,구룡포농협호미곶지점,200.6,2026-05-12
동해2,동해-임곡-호미곶-코아루-동해,동해행,동해행,호미곶행,62,47377,100,30,하행,구룡포수협호미곶지점,310.6,2026-05-12
동해2,동해-임곡-호미곶-코아루-동해,동해행,동해행,호미곶행,62,47377,100,31,하행,호미곶행정복지센터,332.3,2026-05-12
동해2,동해-임곡-호미곶-코아루-동해,동해행,동해행,호미곶행,62,47377,100,32,하행,구만2리마을회관,509.8,2026-05-12
동해2,동해-임곡-호미곶-코아루-동해,동해행,동해행,호미곶행,62,47377,100,33,하행,구만2리,243.1,2026-05-12
동해2,동해-임곡-호미곶-코아루-동해,동해행,동해행,호미곶행,62,47377,100,34,하행,대동배2리,2016.2,2026-05-12
동해2,동해-임곡-호미곶-코아루-동해,동해행,동해행,호미곶행,62,47377,100,35,하행,대동배,1250.8,2026-05-12
동해2,동해-임곡-호미곶-코아루-동해,동해행,동해행,호미곶행,62,47377,100,36,하행,대동배교회,215.9,2026-05-12
동해2,동해-임곡-호미곶-코아루-동해,동해행,동해행,호미곶행,62,47377,100,37,하행,대동배진료소,276.5,2026-05-12
동해2,동해-임곡-호미곶-코아루-동해,동해행,동해행,호미곶행,62,47377,100,38,하행,발산2리,2737.6,2026-05-12
동해2,동해-임곡-호미곶-코아루-동해,동해행,동해행,호미곶행,62,47377,100,39,하행,발산1리,1687.8,2026-05-12
동해2,동해-임곡-호미곶-코아루-동해,동해행,동해행,호미곶행,62,47377,100,40,하행,중흥리,3747.3,2026-05-12
동해2,동해-임곡-호미곶-코아루-동해,동해행,동해행,호미곶행,62,47377,100,41,하행,중흥리마을회관,502.1,2026-05-12
동해2,동해-임곡-호미곶-코아루-동해,동해행,동해행,호미곶행,62,47377,100,42,하행,중흥리,430.5,2026-05-12
동해2,동해-임곡-호미곶-코아루-동해,동해행,동해행,호미곶행,62,47377,100,43,하행,흥환리,297.5,2026-05-12
동해2,동해-임곡-호미곶-코아루-동해,동해행,동해행,호미곶행,62,47377,100,44,하행,마산리,1775.2,2026-05-12
동해2,동해-임곡-호미곶-코아루-동해,동해행,동해행,호미곶행,62,47377,100,45,하행,입암2리,1412.8,2026-05-12
동해2,동해-임곡-호미곶-코아루-동해,동해행,동해행,호미곶행,62,47377,100,46,하행,입암1리,939.2,2026-05-12
동해2,동해-임곡-호미곶-코아루-동해,동해행,동해행,호미곶행,62,47377,100,47,하행,연오랑세오녀테마공원,998.4,2026-05-12
동해2,동해-임곡-호미곶-코아루-동해,동해행,동해행,호미곶행,62,47377,100,48,하행,청룡회관,451.3,2026-05-12
동해2,동해-임곡-호미곶-코아루-동해,동해행,동해행,호미곶행,62,47377,100,49,하행,숲실,174.8,2026-05-12
동해2,동해-임곡-호미곶-코아루-동해,동해행,동해행,호미곶행,62,47377,100,50,하행,임곡2리,711.6,2026-05-12
동해2,동해-임곡-호미곶-코아루-동해,동해행,동해행,호미곶행,62,47377,100,51,하행,임곡1리,556.6,2026-05-12
동해2,동해-임곡-호미곶-코아루-동해,동해행,동해행,호미곶행,62,47377,100,52,하행,약전리,311.3,2026-05-12
동해2,동해-임곡-호미곶-코아루-동해,동해행,동해행,호미곶행,62,47377,100,53,하행,황금상가,312.6,2026-05-12
동해2,동해-임곡-호미곶-코아루-동해,동해행,동해행,호미곶행,62,47377,100,54,하행,신정리,258.7,2026-05-12
동해2,동해-임곡-호미곶-코아루-동해,동해행,동해행,호미곶행,62,47377,100,55,하행,동해초등학교,471.6,2026-05-12
동해2,동해-임곡-호미곶-코아루-동해,동해행,동해행,호미곶행,62,47377,100,56,하행,해인실버타운,354.6,2026-05-12
동해2,동해-임곡-호미곶-코아루-동해,동해행,동해행,호미곶행,62,47377,100,57,하행,코아루블루인시티,426,2026-05-12
동해2,동해-임곡-호미곶-코아루-동해,동해행,동해행,호미곶행,62,47377,100,58,하행,코아루블루인시티,239,2026-05-12
동해2,동해-임곡-호미곶-코아루-동해,동해행,동해행,호미곶행,62,47377,100,59,하행,해인실버타운,477.4,2026-05-12
동해2,동해-임곡-호미곶-코아루-동해,동해행,동해행,호미곶행,62,47377,100,60,하행,동해초등학교,367.5,2026-05-12
동해2,동해-임곡-호미곶-코아루-동해,동해행,동해행,호미곶행,62,47377,100,61,하행,동해면행정복지센터,264.9,2026-05-12
동해2,동해-임곡-호미곶-코아루-동해,동해행,동해행,호미곶행,62,47377,100,62,하행,동해환승센터,309.5,2026-05-12
동해2,동해-코아루-임곡-호미곶-동해,동해행,동해행,호미곶행,59,44255,100,1,상행,동해환승센터,0,2026-05-12
동해2,동해-코아루-임곡-호미곶-동해,동해행,동해행,호미곶행,59,44255,100,2,상행,동해면행정복지센터,255.1,2026-05-12
동해2,동해-코아루-임곡-호미곶-동해,동해행,동해행,호미곶행,59,44255,100,3,상행,동해초등학교,315.5,2026-05-12
동해2,동해-코아루-임곡-호미곶-동해,동해행,동해행,호미곶행,59,44255,100,4,상행,해인실버타운,354.6,2026-05-12
동해2,동해-코아루-임곡-호미곶-동해,동해행,동해행,호미곶행,59,44255,100,5,상행,코아루블루인시티,426,2026-05-12
동해2,동해-코아루-임곡-호미곶-동해,동해행,동해행,호미곶행,59,44255,100,6,상행,코아루블루인시티,239,2026-05-12
동해2,동해-코아루-임곡-호미곶-동해,동해행,동해행,호미곶행,59,44255,100,7,상행,해인실버타운,477.4,2026-05-12
동해2,동해-코아루-임곡-호미곶-동해,동해행,동해행,호미곶행,59,44255,100,8,상행,동해초등학교,367.5,2026-05-12
동해2,동해-코아루-임곡-호미곶-동해,동해행,동해행,호미곶행,59,44255,100,9,상행,신정리,401.2,2026-05-12
동해2,동해-코아루-임곡-호미곶-동해,동해행,동해행,호미곶행,59,44255,100,10,상행,영남상가,347.6,2026-05-12
동해2,동해-코아루-임곡-호미곶-동해,동해행,동해행,호미곶행,59,44255,100,11,상행,약전리,294,2026-05-12
동해2,동해-코아루-임곡-호미곶-동해,동해행,동해행,호미곶행,59,44255,100,12,상행,임곡1리,274.3,2026-05-12
동해2,동해-코아루-임곡-호미곶-동해,동해행,동해행,호미곶행,59,44255,100,13,상행,임곡1리마을회관,849.9,2026-05-12
동해2,동해-코아루-임곡-호미곶-동해,동해행,동해행,호미곶행,59,44255,100,14,상행,임곡2리마을회관,436.1,2026-05-12
동해2,동해-코아루-임곡-호미곶-동해,동해행,동해행,호미곶행,59,44255,100,15,상행,청룡회관,758.5,2026-05-12
동해2,동해-코아루-임곡-호미곶-동해,동해행,동해행,호미곶행,59,44255,100,16,상행,연오랑세오녀테마공원,430.4,2026-05-12
동해2,동해-코아루-임곡-호미곶-동해,동해행,동해행,호미곶행,59,44255,100,17,상행,입암1리,999.6,2026-05-12
동해2,동해-코아루-임곡-호미곶-동해,동해행,동해행,호미곶행,59,44255,100,18,상행,입암2리,930.8,2026-05-12
동해2,동해-코아루-임곡-호미곶-동해,동해행,동해행,호미곶행,59,44255,100,19,상행,마산리,1405.2,2026-05-12
동해2,동해-코아루-임곡-호미곶-동해,동해행,동해행,호미곶행,59,44255,100,20,상행,흥환리,1760,2026-05-12
동해2,동해-코아루-임곡-호미곶-동해,동해행,동해행,호미곶행,59,44255,100,21,상행,발산1리,1893.4,2026-05-12
동해2,동해-코아루-임곡-호미곶-동해,동해행,동해행,호미곶행,59,44255,100,22,상행,발산2리,1648.7,2026-05-12
동해2,동해-코아루-임곡-호미곶-동해,동해행,동해행,호미곶행,59,44255,100,23,상행,대동배진료소,2737.1,2026-05-12
동해2,동해-코아루-임곡-호미곶-동해,동해행,동해행,호미곶행,59,44255,100,24,상행,대동배교회,280.7,2026-05-12
동해2,동해-코아루-임곡-호미곶-동해,동해행,동해행,호미곶행,59,44255,100,25,상행,대동배,217.6,2026-05-12
동해2,동해-코아루-임곡-호미곶-동해,동해행,동해행,호미곶행,59,44255,100,26,상행,대동배2리,1234.6,2026-05-12
동해2,동해-코아루-임곡-호미곶-동해,동해행,동해행,호미곶행,59,44255,100,27,상행,구만2리,2037.5,2026-05-12
동해2,동해-코아루-임곡-호미곶-동해,동해행,동해행,호미곶행,59,44255,100,28,상행,구만2리마을회관,217.7,2026-05-12
동해2,동해-코아루-임곡-호미곶-동해,동해행,동해행,호미곶행,59,44255,100,29,상행,호미곶행정복지센터,520.9,2026-05-12
동해2,동해-코아루-임곡-호미곶-동해,동해행,동해행,호미곶행,59,44255,100,30,상행,구룡포수협호미곶지점,317.7,2026-05-12
동해2,동해-코아루-임곡-호미곶-동해,동해행,동해행,호미곶행,59,44255,100,31,상행,구룡포농협호미곶지점,308.1,2026-05-12
동해2,동해-코아루-임곡-호미곶-동해,동해행,동해행,호미곶행,59,44255,100,32,상행,해맞이광장(면민회관),221.6,2026-05-12
동해2,동해-코아루-임곡-호미곶-동해,동해행,동해행,호미곶행,59,44255,100,33,하행,호미곶 해맞이광장,312.2,2026-05-12
동해2,동해-코아루-임곡-호미곶-동해,동해행,동해행,호미곶행,59,44255,100,34,하행,해맞이광장(면민회관),259.1,2026-05-12
동해2,동해-코아루-임곡-호미곶-동해,동해행,동해행,호미곶행,59,44255,100,35,하행,구룡포농협호미곶지점,200.6,2026-05-12
동해2,동해-코아루-임곡-호미곶-동해,동해행,동해행,호미곶행,59,44255,100,36,하행,구룡포수협호미곶지점,310.6,2026-05-12
동해2,동해-코아루-임곡-호미곶-동해,동해행,동해행,호미곶행,59,44255,100,37,하행,호미곶행정복지센터,332.3,2026-05-12
동해2,동해-코아루-임곡-호미곶-동해,동해행,동해행,호미곶행,59,44255,100,38,하행,구만2리마을회관,509.8,2026-05-12
동해2,동해-코아루-임곡-호미곶-동해,동해행,동해행,호미곶행,59,44255,100,39,하행,구만2리,243.1,2026-05-12
동해2,동해-코아루-임곡-호미곶-동해,동해행,동해행,호미곶행,59,44255,100,40,하행,대동배2리,2016.2,2026-05-12
동해2,동해-코아루-임곡-호미곶-동해,동해행,동해행,호미곶행,59,44255,100,41,하행,대동배,1250.8,2026-05-12
동해2,동해-코아루-임곡-호미곶-동해,동해행,동해행,호미곶행,59,44255,100,42,하행,대동배교회,215.9,2026-05-12
동해2,동해-코아루-임곡-호미곶-동해,동해행,동해행,호미곶행,59,44255,100,43,하행,대동배진료소,276.5,2026-05-12
동해2,동해-코아루-임곡-호미곶-동해,동해행,동해행,호미곶행,59,44255,100,44,하행,발산2리,2737.6,2026-05-12
동해2,동해-코아루-임곡-호미곶-동해,동해행,동해행,호미곶행,59,44255,100,45,하행,발산1리,1687.8,2026-05-12
동해2,동해-코아루-임곡-호미곶-동해,동해행,동해행,호미곶행,59,44255,100,46,하행,흥환리,1855.4,2026-05-12
동해2,동해-코아루-임곡-호미곶-동해,동해행,동해행,호미곶행,59,44255,100,47,하행,마산리,1775.2,2026-05-12
동해2,동해-코아루-임곡-호미곶-동해,동해행,동해행,호미곶행,59,44255,100,48,하행,입암2리,1412.8,2026-05-12
동해2,동해-코아루-임곡-호미곶-동해,동해행,동해행,호미곶행,59,44255,100,49,하행,입암1리,939.2,2026-05-12
동해2,동해-코아루-임곡-호미곶-동해,동해행,동해행,호미곶행,59,44255,100,50,하행,연오랑세오녀테마공원,998.4,2026-05-12
동해2,동해-코아루-임곡-호미곶-동해,동해행,동해행,호미곶행,59,44255,100,51,하행,청룡회관,451.3,2026-05-12
동해2,동해-코아루-임곡-호미곶-동해,동해행,동해행,호미곶행,59,44255,100,52,하행,숲실,174.8,2026-05-12
동해2,동해-코아루-임곡-호미곶-동해,동해행,동해행,호미곶행,59,44255,100,53,하행,임곡2리,711.6,2026-05-12
동해2,동해-코아루-임곡-호미곶-동해,동해행,동해행,호미곶행,59,44255,100,54,하행,임곡1리,556.6,2026-05-12
동해2,동해-코아루-임곡-호미곶-동해,동해행,동해행,호미곶행,59,44255,100,55,하행,약전리,311.3,2026-05-12
동해2,동해-코아루-임곡-호미곶-동해,동해행,동해행,호미곶행,59,44255,100,56,하행,황금상가,312.6,2026-05-12
동해2,동해-코아루-임곡-호미곶-동해,동해행,동해행,호미곶행,59,44255,100,57,하행,신정리,258.7,2026-05-12
동해2,동해-코아루-임곡-호미곶-동해,동해행,동해행,호미곶행,59,44255,100,58,하행,동해면행정복지센터,533.5,2026-05-12
동해2,동해-코아루-임곡-호미곶-동해,동해행,동해행,호미곶행,59,44255,100,59,하행,동해환승센터,309.5,2026-05-12
동해2,동해-호미곶온천-모포-동해,동해행,동해행,모포행,35,34298,60,1,상행,동해환승센터,0,2026-05-12
동해2,동해-호미곶온천-모포-동해,동해행,동해행,모포행,35,34298,60,2,상행,동해면행정복지센터,255.1,2026-05-12
동해2,동해-호미곶온천-모포-동해,동해행,동해행,모포행,35,34298,60,3,상행,신정리,513.7,2026-05-12
동해2,동해-호미곶온천-모포-동해,동해행,동해행,모포행,35,34298,60,4,상행,영남상가,347.6,2026-05-12
동해2,동해-호미곶온천-모포-동해,동해행,동해행,모포행,35,34298,60,5,상행,약전리,294,2026-05-12
동해2,동해-호미곶온천-모포-동해,동해행,동해행,모포행,35,34298,60,6,상행,석리,766.3,2026-05-12
동해2,동해-호미곶온천-모포-동해,동해행,동해행,모포행,35,34298,60,7,상행,신형주택입구,1079.2,2026-05-12
동해2,동해-호미곶온천-모포-동해,동해행,동해행,모포행,35,34298,60,8,상행,동산공원묘지,753.7,2026-05-12
동해2,동해-호미곶온천-모포-동해,동해행,동해행,모포행,35,34298,60,9,상행,블루밸리산단입구,1605.7,2026-05-12
동해2,동해-호미곶온천-모포-동해,동해행,동해행,모포행,35,34298,60,10,상행,호미곶온천랜드,3095.3,2026-05-12
동해2,동해-호미곶온천-모포-동해,동해행,동해행,모포행,35,34298,60,11,상행,중산리,3804.5,2026-05-12
동해2,동해-호미곶온천-모포-동해,동해행,동해행,모포행,35,34298,60,12,상행,공당1리,1013.7,2026-05-12
동해2,동해-호미곶온천-모포-동해,동해행,동해행,모포행,35,34298,60,13,상행,블루밸리근린공원,776.7,2026-05-12
동해2,동해-호미곶온천-모포-동해,동해행,동해행,모포행,35,34298,60,14,상행,성동1리,841.3,2026-05-12
동해2,동해-호미곶온천-모포-동해,동해행,동해행,모포행,35,34298,60,15,상행,성동2리,625.7,2026-05-12
동해2,동해-호미곶온천-모포-동해,동해행,동해행,모포행,35,34298,60,16,상행,구포휴게소,2218.7,2026-05-12
동해2,동해-호미곶온천-모포-동해,동해행,동해행,모포행,35,34298,60,17,하행,모포분교,721,2026-05-12
동해2,동해-호미곶온천-모포-동해,동해행,동해행,모포행,35,34298,60,18,하행,구포휴게소,743.4,2026-05-12
동해2,동해-호미곶온천-모포-동해,동해행,동해행,모포행,35,34298,60,19,하행,새바위,596.4,2026-05-12
동해2,동해-호미곶온천-모포-동해,동해행,동해행,모포행,35,34298,60,20,하행,구평1리,444.8,2026-05-12
동해2,동해-호미곶온천-모포-동해,동해행,동해행,모포행,35,34298,60,21,하행,구평보건진료소,234,2026-05-12
동해2,동해-호미곶온천-모포-동해,동해행,동해행,모포행,35,34298,60,22,하행,구평보건진료소,516.2,2026-05-12
동해2,동해-호미곶온천-모포-동해,동해행,동해행,모포행,35,34298,60,23,하행,구평1리,225.5,2026-05-12
동해2,동해-호미곶온천-모포-동해,동해행,동해행,모포행,35,34298,60,24,하행,새바위,413,2026-05-12
동해2,동해-호미곶온천-모포-동해,동해행,동해행,모포행,35,34298,60,25,하행,성동2리,2221.2,2026-05-12
동해2,동해-호미곶온천-모포-동해,동해행,동해행,모포행,35,34298,60,26,하행,성동1리,587.8,2026-05-12
동해2,동해-호미곶온천-모포-동해,동해행,동해행,모포행,35,34298,60,27,하행,블루밸리근린공원,858.8,2026-05-12
동해2,동해-호미곶온천-모포-동해,동해행,동해행,모포행,35,34298,60,28,하행,공당1리,514.5,2026-05-12
동해2,동해-호미곶온천-모포-동해,동해행,동해행,모포행,35,34298,60,29,하행,중산리,1261.4,2026-05-12
동해2,동해-호미곶온천-모포-동해,동해행,동해행,모포행,35,34298,60,30,하행,블루밸리산단입구,973.4,2026-05-12
동해2,동해-호미곶온천-모포-동해,동해행,동해행,모포행,35,34298,60,31,하행,약전리,4237.6,2026-05-12
동해2,동해-호미곶온천-모포-동해,동해행,동해행,모포행,35,34298,60,32,하행,황금상가,312.6,2026-05-12
동해2,동해-호미곶온천-모포-동해,동해행,동해행,모포행,35,34298,60,33,하행,신정리,258.7,2026-05-12
동해2,동해-호미곶온천-모포-동해,동해행,동해행,모포행,35,34298,60,34,하행,동해면행정복지센터,533.5,2026-05-12
동해2,동해-호미곶온천-모포-동해,동해행,동해행,모포행,35,34298,60,35,하행,동해환승센터,309.5,2026-05-12
동해2,모포-상정-석리-약전-동해,모포행,동해행,,21,16804,60,1,상행,모포분교,0,2026-05-12
동해2,모포-상정-석리-약전-동해,모포행,동해행,,21,16804,60,2,상행,구포휴게소,744.6,2026-05-12
동해2,모포-상정-석리-약전-동해,모포행,동해행,,21,16804,60,3,상행,새바위,596.4,2026-05-12
동해2,모포-상정-석리-약전-동해,모포행,동해행,,21,16804,60,4,상행,구평1리,444.8,2026-05-12
동해2,모포-상정-석리-약전-동해,모포행,동해행,,21,16804,60,5,상행,구평보건진료소,234,2026-05-12
동해2,모포-상정-석리-약전-동해,모포행,동해행,,21,16804,60,6,상행,구평보건진료소,516.2,2026-05-12
동해2,모포-상정-석리-약전-동해,모포행,동해행,,21,16804,60,7,상행,구평1리,225.5,2026-05-12
동해2,모포-상정-석리-약전-동해,모포행,동해행,,21,16804,60,8,상행,새바위,413,2026-05-12
동해2,모포-상정-석리-약전-동해,모포행,동해행,,21,16804,60,9,상행,성동2리,2221.2,2026-05-12
동해2,모포-상정-석리-약전-동해,모포행,동해행,,21,16804,60,10,상행,성동1리,587.8,2026-05-12
동해2,모포-상정-석리-약전-동해,모포행,동해행,,21,16804,60,11,상행,블루밸리근린공원,858.8,2026-05-12
동해2,모포-상정-석리-약전-동해,모포행,동해행,,21,16804,60,12,상행,공당1리,514.5,2026-05-12
동해2,모포-상정-석리-약전-동해,모포행,동해행,,21,16804,60,13,상행,중산리,1261.4,2026-05-12
동해2,모포-상정-석리-약전-동해,모포행,동해행,,21,16804,60,14,상행,블루밸리산단입구,1858.6,2026-05-12
동해2,모포-상정-석리-약전-동해,모포행,동해행,,21,16804,60,15,상행,신형주택입구,2385.8,2026-05-12
동해2,모포-상정-석리-약전-동해,모포행,동해행,,21,16804,60,16,상행,석리,1061.4,2026-05-12
동해2,모포-상정-석리-약전-동해,모포행,동해행,,21,16804,60,17,상행,약전리,761.7,2026-05-12
동해2,모포-상정-석리-약전-동해,모포행,동해행,,21,16804,60,18,상행,황금상가,312.6,2026-05-12
동해2,모포-상정-석리-약전-동해,모포행,동해행,,21,16804,60,19,상행,신정리,258.7,2026-05-12
동해2,모포-상정-석리-약전-동해,모포행,동해행,,21,16804,60,20,상행,동해면행정복지센터,533.5,2026-05-12
동해2,모포-상정-석리-약전-동해,모포행,동해행,,21,16804,60,21,상행,동해환승센터,309.5,2026-05-12
송라,송라-중산리-송라,송라행,송라행,중산1리행,7,5902,0,1,상행,송라면행정복지센터,0,2026-05-12
송라,송라-중산리-송라,송라행,송라행,중산1리행,7,5902,0,2,상행,광천2리,329.8,2026-05-12
송라,송라-중산리-송라,송라행,송라행,중산1리행,7,5902,0,3,상행,광천1리,1092,2026-05-12
송라,송라-중산리-송라,송라행,송라행,중산1리행,7,5902,0,4,하행,중산1리마을회관,1418,2026-05-12
송라,송라-중산리-송라,송라행,송라행,중산1리행,7,5902,0,5,하행,광천1리,1430.7,2026-05-12
송라,송라-중산리-송라,송라행,송라행,중산1리행,7,5902,0,6,하행,광천2리,1105.6,2026-05-12
송라,송라-중산리-송라,송라행,송라행,중산1리행,7,5902,0,7,하행,송라면행정복지센터,325.4,2026-05-12
송라,송라-지경-대전-화진-방석-송라,송라행,송라행,화진3리행,15,15930,60,1,상행,송라면행정복지센터,0,2026-05-12
송라,송라-지경-대전-화진-방석-송라,송라행,송라행,화진3리행,15,15930,60,2,상행,송라입구,529,2026-05-12
송라,송라-지경-대전-화진-방석-송라,송라행,송라행,화진3리행,15,15930,60,3,상행,화진,3276.1,2026-05-12
송라,송라-지경-대전-화진-방석-송라,송라행,송라행,화진3리행,15,15930,60,4,상행,대전리입구,854.9,2026-05-12
송라,송라-지경-대전-화진-방석-송라,송라행,송라행,화진3리행,15,15930,60,5,상행,대전2리경로당,2876.6,2026-05-12
송라,송라-지경-대전-화진-방석-송라,송라행,송라행,화진3리행,15,15930,60,6,상행,대전리입구,2913,2026-05-12
송라,송라-지경-대전-화진-방석-송라,송라행,송라행,화진3리행,15,15930,60,7,하행,화진3리,694.7,2026-05-12
송라,송라-지경-대전-화진-방석-송라,송라행,송라행,화진3리행,15,15930,60,8,하행,화진2리,882.4,2026-05-12
송라,송라-지경-대전-화진-방석-송라,송라행,송라행,화진3리행,15,15930,60,9,하행,어촌계작업장,395.3,2026-05-12
송라,송라-지경-대전-화진-방석-송라,송라행,송라행,화진3리행,15,15930,60,10,하행,화진1리마을회관,418.3,2026-05-12
송라,송라-지경-대전-화진-방석-송라,송라행,송라행,화진3리행,15,15930,60,11,하행,어업인복지회관,628.3,2026-05-12
송라,송라-지경-대전-화진-방석-송라,송라행,송라행,화진3리행,15,15930,60,12,하행,방석리입구,229.3,2026-05-12
송라,송라-지경-대전-화진-방석-송라,송라행,송라행,화진3리행,15,15930,60,13,하행,방석1리,878.5,2026-05-12
송라,송라-지경-대전-화진-방석-송라,송라행,송라행,화진3리행,15,15930,60,14,하행,송라입구,795.5,2026-05-12
송라,송라-지경-대전-화진-방석-송라,송라행,송라행,화진3리행,15,15930,60,15,하행,송라면행정복지센터,540.5,2026-05-12
송라,송라-청하,송라행,청하행,,8,4410,60,1,상행,송라면행정복지센터,0,2026-05-12
송라,송라-청하,송라행,청하행,,8,4410,60,2,상행,포스코스포츠랜드,1185.9,2026-05-12
송라,송라-청하,송라행,청하행,,8,4410,60,3,상행,하송2리,694.8,2026-05-12
송라,송라-청하,송라행,청하행,,8,4410,60,4,상행,하송1리,802.5,2026-05-12
송라,송라-청하,송라행,청하행,,8,4410,60,5,상행,청하면민복지회관,918,2026-05-12
송라,송라-청하,송라행,청하행,,8,4410,60,6,상행,청하초등학교,265,2026-05-12
송라,송라-청하,송라행,청하행,,8,4410,60,7,상행,청하시장,230.6,2026-05-12
송라,송라-청하,송라행,청하행,,8,4410,60,8,상행,청하환승센터,288.1,2026-05-12
송라,청하-송라,청하행,송라행,,10,5271,60,1,상행,청하환승센터,0,2026-05-12
송라,청하-송라,청하행,송라행,,10,5271,60,2,상행,청하시장,320.6,2026-05-12
송라,청하-송라,청하행,송라행,,10,5271,60,3,상행,청하초등학교,194.1,2026-05-12
송라,청하-송라,청하행,송라행,,10,5271,60,4,상행,청하면민복지회관,320.3,2026-05-12
송라,청하-송라,청하행,송라행,,10,5271,60,5,상행,하송1리,871.5,2026-05-12
송라,청하-송라,청하행,송라행,,10,5271,60,6,상행,하송2리,761.6,2026-05-12
송라,청하-송라,청하행,송라행,,10,5271,60,7,상행,포스코 스포츠랜드,786.3,2026-05-12
송라,청하-송라,청하행,송라행,,10,5271,60,8,상행,송라정류소,950,2026-05-12
송라,청하-송라,청하행,송라행,,10,5271,60,9,상행,송라입구,500.8,2026-05-12
송라,청하-송라,청하행,송라행,,10,5271,60,10,상행,송라면행정복지센터,540.5,2026-05-12
송라,화진1-화진3-지경2-송라,송라행,송라행,화진3리행,11,9980,60,1,상행,송라면행정복지센터,0,2026-05-12
송라,화진1-화진3-지경2-송라,송라행,송라행,화진3리행,11,9980,60,2,상행,송라입구,529,2026-05-12
송라,화진1-화진3-지경2-송라,송라행,송라행,화진3리행,11,9980,60,3,상행,방석1리,818.6,2026-05-12
송라,화진1-화진3-지경2-송라,송라행,송라행,화진3리행,11,9980,60,4,상행,방석리입구,849.8,2026-05-12
송라,화진1-화진3-지경2-송라,송라행,송라행,화진3리행,11,9980,60,5,상행,어업인복지회관,254.7,2026-05-12
송라,화진1-화진3-지경2-송라,송라행,송라행,화진3리행,11,9980,60,6,상행,화진1리마을회관,646.8,2026-05-12
송라,화진1-화진3-지경2-송라,송라행,송라행,화진3리행,11,9980,60,7,상행,어촌계작업장,435.5,2026-05-12
송라,화진1-화진3-지경2-송라,송라행,송라행,화진3리행,11,9980,60,8,상행,화진2리,386.1,2026-05-12
송라,화진1-화진3-지경2-송라,송라행,송라행,화진3리행,11,9980,60,9,하행,화진3리,875.4,2026-05-12
송라,화진1-화진3-지경2-송라,송라행,송라행,화진3리행,11,9980,60,10,하행,화진,1470.7,2026-05-12
송라,화진1-화진3-지경2-송라,송라행,송라행,화진3리행,11,9980,60,11,하행,송라면행정복지센터,3696.1,2026-05-12
송라,화진3-지경2(화진)-대전리-화진3,송라행,송라행,대전2리행,22,18391,60,1,상행,송라면행정복지센터,0,2026-05-12
송라,화진3-지경2(화진)-대전리-화진3,송라행,송라행,대전2리행,22,18391,60,2,상행,송라입구,529,2026-05-12
송라,화진3-지경2(화진)-대전리-화진3,송라행,송라행,대전2리행,22,18391,60,3,상행,방석1리,817.7,2026-05-12
송라,화진3-지경2(화진)-대전리-화진3,송라행,송라행,대전2리행,22,18391,60,4,상행,방석리입구,849.8,2026-05-12
송라,화진3-지경2(화진)-대전리-화진3,송라행,송라행,대전2리행,22,18391,60,5,상행,어업인복지회관,254.7,2026-05-12
송라,화진3-지경2(화진)-대전리-화진3,송라행,송라행,대전2리행,22,18391,60,6,상행,화진1리마을회관,646.8,2026-05-12
송라,화진3-지경2(화진)-대전리-화진3,송라행,송라행,대전2리행,22,18391,60,7,상행,어촌계작업장,435.5,2026-05-12
송라,화진3-지경2(화진)-대전리-화진3,송라행,송라행,대전2리행,22,18391,60,8,상행,화진2리,386.1,2026-05-12
송라,화진3-지경2(화진)-대전리-화진3,송라행,송라행,대전2리행,22,18391,60,9,상행,화진3리,875.4,2026-05-12
송라,화진3-지경2(화진)-대전리-화진3,송라행,송라행,대전2리행,22,18391,60,10,상행,화진,1470.7,2026-05-12
송라,화진3-지경2(화진)-대전리-화진3,송라행,송라행,대전2리행,22,18391,60,11,상행,대전리입구,854.9,2026-05-12
송라,화진3-지경2(화진)-대전리-화진3,송라행,송라행,대전2리행,22,18391,60,12,하행,대전2리경로당,2876.6,2026-05-12
송라,화진3-지경2(화진)-대전리-화진3,송라행,송라행,대전2리행,22,18391,60,13,하행,대전리입구,2913,2026-05-12
송라,화진3-지경2(화진)-대전리-화진3,송라행,송라행,대전2리행,22,18391,60,14,하행,화진3리,694.7,2026-05-12
송라,화진3-지경2(화진)-대전리-화진3,송라행,송라행,대전2리행,22,18391,60,15,하행,화진2리,882.4,2026-05-12
송라,화진3-지경2(화진)-대전리-화진3,송라행,송라행,대전2리행,22,18391,60,16,하행,어촌계작업장,395.3,2026-05-12
송라,화진3-지경2(화진)-대전리-화진3,송라행,송라행,대전2리행,22,18391,60,17,하행,화진1리마을회관,418.3,2026-05-12
송라,화진3-지경2(화진)-대전리-화진3,송라행,송라행,대전2리행,22,18391,60,18,하행,어업인복지회관,628.3,2026-05-12
송라,화진3-지경2(화진)-대전리-화진3,송라행,송라행,대전2리행,22,18391,60,19,하행,방석리입구,229.3,2026-05-12
송라,화진3-지경2(화진)-대전리-화진3,송라행,송라행,대전2리행,22,18391,60,20,하행,방석1리,878.5,2026-05-12
송라,화진3-지경2(화진)-대전리-화진3,송라행,송라행,대전2리행,22,18391,60,21,하행,송라입구,795.5,2026-05-12
송라,화진3-지경2(화진)-대전리-화진3,송라행,송라행,대전2리행,22,18391,60,22,하행,송라면행정복지센터,540.5,2026-05-12
송라,화진3-지경2(화진)-지경3-화진3,송라행,송라행,대전2리행,28,32039,60,1,상행,송라면행정복지센터,0,2026-05-12
송라,화진3-지경2(화진)-지경3-화진3,송라행,송라행,대전2리행,28,32039,60,2,상행,송라입구,529,2026-05-12
송라,화진3-지경2(화진)-지경3-화진3,송라행,송라행,대전2리행,28,32039,60,3,상행,방석1리,817.7,2026-05-12
송라,화진3-지경2(화진)-지경3-화진3,송라행,송라행,대전2리행,28,32039,60,4,상행,방석리입구,849.8,2026-05-12
송라,화진3-지경2(화진)-지경3-화진3,송라행,송라행,대전2리행,28,32039,60,5,상행,어업인복지회관,254.7,2026-05-12
송라,화진3-지경2(화진)-지경3-화진3,송라행,송라행,대전2리행,28,32039,60,6,상행,화진1리마을회관,646.8,2026-05-12
송라,화진3-지경2(화진)-지경3-화진3,송라행,송라행,대전2리행,28,32039,60,7,상행,어촌계작업장,435.5,2026-05-12
송라,화진3-지경2(화진)-지경3-화진3,송라행,송라행,대전2리행,28,32039,60,8,상행,화진2리,386.1,2026-05-12
송라,화진3-지경2(화진)-지경3-화진3,송라행,송라행,대전2리행,28,32039,60,9,상행,화진3리,875.4,2026-05-12
송라,화진3-지경2(화진)-지경3-화진3,송라행,송라행,대전2리행,28,32039,60,10,상행,화진,1470.7,2026-05-12
송라,화진3-지경2(화진)-지경3-화진3,송라행,송라행,대전2리행,28,32039,60,11,상행,지경검문소,1423.7,2026-05-12
송라,화진3-지경2(화진)-지경3-화진3,송라행,송라행,대전2리행,28,32039,60,12,상행,지경리,550.3,2026-05-12
송라,화진3-지경2(화진)-지경3-화진3,송라행,송라행,대전2리행,28,32039,60,13,상행,지경리,1708.8,2026-05-12
송라,화진3-지경2(화진)-지경3-화진3,송라행,송라행,대전2리행,28,32039,60,14,상행,지경3리경로당,3599.5,2026-05-12
송라,화진3-지경2(화진)-지경3-화진3,송라행,송라행,대전2리행,28,32039,60,15,상행,지경검문소,5694.1,2026-05-12
송라,화진3-지경2(화진)-지경3-화진3,송라행,송라행,대전2리행,28,32039,60,16,상행,대전리입구,1611.9,2026-05-12
송라,화진3-지경2(화진)-지경3-화진3,송라행,송라행,대전2리행,28,32039,60,17,하행,대전2리경로당,2837.7,2026-05-12
송라,화진3-지경2(화진)-지경3-화진3,송라행,송라행,대전2리행,28,32039,60,18,하행,대전리,1534.9,2026-05-12
송라,화진3-지경2(화진)-지경3-화진3,송라행,송라행,대전2리행,28,32039,60,19,하행,대전리입구,1332.1,2026-05-12
송라,화진3-지경2(화진)-지경3-화진3,송라행,송라행,대전2리행,28,32039,60,20,하행,화진3리,694.7,2026-05-12
송라,화진3-지경2(화진)-지경3-화진3,송라행,송라행,대전2리행,28,32039,60,21,하행,화진2리,882.4,2026-05-12
송라,화진3-지경2(화진)-지경3-화진3,송라행,송라행,대전2리행,28,32039,60,22,하행,어촌계작업장,395.3,2026-05-12
송라,화진3-지경2(화진)-지경3-화진3,송라행,송라행,대전2리행,28,32039,60,23,하행,화진1리마을회관,418.3,2026-05-12
송라,화진3-지경2(화진)-지경3-화진3,송라행,송라행,대전2리행,28,32039,60,24,하행,어업인복지회관,628.3,2026-05-12
송라,화진3-지경2(화진)-지경3-화진3,송라행,송라행,대전2리행,28,32039,60,25,하행,방석리입구,229.3,2026-05-12
송라,화진3-지경2(화진)-지경3-화진3,송라행,송라행,대전2리행,28,32039,60,26,하행,방석1리,878.5,2026-05-12
송라,화진3-지경2(화진)-지경3-화진3,송라행,송라행,대전2리행,28,32039,60,27,하행,송라입구,795.5,2026-05-12
송라,화진3-지경2(화진)-지경3-화진3,송라행,송라행,대전2리행,28,32039,60,28,하행,송라면행정복지센터,540.5,2026-05-12
신광1,마북-기일-반곡-안덕-신광,마북리행,신광행,,23,17463,60,1,상행,마북종점,0,2026-05-12
신광1,마북-기일-반곡-안덕-신광,마북리행,신광행,,23,17463,60,2,상행,마북,386.9,2026-05-12
신광1,마북-기일-반곡-안덕-신광,마북리행,신광행,,23,17463,60,3,상행,윗마북저수지,271.3,2026-05-12
신광1,마북-기일-반곡-안덕-신광,마북리행,신광행,,23,17463,60,4,상행,마북저수지,674,2026-05-12
신광1,마북-기일-반곡-안덕-신광,마북리행,신광행,,23,17463,60,5,상행,반곡교차로,2333.9,2026-05-12
신광1,마북-기일-반곡-안덕-신광,마북리행,신광행,,23,17463,60,6,상행,기일,2225.4,2026-05-12
신광1,마북-기일-반곡-안덕-신광,마북리행,신광행,,23,17463,60,7,상행,기일마을회관,378.3,2026-05-12
신광1,마북-기일-반곡-안덕-신광,마북리행,신광행,,23,17463,60,8,상행,기일종점,819.9,2026-05-12
신광1,마북-기일-반곡-안덕-신광,마북리행,신광행,,23,17463,60,9,상행,기일마을회관,773.3,2026-05-12
신광1,마북-기일-반곡-안덕-신광,마북리행,신광행,,23,17463,60,10,상행,기일,398.3,2026-05-12
신광1,마북-기일-반곡-안덕-신광,마북리행,신광행,,23,17463,60,11,상행,반곡교차로,2234.5,2026-05-12
신광1,마북-기일-반곡-안덕-신광,마북리행,신광행,,23,17463,60,12,상행,반곡리마을회관,341.9,2026-05-12
신광1,마북-기일-반곡-안덕-신광,마북리행,신광행,,23,17463,60,13,상행,반곡리,654.5,2026-05-12
신광1,마북-기일-반곡-안덕-신광,마북리행,신광행,,23,17463,60,14,상행,신광온천,451.4,2026-05-12
신광1,마북-기일-반곡-안덕-신광,마북리행,신광행,,23,17463,60,15,상행,만석2리,223.5,2026-05-12
신광1,마북-기일-반곡-안덕-신광,마북리행,신광행,,23,17463,60,16,상행,안덕2리마을회관,1058.7,2026-05-12
신광1,마북-기일-반곡-안덕-신광,마북리행,신광행,,23,17463,60,17,상행,안덕2리,642.6,2026-05-12
신광1,마북-기일-반곡-안덕-신광,마북리행,신광행,,23,17463,60,18,상행,안심저수지,591.5,2026-05-12
신광1,마북-기일-반곡-안덕-신광,마북리행,신광행,,23,17463,60,19,상행,만석1리,350.6,2026-05-12
신광1,마북-기일-반곡-안덕-신광,마북리행,신광행,,23,17463,60,20,상행,안덕1리,353.5,2026-05-12
신광1,마북-기일-반곡-안덕-신광,마북리행,신광행,,23,17463,60,21,상행,사정2리,711.5,2026-05-12
신광1,마북-기일-반곡-안덕-신광,마북리행,신광행,,23,17463,60,22,상행,신광시장,1323.6,2026-05-12
신광1,마북-기일-반곡-안덕-신광,마북리행,신광행,,23,17463,60,23,상행,신광면행정복지센터,208.5,2026-05-12
신광1,신광-반곡-마북-기일-반곡-신광,신광행,신광행,마북리행,36,25564,60,1,상행,신광면행정복지센터,0,2026-05-12
신광1,신광-반곡-마북-기일-반곡-신광,신광행,신광행,마북리행,36,25564,60,2,상행,신광시장,231.7,2026-05-12
신광1,신광-반곡-마북-기일-반곡-신광,신광행,신광행,마북리행,36,25564,60,3,상행,사정2리,1324.9,2026-05-12
신광1,신광-반곡-마북-기일-반곡-신광,신광행,신광행,마북리행,36,25564,60,4,상행,안덕1리,683.1,2026-05-12
신광1,신광-반곡-마북-기일-반곡-신광,신광행,신광행,마북리행,36,25564,60,5,상행,만석1리,337.9,2026-05-12
신광1,신광-반곡-마북-기일-반곡-신광,신광행,신광행,마북리행,36,25564,60,6,상행,안심저수지,343.7,2026-05-12
신광1,신광-반곡-마북-기일-반곡-신광,신광행,신광행,마북리행,36,25564,60,7,상행,안덕2리,601.4,2026-05-12
신광1,신광-반곡-마북-기일-반곡-신광,신광행,신광행,마북리행,36,25564,60,8,상행,만석2리,517,2026-05-12
신광1,신광-반곡-마북-기일-반곡-신광,신광행,신광행,마북리행,36,25564,60,9,상행,신광온천,207.1,2026-05-12
신광1,신광-반곡-마북-기일-반곡-신광,신광행,신광행,마북리행,36,25564,60,10,상행,반곡리,435.6,2026-05-12
신광1,신광-반곡-마북-기일-반곡-신광,신광행,신광행,마북리행,36,25564,60,11,상행,반곡리마을회관,637.2,2026-05-12
신광1,신광-반곡-마북-기일-반곡-신광,신광행,신광행,마북리행,36,25564,60,12,상행,마북저수지,2597.8,2026-05-12
신광1,신광-반곡-마북-기일-반곡-신광,신광행,신광행,마북리행,36,25564,60,13,상행,윗마북저수지,673.8,2026-05-12
신광1,신광-반곡-마북-기일-반곡-신광,신광행,신광행,마북리행,36,25564,60,14,상행,마북,269.9,2026-05-12
신광1,신광-반곡-마북-기일-반곡-신광,신광행,신광행,마북리행,36,25564,60,15,하행,마북종점,429.2,2026-05-12
신광1,신광-반곡-마북-기일-반곡-신광,신광행,신광행,마북리행,36,25564,60,16,하행,마북,386.9,2026-05-12
신광1,신광-반곡-마북-기일-반곡-신광,신광행,신광행,마북리행,36,25564,60,17,하행,윗마북저수지,271.3,2026-05-12
신광1,신광-반곡-마북-기일-반곡-신광,신광행,신광행,마북리행,36,25564,60,18,하행,마북저수지,674,2026-05-12
신광1,신광-반곡-마북-기일-반곡-신광,신광행,신광행,마북리행,36,25564,60,19,하행,반곡교차로,2333.9,2026-05-12
신광1,신광-반곡-마북-기일-반곡-신광,신광행,신광행,마북리행,36,25564,60,20,하행,기일,2225.4,2026-05-12
신광1,신광-반곡-마북-기일-반곡-신광,신광행,신광행,마북리행,36,25564,60,21,하행,기일마을회관,378.3,2026-05-12
신광1,신광-반곡-마북-기일-반곡-신광,신광행,신광행,마북리행,36,25564,60,22,하행,기일종점,819.9,2026-05-12
신광1,신광-반곡-마북-기일-반곡-신광,신광행,신광행,마북리행,36,25564,60,23,하행,기일마을회관,773.3,2026-05-12
신광1,신광-반곡-마북-기일-반곡-신광,신광행,신광행,마북리행,36,25564,60,24,하행,기일,398.3,2026-05-12
신광1,신광-반곡-마북-기일-반곡-신광,신광행,신광행,마북리행,36,25564,60,25,하행,반곡교차로,2234.5,2026-05-12
신광1,신광-반곡-마북-기일-반곡-신광,신광행,신광행,마북리행,36,25564,60,26,하행,반곡리마을회관,341.9,2026-05-12
신광1,신광-반곡-마북-기일-반곡-신광,신광행,신광행,마북리행,36,25564,60,27,하행,반곡리,654.5,2026-05-12
신광1,신광-반곡-마북-기일-반곡-신광,신광행,신광행,마북리행,36,25564,60,28,하행,신광온천,451.4,2026-05-12
신광1,신광-반곡-마북-기일-반곡-신광,신광행,신광행,마북리행,36,25564,60,29,하행,만석2리,223.5,2026-05-12
신광1,신광-반곡-마북-기일-반곡-신광,신광행,신광행,마북리행,36,25564,60,30,하행,안덕2리,510.1,2026-05-12
신광1,신광-반곡-마북-기일-반곡-신광,신광행,신광행,마북리행,36,25564,60,31,하행,안심저수지,591.5,2026-05-12
신광1,신광-반곡-마북-기일-반곡-신광,신광행,신광행,마북리행,36,25564,60,32,하행,만석1리,350.6,2026-05-12
신광1,신광-반곡-마북-기일-반곡-신광,신광행,신광행,마북리행,36,25564,60,33,하행,안덕1리,353.5,2026-05-12
신광1,신광-반곡-마북-기일-반곡-신광,신광행,신광행,마북리행,36,25564,60,34,하행,사정2리,711.5,2026-05-12
신광1,신광-반곡-마북-기일-반곡-신광,신광행,신광행,마북리행,36,25564,60,35,하행,신광시장,1323.6,2026-05-12
신광1,신광-반곡-마북-기일-반곡-신광,신광행,신광행,마북리행,36,25564,60,36,하행,신광면행정복지센터,208.5,2026-05-12
신광1,신광-반곡-안덕2-사정2-신광,신광행,신광행,반곡리행,28,16487,60,1,상행,신광면행정복지센터,0,2026-05-12
신광1,신광-반곡-안덕2-사정2-신광,신광행,신광행,반곡리행,28,16487,60,2,상행,신광시장,231.7,2026-05-12
신광1,신광-반곡-안덕2-사정2-신광,신광행,신광행,반곡리행,28,16487,60,3,상행,사정2리,1324.9,2026-05-12
신광1,신광-반곡-안덕2-사정2-신광,신광행,신광행,반곡리행,28,16487,60,4,상행,안덕1리,683.1,2026-05-12
신광1,신광-반곡-안덕2-사정2-신광,신광행,신광행,반곡리행,28,16487,60,5,상행,만석1리,337.9,2026-05-12
신광1,신광-반곡-안덕2-사정2-신광,신광행,신광행,반곡리행,28,16487,60,6,상행,안심저수지,343.7,2026-05-12
신광1,신광-반곡-안덕2-사정2-신광,신광행,신광행,반곡리행,28,16487,60,7,상행,안덕2리,601.4,2026-05-12
신광1,신광-반곡-안덕2-사정2-신광,신광행,신광행,반곡리행,28,16487,60,8,상행,만석2리,517,2026-05-12
신광1,신광-반곡-안덕2-사정2-신광,신광행,신광행,반곡리행,28,16487,60,9,상행,신광온천,207.1,2026-05-12
신광1,신광-반곡-안덕2-사정2-신광,신광행,신광행,반곡리행,28,16487,60,10,상행,반곡리,435.6,2026-05-12
신광1,신광-반곡-안덕2-사정2-신광,신광행,신광행,반곡리행,28,16487,60,11,상행,반곡리마을회관,637.2,2026-05-12
신광1,신광-반곡-안덕2-사정2-신광,신광행,신광행,반곡리행,28,16487,60,12,하행,반곡리마을회관,454.5,2026-05-12
신광1,신광-반곡-안덕2-사정2-신광,신광행,신광행,반곡리행,28,16487,60,13,하행,반곡리,654.5,2026-05-12
신광1,신광-반곡-안덕2-사정2-신광,신광행,신광행,반곡리행,28,16487,60,14,하행,신광온천,451.4,2026-05-12
신광1,신광-반곡-안덕2-사정2-신광,신광행,신광행,반곡리행,28,16487,60,15,하행,만석2리,223.5,2026-05-12
신광1,신광-반곡-안덕2-사정2-신광,신광행,신광행,반곡리행,28,16487,60,16,하행,안덕2리마을회관,1058.7,2026-05-12
신광1,신광-반곡-안덕2-사정2-신광,신광행,신광행,반곡리행,28,16487,60,17,하행,안덕2리,642.6,2026-05-12
신광1,신광-반곡-안덕2-사정2-신광,신광행,신광행,반곡리행,28,16487,60,18,하행,안심저수지,591.5,2026-05-12
신광1,신광-반곡-안덕2-사정2-신광,신광행,신광행,반곡리행,28,16487,60,19,하행,만석1리,350.6,2026-05-12
신광1,신광-반곡-안덕2-사정2-신광,신광행,신광행,반곡리행,28,16487,60,20,하행,안덕1리,353.5,2026-05-12
신광1,신광-반곡-안덕2-사정2-신광,신광행,신광행,반곡리행,28,16487,60,21,하행,안덕1리마을회관,742.8,2026-05-12
신광1,신광-반곡-안덕2-사정2-신광,신광행,신광행,반곡리행,28,16487,60,22,하행,안덕1리,829.3,2026-05-12
신광1,신광-반곡-안덕2-사정2-신광,신광행,신광행,반곡리행,28,16487,60,23,하행,만석1리사무소,680.3,2026-05-12
신광1,신광-반곡-안덕2-사정2-신광,신광행,신광행,반곡리행,28,16487,60,24,하행,안덕1리,664.1,2026-05-12
신광1,신광-반곡-안덕2-사정2-신광,신광행,신광행,반곡리행,28,16487,60,25,하행,사정2리마을회관,1273.6,2026-05-12
신광1,신광-반곡-안덕2-사정2-신광,신광행,신광행,반곡리행,28,16487,60,26,하행,사정2리,606.8,2026-05-12
신광1,신광-반곡-안덕2-사정2-신광,신광행,신광행,반곡리행,28,16487,60,27,하행,신광시장,1323.6,2026-05-12
신광1,신광-반곡-안덕2-사정2-신광,신광행,신광행,반곡리행,28,16487,60,28,하행,신광면행정복지센터,208.5,2026-05-12
신광1,신광-사정-만석-안덕-반곡,신광행,신광행,반곡리행,28,16487,60,1,상행,신광면행정복지센터,0,2026-05-12
신광1,신광-사정-만석-안덕-반곡,신광행,신광행,반곡리행,28,16487,60,2,상행,신광시장,231.7,2026-05-12
신광1,신광-사정-만석-안덕-반곡,신광행,신광행,반곡리행,28,16487,60,3,상행,사정2리마을회관,1883.2,2026-05-12
신광1,신광-사정-만석-안덕-반곡,신광행,신광행,반곡리행,28,16487,60,4,상행,사정2리,610.6,2026-05-12
신광1,신광-사정-만석-안덕-반곡,신광행,신광행,반곡리행,28,16487,60,5,상행,안덕1리,683.1,2026-05-12
신광1,신광-사정-만석-안덕-반곡,신광행,신광행,반곡리행,28,16487,60,6,상행,만석1리사무소,680.3,2026-05-12
신광1,신광-사정-만석-안덕-반곡,신광행,신광행,반곡리행,28,16487,60,7,상행,안덕1리,664.1,2026-05-12
신광1,신광-사정-만석-안덕-반곡,신광행,신광행,반곡리행,28,16487,60,8,상행,안덕1리마을회관,742.8,2026-05-12
신광1,신광-사정-만석-안덕-반곡,신광행,신광행,반곡리행,28,16487,60,9,상행,안덕1리,829.3,2026-05-12
신광1,신광-사정-만석-안덕-반곡,신광행,신광행,반곡리행,28,16487,60,10,상행,만석1리,337.9,2026-05-12
신광1,신광-사정-만석-안덕-반곡,신광행,신광행,반곡리행,28,16487,60,11,상행,안심저수지,343.7,2026-05-12
신광1,신광-사정-만석-안덕-반곡,신광행,신광행,반곡리행,28,16487,60,12,상행,안덕2리,601.4,2026-05-12
신광1,신광-사정-만석-안덕-반곡,신광행,신광행,반곡리행,28,16487,60,13,상행,안덕2리마을회관,582.8,2026-05-12
신광1,신광-사정-만석-안덕-반곡,신광행,신광행,반곡리행,28,16487,60,14,상행,만석2리,1125.4,2026-05-12
신광1,신광-사정-만석-안덕-반곡,신광행,신광행,반곡리행,28,16487,60,15,상행,신광온천,207.1,2026-05-12
신광1,신광-사정-만석-안덕-반곡,신광행,신광행,반곡리행,28,16487,60,16,상행,반곡리,435.6,2026-05-12
신광1,신광-사정-만석-안덕-반곡,신광행,신광행,반곡리행,28,16487,60,17,상행,반곡리마을회관,637.2,2026-05-12
신광1,신광-사정-만석-안덕-반곡,신광행,신광행,반곡리행,28,16487,60,18,하행,반곡리마을회관,454.5,2026-05-12
신광1,신광-사정-만석-안덕-반곡,신광행,신광행,반곡리행,28,16487,60,19,하행,반곡리,654.5,2026-05-12
신광1,신광-사정-만석-안덕-반곡,신광행,신광행,반곡리행,28,16487,60,20,하행,신광온천,451.4,2026-05-12
신광1,신광-사정-만석-안덕-반곡,신광행,신광행,반곡리행,28,16487,60,21,하행,만석2리,223.5,2026-05-12
신광1,신광-사정-만석-안덕-반곡,신광행,신광행,반곡리행,28,16487,60,22,하행,안덕2리,510.1,2026-05-12
신광1,신광-사정-만석-안덕-반곡,신광행,신광행,반곡리행,28,16487,60,23,하행,안심저수지,591.5,2026-05-12
신광1,신광-사정-만석-안덕-반곡,신광행,신광행,반곡리행,28,16487,60,24,하행,만석1리,350.6,2026-05-12
신광1,신광-사정-만석-안덕-반곡,신광행,신광행,반곡리행,28,16487,60,25,하행,안덕1리,353.5,2026-05-12
신광1,신광-사정-만석-안덕-반곡,신광행,신광행,반곡리행,28,16487,60,26,하행,사정2리,711.5,2026-05-12
신광1,신광-사정-만석-안덕-반곡,신광행,신광행,반곡리행,28,16487,60,27,하행,신광시장,1323.6,2026-05-12
신광1,신광-사정-만석-안덕-반곡,신광행,신광행,반곡리행,28,16487,60,28,하행,신광면행정복지센터,208.5,2026-05-12
신광1,신광-죽성-흥곡-우각-당내-신광,신광행,신광행,흥곡2리행,17,18084,60,1,상행,신광면행정복지센터,0,2026-05-12
신광1,신광-죽성-흥곡-우각-당내-신광,신광행,신광행,흥곡2리행,17,18084,60,2,상행,신광시장,231.7,2026-05-12
신광1,신광-죽성-흥곡-우각-당내-신광,신광행,신광행,흥곡2리행,17,18084,60,3,상행,죽성2리마을회관,1110.6,2026-05-12
신광1,신광-죽성-흥곡-우각-당내-신광,신광행,신광행,흥곡2리행,17,18084,60,4,상행,죽성입구,1417.8,2026-05-12
신광1,신광-죽성-흥곡-우각-당내-신광,신광행,신광행,흥곡2리행,17,18084,60,5,상행,죽성1리마을회관,1291.7,2026-05-12
신광1,신광-죽성-흥곡-우각-당내-신광,신광행,신광행,흥곡2리행,17,18084,60,6,상행,죽성1리,1662.2,2026-05-12
신광1,신광-죽성-흥곡-우각-당내-신광,신광행,신광행,흥곡2리행,17,18084,60,7,상행,우각2리,686.7,2026-05-12
신광1,신광-죽성-흥곡-우각-당내-신광,신광행,신광행,흥곡2리행,17,18084,60,8,상행,우각1리,1038.9,2026-05-12
신광1,신광-죽성-흥곡-우각-당내-신광,신광행,신광행,흥곡2리행,17,18084,60,9,상행,조해지,1069.9,2026-05-12
신광1,신광-죽성-흥곡-우각-당내-신광,신광행,신광행,흥곡2리행,17,18084,60,10,하행,흥곡2리마을회관,1062.4,2026-05-12
신광1,신광-죽성-흥곡-우각-당내-신광,신광행,신광행,흥곡2리행,17,18084,60,11,하행,우각1리마을회관,2947.5,2026-05-12
신광1,신광-죽성-흥곡-우각-당내-신광,신광행,신광행,흥곡2리행,17,18084,60,12,하행,우각1리,881.2,2026-05-12
신광1,신광-죽성-흥곡-우각-당내-신광,신광행,신광행,흥곡2리행,17,18084,60,13,하행,우각2리,1049.2,2026-05-12
신광1,신광-죽성-흥곡-우각-당내-신광,신광행,신광행,흥곡2리행,17,18084,60,14,하행,당내마을회관,964.7,2026-05-12
신광1,신광-죽성-흥곡-우각-당내-신광,신광행,신광행,흥곡2리행,17,18084,60,15,하행,죽성1리,1500,2026-05-12
신광1,신광-죽성-흥곡-우각-당내-신광,신광행,신광행,흥곡2리행,17,18084,60,16,하행,죽성입구,490,2026-05-12
신광1,신광-죽성-흥곡-우각-당내-신광,신광행,신광행,흥곡2리행,17,18084,60,17,하행,신광면행정복지센터,621.7,2026-05-12
신광1,신광-호리-신광,신광행,신광행,호리행,9,5726,60,1,상행,신광면행정복지센터,0,2026-05-12
신광1,신광-호리-신광,신광행,신광행,호리행,9,5726,60,2,상행,토성2리,452.8,2026-05-12
신광1,신광-호리-신광,신광행,신광행,호리행,9,5726,60,3,상행,사정1리,507.6,2026-05-12
신광1,신광-호리-신광,신광행,신광행,호리행,9,5726,60,4,상행,가척,394.3,2026-05-12
신광1,신광-호리-신광,신광행,신광행,호리행,9,5726,60,5,하행,호리마을회관,1518.2,2026-05-12
신광1,신광-호리-신광,신광행,신광행,호리행,9,5726,60,6,하행,가척,1481.6,2026-05-12
신광1,신광-호리-신광,신광행,신광행,호리행,9,5726,60,7,하행,사정1리,466.9,2026-05-12
신광1,신광-호리-신광,신광행,신광행,호리행,9,5726,60,8,하행,토성2리,403.1,2026-05-12
신광1,신광-호리-신광,신광행,신광행,호리행,9,5726,60,9,하행,신광면행정복지센터,458.8,2026-05-12
신광1,신광-흥곡-냉수1-냉수2-신광,신광행,신광행,흥곡1리행,18,14024,60,1,상행,신광면행정복지센터,0,2026-05-12
신광1,신광-흥곡-냉수1-냉수2-신광,신광행,신광행,흥곡1리행,18,14024,60,2,상행,죽성입구,663.1,2026-05-12
신광1,신광-흥곡-냉수1-냉수2-신광,신광행,신광행,흥곡1리행,18,14024,60,3,상행,죽성1리,415.1,2026-05-12
신광1,신광-흥곡-냉수1-냉수2-신광,신광행,신광행,흥곡1리행,18,14024,60,4,상행,우각2리,686.7,2026-05-12
신광1,신광-흥곡-냉수1-냉수2-신광,신광행,신광행,흥곡1리행,18,14024,60,5,상행,우각1리,1038.9,2026-05-12
신광1,신광-흥곡-냉수1-냉수2-신광,신광행,신광행,흥곡1리행,18,14024,60,6,상행,흥곡2리,744,2026-05-12
신광1,신광-흥곡-냉수1-냉수2-신광,신광행,신광행,흥곡1리행,18,14024,60,7,상행,대풍농원,252.3,2026-05-12
신광1,신광-흥곡-냉수1-냉수2-신광,신광행,신광행,흥곡1리행,18,14024,60,8,상행,냉수리,525.7,2026-05-12
신광1,신광-흥곡-냉수1-냉수2-신광,신광행,신광행,흥곡1리행,18,14024,60,9,하행,흥곡1리마을회관,1356,2026-05-12
신광1,신광-흥곡-냉수1-냉수2-신광,신광행,신광행,흥곡1리행,18,14024,60,10,하행,냉수1리마을회관,1805.2,2026-05-12
신광1,신광-흥곡-냉수1-냉수2-신광,신광행,신광행,흥곡1리행,18,14024,60,11,하행,냉수2리마을회관,1460.6,2026-05-12
신광1,신광-흥곡-냉수1-냉수2-신광,신광행,신광행,흥곡1리행,18,14024,60,12,하행,대풍농원,1245.8,2026-05-12
신광1,신광-흥곡-냉수1-냉수2-신광,신광행,신광행,흥곡1리행,18,14024,60,13,하행,흥곡2리,272.5,2026-05-12
신광1,신광-흥곡-냉수1-냉수2-신광,신광행,신광행,흥곡1리행,18,14024,60,14,하행,우각1리,719,2026-05-12
신광1,신광-흥곡-냉수1-냉수2-신광,신광행,신광행,흥곡1리행,18,14024,60,15,하행,우각2리,1049.2,2026-05-12
신광1,신광-흥곡-냉수1-냉수2-신광,신광행,신광행,흥곡1리행,18,14024,60,16,하행,죽성1리,620.7,2026-05-12
신광1,신광-흥곡-냉수1-냉수2-신광,신광행,신광행,흥곡1리행,18,14024,60,17,하행,죽성입구,490,2026-05-12
신광1,신광-흥곡-냉수1-냉수2-신광,신광행,신광행,흥곡1리행,18,14024,60,18,하행,신광면행정복지센터,621.7,2026-05-12
신광2,신광-반곡리-신광,신광행,신광행,반곡리행,22,11210,60,1,상행,신광면행정복지센터,0,2026-05-12
신광2,신광-반곡리-신광,신광행,신광행,반곡리행,22,11210,60,2,상행,신광시장,231.7,2026-05-12
신광2,신광-반곡리-신광,신광행,신광행,반곡리행,22,11210,60,3,상행,사정2리,1324.9,2026-05-12
신광2,신광-반곡리-신광,신광행,신광행,반곡리행,22,11210,60,4,상행,안덕1리,683.1,2026-05-12
신광2,신광-반곡리-신광,신광행,신광행,반곡리행,22,11210,60,5,상행,만석1리,337.9,2026-05-12
신광2,신광-반곡리-신광,신광행,신광행,반곡리행,22,11210,60,6,상행,안심저수지,343.7,2026-05-12
신광2,신광-반곡리-신광,신광행,신광행,반곡리행,22,11210,60,7,상행,안덕2리,601.4,2026-05-12
신광2,신광-반곡리-신광,신광행,신광행,반곡리행,22,11210,60,8,상행,만석2리,517,2026-05-12
신광2,신광-반곡리-신광,신광행,신광행,반곡리행,22,11210,60,9,상행,신광온천,207.1,2026-05-12
신광2,신광-반곡리-신광,신광행,신광행,반곡리행,22,11210,60,10,상행,반곡리,435.6,2026-05-12
신광2,신광-반곡리-신광,신광행,신광행,반곡리행,22,11210,60,11,상행,반곡리마을회관,637.2,2026-05-12
신광2,신광-반곡리-신광,신광행,신광행,반곡리행,22,11210,60,12,하행,반곡리마을회관,454.5,2026-05-12
신광2,신광-반곡리-신광,신광행,신광행,반곡리행,22,11210,60,13,하행,반곡리,654.5,2026-05-12
신광2,신광-반곡리-신광,신광행,신광행,반곡리행,22,11210,60,14,하행,신광온천,451.4,2026-05-12
신광2,신광-반곡리-신광,신광행,신광행,반곡리행,22,11210,60,15,하행,만석2리,223.5,2026-05-12
신광2,신광-반곡리-신광,신광행,신광행,반곡리행,22,11210,60,16,하행,안덕2리,510.1,2026-05-12
신광2,신광-반곡리-신광,신광행,신광행,반곡리행,22,11210,60,17,하행,안심저수지,591.5,2026-05-12
신광2,신광-반곡리-신광,신광행,신광행,반곡리행,22,11210,60,18,하행,만석1리,350.6,2026-05-12
신광2,신광-반곡리-신광,신광행,신광행,반곡리행,22,11210,60,19,하행,안덕1리,353.5,2026-05-12
신광2,신광-반곡리-신광,신광행,신광행,반곡리행,22,11210,60,20,하행,사정2리,711.5,2026-05-12
신광2,신광-반곡리-신광,신광행,신광행,반곡리행,22,11210,60,21,하행,신광시장,1323.6,2026-05-12
신광2,신광-반곡리-신광,신광행,신광행,반곡리행,22,11210,60,22,하행,신광면행정복지센터,208.5,2026-05-12
신광2,신광-상읍2리-신광,신광행,신광행,상읍2리행,5,5394,60,1,상행,신광면행정복지센터,0,2026-05-12
신광2,신광-상읍2리-신광,신광행,신광행,상읍2리행,5,5394,60,2,상행,신광시장,231.7,2026-05-12
신광2,신광-상읍2리-신광,신광행,신광행,상읍2리행,5,5394,60,3,하행,상읍2리마을회관,2465.2,2026-05-12
신광2,신광-상읍2리-신광,신광행,신광행,상읍2리행,5,5394,60,4,하행,신광시장,2430.7,2026-05-12
신광2,신광-상읍2리-신광,신광행,신광행,상읍2리행,5,5394,60,5,하행,신광면행정복지센터,208.5,2026-05-12
신광2,신광-죽성1-냉수2-흥곡1-신광,신광행,신광행,죽성1리행,19,16563,60,1,상행,신광면행정복지센터,0,2026-05-12
신광2,신광-죽성1-냉수2-흥곡1-신광,신광행,신광행,죽성1리행,19,16563,60,2,상행,죽성입구,663.1,2026-05-12
신광2,신광-죽성1-냉수2-흥곡1-신광,신광행,신광행,죽성1리행,19,16563,60,3,하행,죽성1리마을회관,1291.7,2026-05-12
신광2,신광-죽성1-냉수2-흥곡1-신광,신광행,신광행,죽성1리행,19,16563,60,4,하행,죽성1리,1662.2,2026-05-12
신광2,신광-죽성1-냉수2-흥곡1-신광,신광행,신광행,죽성1리행,19,16563,60,5,하행,우각2리,686.7,2026-05-12
신광2,신광-죽성1-냉수2-흥곡1-신광,신광행,신광행,죽성1리행,19,16563,60,6,하행,우각1리,1038.9,2026-05-12
신광2,신광-죽성1-냉수2-흥곡1-신광,신광행,신광행,죽성1리행,19,16563,60,7,하행,흥곡2리,744,2026-05-12
신광2,신광-죽성1-냉수2-흥곡1-신광,신광행,신광행,죽성1리행,19,16563,60,8,하행,대풍농원,252.3,2026-05-12
신광2,신광-죽성1-냉수2-흥곡1-신광,신광행,신광행,죽성1리행,19,16563,60,9,하행,냉수리,525.7,2026-05-12
신광2,신광-죽성1-냉수2-흥곡1-신광,신광행,신광행,죽성1리행,19,16563,60,10,하행,냉수2리마을회관,743.4,2026-05-12
신광2,신광-죽성1-냉수2-흥곡1-신광,신광행,신광행,죽성1리행,19,16563,60,11,하행,냉수1리마을회관,1489.4,2026-05-12
신광2,신광-죽성1-냉수2-흥곡1-신광,신광행,신광행,죽성1리행,19,16563,60,12,하행,흥곡1리마을회관,1801.4,2026-05-12
신광2,신광-죽성1-냉수2-흥곡1-신광,신광행,신광행,죽성1리행,19,16563,60,13,하행,대풍농원,1833.4,2026-05-12
신광2,신광-죽성1-냉수2-흥곡1-신광,신광행,신광행,죽성1리행,19,16563,60,14,하행,흥곡2리,272.5,2026-05-12
신광2,신광-죽성1-냉수2-흥곡1-신광,신광행,신광행,죽성1리행,19,16563,60,15,하행,우각1리,719,2026-05-12
신광2,신광-죽성1-냉수2-흥곡1-신광,신광행,신광행,죽성1리행,19,16563,60,16,하행,우각2리,1049.2,2026-05-12
신광2,신광-죽성1-냉수2-흥곡1-신광,신광행,신광행,죽성1리행,19,16563,60,17,하행,죽성1리,620.7,2026-05-12
신광2,신광-죽성1-냉수2-흥곡1-신광,신광행,신광행,죽성1리행,19,16563,60,18,하행,죽성입구,490,2026-05-12
신광2,신광-죽성1-냉수2-흥곡1-신광,신광행,신광행,죽성1리행,19,16563,60,19,하행,신광면행정복지센터,621.7,2026-05-12
신광2,신광-흥곡-냉수-죽성-신광,신광행,신광행,흥곡1리행,24,19292,60,1,상행,신광면행정복지센터,0,2026-05-12
신광2,신광-흥곡-냉수-죽성-신광,신광행,신광행,흥곡1리행,24,19292,60,2,상행,죽성입구,663.1,2026-05-12
신광2,신광-흥곡-냉수-죽성-신광,신광행,신광행,흥곡1리행,24,19292,60,3,상행,죽성1리,415.1,2026-05-12
신광2,신광-흥곡-냉수-죽성-신광,신광행,신광행,흥곡1리행,24,19292,60,4,상행,우각2리,686.7,2026-05-12
신광2,신광-흥곡-냉수-죽성-신광,신광행,신광행,흥곡1리행,24,19292,60,5,상행,우각1리,1038.9,2026-05-12
신광2,신광-흥곡-냉수-죽성-신광,신광행,신광행,흥곡1리행,24,19292,60,6,상행,흥곡2리,744,2026-05-12
신광2,신광-흥곡-냉수-죽성-신광,신광행,신광행,흥곡1리행,24,19292,60,7,상행,대풍농원,252.3,2026-05-12
신광2,신광-흥곡-냉수-죽성-신광,신광행,신광행,흥곡1리행,24,19292,60,8,상행,냉수리,525.7,2026-05-12
신광2,신광-흥곡-냉수-죽성-신광,신광행,신광행,흥곡1리행,24,19292,60,9,하행,흥곡1리마을회관,1356,2026-05-12
신광2,신광-흥곡-냉수-죽성-신광,신광행,신광행,흥곡1리행,24,19292,60,10,하행,냉수1리마을회관,1805.2,2026-05-12
신광2,신광-흥곡-냉수-죽성-신광,신광행,신광행,흥곡1리행,24,19292,60,11,하행,냉수2리마을회관,1460.6,2026-05-12
신광2,신광-흥곡-냉수-죽성-신광,신광행,신광행,흥곡1리행,24,19292,60,12,하행,대풍농원,1245.8,2026-05-12
신광2,신광-흥곡-냉수-죽성-신광,신광행,신광행,흥곡1리행,24,19292,60,13,하행,흥곡2리,272.5,2026-05-12
신광2,신광-흥곡-냉수-죽성-신광,신광행,신광행,흥곡1리행,24,19292,60,14,하행,우각1리,719,2026-05-12
신광2,신광-흥곡-냉수-죽성-신광,신광행,신광행,흥곡1리행,24,19292,60,15,하행,우각2리,1049.2,2026-05-12
신광2,신광-흥곡-냉수-죽성-신광,신광행,신광행,흥곡1리행,24,19292,60,16,하행,죽성1리,620.7,2026-05-12
신광2,신광-흥곡-냉수-죽성-신광,신광행,신광행,흥곡1리행,24,19292,60,17,하행,죽성1리마을회관,1749,2026-05-12
신광2,신광-흥곡-냉수-죽성-신광,신광행,신광행,흥곡1리행,24,19292,60,18,하행,죽성입구,1279.8,2026-05-12
신광2,신광-흥곡-냉수-죽성-신광,신광행,신광행,흥곡1리행,24,19292,60,19,하행,신광면행정복지센터,621.7,2026-05-12
신광2,신광-흥곡-냉수-죽성-신광,신광행,신광행,흥곡1리행,24,19292,60,20,하행,신광면행정복지센터,57.6,2026-05-12
신광2,신광-흥곡-냉수-죽성-신광,신광행,신광행,흥곡1리행,24,19292,60,21,하행,신광시장,231.7,2026-05-12
신광2,신광-흥곡-냉수-죽성-신광,신광행,신광행,흥곡1리행,24,19292,60,22,하행,죽성2리마을회관,1110.6,2026-05-12
신광2,신광-흥곡-냉수-죽성-신광,신광행,신광행,흥곡1리행,24,19292,60,23,하행,신광시장,1120.9,2026-05-12
신광2,신광-흥곡-냉수-죽성-신광,신광행,신광행,흥곡1리행,24,19292,60,24,하행,신광면행정복지센터,208.5,2026-05-12
신광2,신광-흥곡2-우각1-당내-신광,신광행,신광행,흥곡2리행,14,13448,60,1,상행,신광면행정복지센터,0,2026-05-12
신광2,신광-흥곡2-우각1-당내-신광,신광행,신광행,흥곡2리행,14,13448,60,2,상행,죽성입구,663.1,2026-05-12
신광2,신광-흥곡2-우각1-당내-신광,신광행,신광행,흥곡2리행,14,13448,60,3,상행,죽성1리,415.1,2026-05-12
신광2,신광-흥곡2-우각1-당내-신광,신광행,신광행,흥곡2리행,14,13448,60,4,상행,우각2리,686.7,2026-05-12
신광2,신광-흥곡2-우각1-당내-신광,신광행,신광행,흥곡2리행,14,13448,60,5,상행,우각1리,1038.9,2026-05-12
신광2,신광-흥곡2-우각1-당내-신광,신광행,신광행,흥곡2리행,14,13448,60,6,상행,조해지,1069.9,2026-05-12
신광2,신광-흥곡2-우각1-당내-신광,신광행,신광행,흥곡2리행,14,13448,60,7,하행,흥곡2리마을회관,1062.4,2026-05-12
신광2,신광-흥곡2-우각1-당내-신광,신광행,신광행,흥곡2리행,14,13448,60,8,하행,우각1리마을회관,2947.5,2026-05-12
신광2,신광-흥곡2-우각1-당내-신광,신광행,신광행,흥곡2리행,14,13448,60,9,하행,우각1리,881.2,2026-05-12
신광2,신광-흥곡2-우각1-당내-신광,신광행,신광행,흥곡2리행,14,13448,60,10,하행,우각2리,1049.2,2026-05-12
신광2,신광-흥곡2-우각1-당내-신광,신광행,신광행,흥곡2리행,14,13448,60,11,하행,당내마을회관,964.7,2026-05-12
신광2,신광-흥곡2-우각1-당내-신광,신광행,신광행,흥곡2리행,14,13448,60,12,하행,죽성1리,1500,2026-05-12
신광2,신광-흥곡2-우각1-당내-신광,신광행,신광행,흥곡2리행,14,13448,60,13,하행,죽성입구,490,2026-05-12
신광2,신광-흥곡2-우각1-당내-신광,신광행,신광행,흥곡2리행,14,13448,60,14,하행,신광면행정복지센터,621.7,2026-05-12
신광2,흥곡-냉수1-죽성1-신광,흥곡1리행,신광행,,16,13614,60,1,상행,흥곡1리마을회관,0,2026-05-12
신광2,흥곡-냉수1-죽성1-신광,흥곡1리행,신광행,,16,13614,60,2,상행,냉수1리마을회관,1805.2,2026-05-12
신광2,흥곡-냉수1-죽성1-신광,흥곡1리행,신광행,,16,13614,60,3,상행,냉수2리마을회관,1460.6,2026-05-12
신광2,흥곡-냉수1-죽성1-신광,흥곡1리행,신광행,,16,13614,60,4,상행,대풍농원,1245.8,2026-05-12
신광2,흥곡-냉수1-죽성1-신광,흥곡1리행,신광행,,16,13614,60,5,상행,흥곡2리,272.5,2026-05-12
신광2,흥곡-냉수1-죽성1-신광,흥곡1리행,신광행,,16,13614,60,6,상행,우각1리,719,2026-05-12
신광2,흥곡-냉수1-죽성1-신광,흥곡1리행,신광행,,16,13614,60,7,상행,우각2리,1049.2,2026-05-12
신광2,흥곡-냉수1-죽성1-신광,흥곡1리행,신광행,,16,13614,60,8,상행,죽성1리,620.7,2026-05-12
신광2,흥곡-냉수1-죽성1-신광,흥곡1리행,신광행,,16,13614,60,9,상행,죽성1리마을회관,1749,2026-05-12
신광2,흥곡-냉수1-죽성1-신광,흥곡1리행,신광행,,16,13614,60,10,상행,죽성입구,1279.8,2026-05-12
신광2,흥곡-냉수1-죽성1-신광,흥곡1리행,신광행,,16,13614,60,11,상행,신광면행정복지센터,621.7,2026-05-12
신광2,흥곡-냉수1-죽성1-신광,흥곡1리행,신광행,,16,13614,60,12,상행,신광면행정복지센터,57.6,2026-05-12
신광2,흥곡-냉수1-죽성1-신광,흥곡1리행,신광행,,16,13614,60,13,상행,신광시장,231.7,2026-05-12
신광2,흥곡-냉수1-죽성1-신광,흥곡1리행,신광행,,16,13614,60,14,상행,죽성2리마을회관,1110.6,2026-05-12
신광2,흥곡-냉수1-죽성1-신광,흥곡1리행,신광행,,16,13614,60,15,상행,신광시장,1120.9,2026-05-12
신광2,흥곡-냉수1-죽성1-신광,흥곡1리행,신광행,,16,13614,60,16,상행,신광면행정복지센터,208.5,2026-05-12
양덕,양덕-한동대-양덕(기본),양덕행,양덕행,한동대행,62,25340,60,1,상행,양덕차고지,0,2026-05-12
양덕,양덕-한동대-양덕(기본),양덕행,양덕행,한동대행,62,25340,60,2,상행,양덕교차로(무정차),383.5,2026-05-12
양덕,양덕-한동대-양덕(기본),양덕행,양덕행,한동대행,62,25340,60,3,상행,청소년수련관,411.5,2026-05-12
양덕,양덕-한동대-양덕(기본),양덕행,양덕행,한동대행,62,25340,60,4,상행,환호여중,280.9,2026-05-12
양덕,양덕-한동대-양덕(기본),양덕행,양덕행,한동대행,62,25340,60,5,상행,라메르웨딩컨벤션,394.1,2026-05-12
양덕,양덕-한동대-양덕(기본),양덕행,양덕행,한동대행,62,25340,60,6,상행,해맞이그린빌2차,472.9,2026-05-12
양덕,양덕-한동대-양덕(기본),양덕행,양덕행,한동대행,62,25340,60,7,상행,경북교육청문화원,453.2,2026-05-12
양덕,양덕-한동대-양덕(기본),양덕행,양덕행,한동대행,62,25340,60,8,상행,힐스테이트환호2단지,422.6,2026-05-12
양덕,양덕-한동대-양덕(기본),양덕행,양덕행,한동대행,62,25340,60,9,상행,두산위브후문,286,2026-05-12
양덕,양덕-한동대-양덕(기본),양덕행,양덕행,한동대행,62,25340,60,10,상행,포항교회,373.5,2026-05-12
양덕,양덕-한동대-양덕(기본),양덕행,양덕행,한동대행,62,25340,60,11,상행,대림골든빌,410.2,2026-05-12
양덕,양덕-한동대-양덕(기본),양덕행,양덕행,한동대행,62,25340,60,12,상행,장원초등학교,611.3,2026-05-12
양덕,양덕-한동대-양덕(기본),양덕행,양덕행,한동대행,62,25340,60,13,상행,장성고등학교,515.7,2026-05-12
양덕,양덕-한동대-양덕(기본),양덕행,양덕행,한동대행,62,25340,60,14,상행,시티병원,456.2,2026-05-12
양덕,양덕-한동대-양덕(기본),양덕행,양덕행,한동대행,62,25340,60,15,상행,장량휴먼시아,480.5,2026-05-12
양덕,양덕-한동대-양덕(기본),양덕행,양덕행,한동대행,62,25340,60,16,상행,법원검찰청,277.7,2026-05-12
양덕,양덕-한동대-양덕(기본),양덕행,양덕행,한동대행,62,25340,60,17,상행,삼구4차,470.8,2026-05-12
양덕,양덕-한동대-양덕(기본),양덕행,양덕행,한동대행,62,25340,60,18,상행,장량6단지,235.2,2026-05-12
양덕,양덕-한동대-양덕(기본),양덕행,양덕행,한동대행,62,25340,60,19,상행,장성현대아파트,360.8,2026-05-12
양덕,양덕-한동대-양덕(기본),양덕행,양덕행,한동대행,62,25340,60,20,상행,상지프라자,353.9,2026-05-12
양덕,양덕-한동대-양덕(기본),양덕행,양덕행,한동대행,62,25340,60,21,상행,남광하우스토리,581,2026-05-12
양덕,양덕-한동대-양덕(기본),양덕행,양덕행,한동대행,62,25340,60,22,상행,삼구트리니엔후문,442.2,2026-05-12
양덕,양덕-한동대-양덕(기본),양덕행,양덕행,한동대행,62,25340,60,23,상행,풍림아이원,144.4,2026-05-12
양덕,양덕-한동대-양덕(기본),양덕행,양덕행,한동대행,62,25340,60,24,상행,포항e편한세상,141.1,2026-05-12
양덕,양덕-한동대-양덕(기본),양덕행,양덕행,한동대행,62,25340,60,25,상행,삼구3차,472,2026-05-12
양덕,양덕-한동대-양덕(기본),양덕행,양덕행,한동대행,62,25340,60,26,상행,장량5단지,310.7,2026-05-12
양덕,양덕-한동대-양덕(기본),양덕행,양덕행,한동대행,62,25340,60,27,상행,천마저수지,987.1,2026-05-12
양덕,양덕-한동대-양덕(기본),양덕행,양덕행,한동대행,62,25340,60,28,상행,에코프로EM,597.8,2026-05-12
양덕,양덕-한동대-양덕(기본),양덕행,양덕행,한동대행,62,25340,60,29,상행,한동대학교입구,517.2,2026-05-12
양덕,양덕-한동대-양덕(기본),양덕행,양덕행,한동대행,62,25340,60,30,하행,한동대학교,748.1,2026-05-12
양덕,양덕-한동대-양덕(기본),양덕행,양덕행,한동대행,62,25340,60,31,하행,한동대학교입구,750.4,2026-05-12
양덕,양덕-한동대-양덕(기본),양덕행,양덕행,한동대행,62,25340,60,32,하행,에코프로EM,511.9,2026-05-12
양덕,양덕-한동대-양덕(기본),양덕행,양덕행,한동대행,62,25340,60,33,하행,천마저수지,605.3,2026-05-12
양덕,양덕-한동대-양덕(기본),양덕행,양덕행,한동대행,62,25340,60,34,하행,장량5단지,1008.4,2026-05-12
양덕,양덕-한동대-양덕(기본),양덕행,양덕행,한동대행,62,25340,60,35,하행,삼구3차,197.7,2026-05-12
양덕,양덕-한동대-양덕(기본),양덕행,양덕행,한동대행,62,25340,60,36,하행,포항e편한세상,510.4,2026-05-12
양덕,양덕-한동대-양덕(기본),양덕행,양덕행,한동대행,62,25340,60,37,하행,풍림아이원,239.7,2026-05-12
양덕,양덕-한동대-양덕(기본),양덕행,양덕행,한동대행,62,25340,60,38,하행,삼구트리니엔후문,109.5,2026-05-12
양덕,양덕-한동대-양덕(기본),양덕행,양덕행,한동대행,62,25340,60,39,하행,남광하우스토리,440.9,2026-05-12
양덕,양덕-한동대-양덕(기본),양덕행,양덕행,한동대행,62,25340,60,40,하행,상지프라자,596.8,2026-05-12
양덕,양덕-한동대-양덕(기본),양덕행,양덕행,한동대행,62,25340,60,41,하행,장성현대아파트,315.3,2026-05-12
양덕,양덕-한동대-양덕(기본),양덕행,양덕행,한동대행,62,25340,60,42,하행,장량6단지,383.4,2026-05-12
양덕,양덕-한동대-양덕(기본),양덕행,양덕행,한동대행,62,25340,60,43,하행,삼구4차,224.9,2026-05-12
양덕,양덕-한동대-양덕(기본),양덕행,양덕행,한동대행,62,25340,60,44,하행,법원검찰청,480.6,2026-05-12
양덕,양덕-한동대-양덕(기본),양덕행,양덕행,한동대행,62,25340,60,45,하행,장량휴먼시아,341.5,2026-05-12
양덕,양덕-한동대-양덕(기본),양덕행,양덕행,한동대행,62,25340,60,46,하행,장성삼도뷰엔빌,309.3,2026-05-12
양덕,양덕-한동대-양덕(기본),양덕행,양덕행,한동대행,62,25340,60,47,하행,시티병원,155.9,2026-05-12
양덕,양덕-한동대-양덕(기본),양덕행,양덕행,한동대행,62,25340,60,48,하행,씨티병원(호흡기전담),315.6,2026-05-12
양덕,양덕-한동대-양덕(기본),양덕행,양덕행,한동대행,62,25340,60,49,하행,장성고등학교,170.3,2026-05-12
양덕,양덕-한동대-양덕(기본),양덕행,양덕행,한동대행,62,25340,60,50,하행,장량동행정복지센터,302.5,2026-05-12
양덕,양덕-한동대-양덕(기본),양덕행,양덕행,한동대행,62,25340,60,51,하행,장원초등학교,144.3,2026-05-12
양덕,양덕-한동대-양덕(기본),양덕행,양덕행,한동대행,62,25340,60,52,하행,대림골든빌,509.4,2026-05-12
양덕,양덕-한동대-양덕(기본),양덕행,양덕행,한동대행,62,25340,60,53,하행,포항교회,521.4,2026-05-12
양덕,양덕-한동대-양덕(기본),양덕행,양덕행,한동대행,62,25340,60,54,하행,두산위브후문,378.4,2026-05-12
양덕,양덕-한동대-양덕(기본),양덕행,양덕행,한동대행,62,25340,60,55,하행,힐스테이트환호2단지,271.2,2026-05-12
양덕,양덕-한동대-양덕(기본),양덕행,양덕행,한동대행,62,25340,60,56,하행,경북교육청문화원,495.4,2026-05-12
양덕,양덕-한동대-양덕(기본),양덕행,양덕행,한동대행,62,25340,60,57,하행,해맞이그린빌2차,477.3,2026-05-12
양덕,양덕-한동대-양덕(기본),양덕행,양덕행,한동대행,62,25340,60,58,하행,환호공원,183,2026-05-12
양덕,양덕-한동대-양덕(기본),양덕행,양덕행,한동대행,62,25340,60,59,하행,라메르웨딩컨벤션,296.2,2026-05-12
양덕,양덕-한동대-양덕(기본),양덕행,양덕행,한동대행,62,25340,60,60,하행,환호여중,315.5,2026-05-12
양덕,양덕-한동대-양덕(기본),양덕행,양덕행,한동대행,62,25340,60,61,하행,청소년수련관,280.9,2026-05-12
양덕,양덕-한동대-양덕(기본),양덕행,양덕행,한동대행,62,25340,60,62,하행,양덕차고지,792.7,2026-05-12
양덕3,양덕-여남-칠포-죽도시장,양덕행,죽도시장행,,51,33429,60,1,상행,양덕차고지,0,2026-05-12
양덕3,양덕-여남-칠포-죽도시장,양덕행,죽도시장행,,51,33429,60,2,상행,양덕교차로(무정차),383.5,2026-05-12
양덕3,양덕-여남-칠포-죽도시장,양덕행,죽도시장행,,51,33429,60,3,상행,청소년수련관,411.5,2026-05-12
양덕3,양덕-여남-칠포-죽도시장,양덕행,죽도시장행,,51,33429,60,4,상행,환호여중,280.9,2026-05-12
양덕3,양덕-여남-칠포-죽도시장,양덕행,죽도시장행,,51,33429,60,5,상행,여남동회차지,1429.8,2026-05-12
양덕3,양덕-여남-칠포-죽도시장,양덕행,죽도시장행,,51,33429,60,6,상행,환호여중,1477.3,2026-05-12
양덕3,양덕-여남-칠포-죽도시장,양덕행,죽도시장행,,51,33429,60,7,상행,청소년수련관,280.9,2026-05-12
양덕3,양덕-여남-칠포-죽도시장,양덕행,죽도시장행,,51,33429,60,8,상행,양덕한마음체육관,1192.7,2026-05-12
양덕3,양덕-여남-칠포-죽도시장,양덕행,죽도시장행,,51,33429,60,9,상행,북부장애인복지회관,269.1,2026-05-12
양덕3,양덕-여남-칠포-죽도시장,양덕행,죽도시장행,,51,33429,60,10,상행,죽천솔밭,986.8,2026-05-12
양덕3,양덕-여남-칠포-죽도시장,양덕행,죽도시장행,,51,33429,60,11,상행,죽천2리,420.5,2026-05-12
양덕3,양덕-여남-칠포-죽도시장,양덕행,죽도시장행,,51,33429,60,12,상행,죽천1리,360.5,2026-05-12
양덕3,양덕-여남-칠포-죽도시장,양덕행,죽도시장행,,51,33429,60,13,상행,죽천초등학교,1893.9,2026-05-12
양덕3,양덕-여남-칠포-죽도시장,양덕행,죽도시장행,,51,33429,60,14,상행,포항영일만항,546.8,2026-05-12
양덕3,양덕-여남-칠포-죽도시장,양덕행,죽도시장행,,51,33429,60,15,상행,용한2리,262.9,2026-05-12
양덕3,양덕-여남-칠포-죽도시장,양덕행,죽도시장행,,51,33429,60,16,상행,용덕,507.9,2026-05-12
양덕3,양덕-여남-칠포-죽도시장,양덕행,죽도시장행,,51,33429,60,17,상행,용한1리,887.4,2026-05-12
양덕3,양덕-여남-칠포-죽도시장,양덕행,죽도시장행,,51,33429,60,18,상행,봉림불,2378,2026-05-12
양덕3,양덕-여남-칠포-죽도시장,양덕행,죽도시장행,,51,33429,60,19,상행,곡강배수장,522.3,2026-05-12
양덕3,양덕-여남-칠포-죽도시장,양덕행,죽도시장행,,51,33429,60,20,상행,곡강3리,884.1,2026-05-12
양덕3,양덕-여남-칠포-죽도시장,양덕행,죽도시장행,,51,33429,60,21,상행,칠포해수욕장,385.6,2026-05-12
양덕3,양덕-여남-칠포-죽도시장,양덕행,죽도시장행,,51,33429,60,22,상행,곡강3리,491.1,2026-05-12
양덕3,양덕-여남-칠포-죽도시장,양덕행,죽도시장행,,51,33429,60,23,상행,곡강배수장,862.1,2026-05-12
양덕3,양덕-여남-칠포-죽도시장,양덕행,죽도시장행,,51,33429,60,24,상행,봉림불,527.9,2026-05-12
양덕3,양덕-여남-칠포-죽도시장,양덕행,죽도시장행,,51,33429,60,25,상행,용한1리,2392.3,2026-05-12
양덕3,양덕-여남-칠포-죽도시장,양덕행,죽도시장행,,51,33429,60,26,상행,용덕,828.5,2026-05-12
양덕3,양덕-여남-칠포-죽도시장,양덕행,죽도시장행,,51,33429,60,27,상행,용한2리,512.6,2026-05-12
양덕3,양덕-여남-칠포-죽도시장,양덕행,죽도시장행,,51,33429,60,28,상행,포항영일만항,279.3,2026-05-12
양덕3,양덕-여남-칠포-죽도시장,양덕행,죽도시장행,,51,33429,60,29,상행,죽천초등학교,523.8,2026-05-12
양덕3,양덕-여남-칠포-죽도시장,양덕행,죽도시장행,,51,33429,60,30,상행,죽천1리,1882.3,2026-05-12
양덕3,양덕-여남-칠포-죽도시장,양덕행,죽도시장행,,51,33429,60,31,상행,죽천2리,401,2026-05-12
양덕3,양덕-여남-칠포-죽도시장,양덕행,죽도시장행,,51,33429,60,32,상행,죽천솔밭,462.3,2026-05-12
양덕3,양덕-여남-칠포-죽도시장,양덕행,죽도시장행,,51,33429,60,33,상행,북부장애인복지회관,877.9,2026-05-12
양덕3,양덕-여남-칠포-죽도시장,양덕행,죽도시장행,,51,33429,60,34,상행,양덕한마음체육관,268.8,2026-05-12
양덕3,양덕-여남-칠포-죽도시장,양덕행,죽도시장행,,51,33429,60,35,상행,청소년수련관,1197.6,2026-05-12
양덕3,양덕-여남-칠포-죽도시장,양덕행,죽도시장행,,51,33429,60,36,상행,환호여중,280.9,2026-05-12
양덕3,양덕-여남-칠포-죽도시장,양덕행,죽도시장행,,51,33429,60,37,상행,라메르웨딩컨벤션,394.1,2026-05-12
양덕3,양덕-여남-칠포-죽도시장,양덕행,죽도시장행,,51,33429,60,38,상행,환호해맞이그린빌,384.7,2026-05-12
양덕3,양덕-여남-칠포-죽도시장,양덕행,죽도시장행,,51,33429,60,39,상행,노인복지회관,587.9,2026-05-12
양덕3,양덕-여남-칠포-죽도시장,양덕행,죽도시장행,,51,33429,60,40,상행,설머리물회지구,201.2,2026-05-12
양덕3,양덕-여남-칠포-죽도시장,양덕행,죽도시장행,,51,33429,60,41,상행,동부초등학교,536.2,2026-05-12
양덕3,양덕-여남-칠포-죽도시장,양덕행,죽도시장행,,51,33429,60,42,상행,두호동행정복지센터,264.2,2026-05-12
양덕3,양덕-여남-칠포-죽도시장,양덕행,죽도시장행,,51,33429,60,43,상행,롯데아파트,293.2,2026-05-12
양덕3,양덕-여남-칠포-죽도시장,양덕행,죽도시장행,,51,33429,60,44,상행,우방비치타운,367.9,2026-05-12
양덕3,양덕-여남-칠포-죽도시장,양덕행,죽도시장행,,51,33429,60,45,상행,영일대 해수욕장,241.3,2026-05-12
양덕3,양덕-여남-칠포-죽도시장,양덕행,죽도시장행,,51,33429,60,46,상행,포항세관,346.2,2026-05-12
양덕3,양덕-여남-칠포-죽도시장,양덕행,죽도시장행,,51,33429,60,47,상행,롯데백화점,296.4,2026-05-12
양덕3,양덕-여남-칠포-죽도시장,양덕행,죽도시장행,,51,33429,60,48,상행,북부시장/채움병원,340,2026-05-12
양덕3,양덕-여남-칠포-죽도시장,양덕행,죽도시장행,,51,33429,60,49,상행,국민건강보험공단,503.8,2026-05-12
양덕3,양덕-여남-칠포-죽도시장,양덕행,죽도시장행,,51,33429,60,50,상행,중앙상가,477.6,2026-05-12
양덕3,양덕-여남-칠포-죽도시장,양덕행,죽도시장행,,51,33429,60,51,상행,죽도시장,426,2026-05-12
양덕3,양덕-용한1-용덕,양덕행,양덕행,,13,8052,60,1,상행,양덕차고지,0,2026-05-12
양덕3,양덕-용한1-용덕,양덕행,양덕행,,13,8052,60,2,상행,양덕한마음체육관,469.7,2026-05-12
양덕3,양덕-용한1-용덕,양덕행,양덕행,,13,8052,60,3,상행,북부장애인복지회관,269.1,2026-05-12
양덕3,양덕-용한1-용덕,양덕행,양덕행,,13,8052,60,4,상행,죽천솔밭,986.8,2026-05-12
양덕3,양덕-용한1-용덕,양덕행,양덕행,,13,8052,60,5,상행,죽천2리,420.5,2026-05-12
양덕3,양덕-용한1-용덕,양덕행,양덕행,,13,8052,60,6,상행,죽천1리,360.5,2026-05-12
양덕3,양덕-용한1-용덕,양덕행,양덕행,,13,8052,60,7,상행,죽천초등학교,1893.9,2026-05-12
양덕3,양덕-용한1-용덕,양덕행,양덕행,,13,8052,60,8,상행,포항영일만항,546.8,2026-05-12
양덕3,양덕-용한1-용덕,양덕행,양덕행,,13,8052,60,9,상행,용한2리,262.9,2026-05-12
양덕3,양덕-용한1-용덕,양덕행,양덕행,,13,8052,60,10,상행,용덕,507.9,2026-05-12
양덕3,양덕-용한1-용덕,양덕행,양덕행,,13,8052,60,11,상행,용한1리,887.4,2026-05-12
양덕3,양덕-용한1-용덕,양덕행,양덕행,,13,8052,60,12,상행,용한1리,239.6,2026-05-12
양덕3,양덕-용한1-용덕,양덕행,양덕행,,13,8052,60,13,상행,용덕,828.5,2026-05-12
양덕3,양덕-칠포-양덕-여남-양덕,양덕행,양덕행,,34,26657,60,1,상행,양덕차고지,0,2026-05-12
양덕3,양덕-칠포-양덕-여남-양덕,양덕행,양덕행,,34,26657,60,2,상행,양덕한마음체육관,469.7,2026-05-12
양덕3,양덕-칠포-양덕-여남-양덕,양덕행,양덕행,,34,26657,60,3,상행,북부장애인복지회관,269.1,2026-05-12
양덕3,양덕-칠포-양덕-여남-양덕,양덕행,양덕행,,34,26657,60,4,상행,죽천솔밭,986.8,2026-05-12
양덕3,양덕-칠포-양덕-여남-양덕,양덕행,양덕행,,34,26657,60,5,상행,죽천2리,420.5,2026-05-12
양덕3,양덕-칠포-양덕-여남-양덕,양덕행,양덕행,,34,26657,60,6,상행,죽천1리,360.5,2026-05-12
양덕3,양덕-칠포-양덕-여남-양덕,양덕행,양덕행,,34,26657,60,7,상행,죽천초등학교,1893.9,2026-05-12
양덕3,양덕-칠포-양덕-여남-양덕,양덕행,양덕행,,34,26657,60,8,상행,포항영일만항,546.8,2026-05-12
양덕3,양덕-칠포-양덕-여남-양덕,양덕행,양덕행,,34,26657,60,9,상행,용한2리,262.9,2026-05-12
양덕3,양덕-칠포-양덕-여남-양덕,양덕행,양덕행,,34,26657,60,10,상행,용덕,507.9,2026-05-12
양덕3,양덕-칠포-양덕-여남-양덕,양덕행,양덕행,,34,26657,60,11,상행,용한1리,887.4,2026-05-12
양덕3,양덕-칠포-양덕-여남-양덕,양덕행,양덕행,,34,26657,60,12,상행,봉림불,2378,2026-05-12
양덕3,양덕-칠포-양덕-여남-양덕,양덕행,양덕행,,34,26657,60,13,상행,곡강배수장,522.3,2026-05-12
양덕3,양덕-칠포-양덕-여남-양덕,양덕행,양덕행,,34,26657,60,14,상행,곡강3리,884.1,2026-05-12
양덕3,양덕-칠포-양덕-여남-양덕,양덕행,양덕행,,34,26657,60,15,상행,칠포해수욕장,385.6,2026-05-12
양덕3,양덕-칠포-양덕-여남-양덕,양덕행,양덕행,,34,26657,60,16,상행,곡강3리,491.1,2026-05-12
양덕3,양덕-칠포-양덕-여남-양덕,양덕행,양덕행,,34,26657,60,17,상행,곡강배수장,862.1,2026-05-12
양덕3,양덕-칠포-양덕-여남-양덕,양덕행,양덕행,,34,26657,60,18,상행,봉림불,527.9,2026-05-12
양덕3,양덕-칠포-양덕-여남-양덕,양덕행,양덕행,,34,26657,60,19,상행,용한1리,2392.3,2026-05-12
양덕3,양덕-칠포-양덕-여남-양덕,양덕행,양덕행,,34,26657,60,20,상행,용덕,828.5,2026-05-12
양덕3,양덕-칠포-양덕-여남-양덕,양덕행,양덕행,,34,26657,60,21,상행,용한2리,512.6,2026-05-12
양덕3,양덕-칠포-양덕-여남-양덕,양덕행,양덕행,,34,26657,60,22,상행,포항영일만항,279.3,2026-05-12
양덕3,양덕-칠포-양덕-여남-양덕,양덕행,양덕행,,34,26657,60,23,상행,죽천초등학교,523.8,2026-05-12
양덕3,양덕-칠포-양덕-여남-양덕,양덕행,양덕행,,34,26657,60,24,상행,죽천1리,1882.3,2026-05-12
양덕3,양덕-칠포-양덕-여남-양덕,양덕행,양덕행,,34,26657,60,25,상행,죽천2리,401,2026-05-12
양덕3,양덕-칠포-양덕-여남-양덕,양덕행,양덕행,,34,26657,60,26,상행,죽천솔밭,462.3,2026-05-12
양덕3,양덕-칠포-양덕-여남-양덕,양덕행,양덕행,,34,26657,60,27,상행,북부장애인복지회관,877.9,2026-05-12
양덕3,양덕-칠포-양덕-여남-양덕,양덕행,양덕행,,34,26657,60,28,상행,양덕한마음체육관,268.8,2026-05-12
양덕3,양덕-칠포-양덕-여남-양덕,양덕행,양덕행,,34,26657,60,29,상행,청소년수련관,1197.6,2026-05-12
양덕3,양덕-칠포-양덕-여남-양덕,양덕행,양덕행,,34,26657,60,30,상행,환호여중,280.9,2026-05-12
양덕3,양덕-칠포-양덕-여남-양덕,양덕행,양덕행,,34,26657,60,31,상행,여남동회차지,1429.8,2026-05-12
양덕3,양덕-칠포-양덕-여남-양덕,양덕행,양덕행,,34,26657,60,32,상행,환호여중,1477.3,2026-05-12
양덕3,양덕-칠포-양덕-여남-양덕,양덕행,양덕행,,34,26657,60,33,상행,청소년수련관,280.9,2026-05-12
양덕3,양덕-칠포-양덕-여남-양덕,양덕행,양덕행,,34,26657,60,34,상행,양덕차고지,792.7,2026-05-12
양덕3,용덕리-양덕-여남-죽도시장-양덕,용덕리행,양덕행,,42,22487,60,1,상행,용덕,0,2026-05-12
양덕3,용덕리-양덕-여남-죽도시장-양덕,용덕리행,양덕행,,42,22487,60,2,상행,용한2리,512.6,2026-05-12
양덕3,용덕리-양덕-여남-죽도시장-양덕,용덕리행,양덕행,,42,22487,60,3,상행,포항영일만항,279.3,2026-05-12
양덕3,용덕리-양덕-여남-죽도시장-양덕,용덕리행,양덕행,,42,22487,60,4,상행,죽천초등학교,523.8,2026-05-12
양덕3,용덕리-양덕-여남-죽도시장-양덕,용덕리행,양덕행,,42,22487,60,5,상행,죽천1리,1882.3,2026-05-12
양덕3,용덕리-양덕-여남-죽도시장-양덕,용덕리행,양덕행,,42,22487,60,6,상행,죽천2리,401,2026-05-12
양덕3,용덕리-양덕-여남-죽도시장-양덕,용덕리행,양덕행,,42,22487,60,7,상행,죽천솔밭,462.3,2026-05-12
양덕3,용덕리-양덕-여남-죽도시장-양덕,용덕리행,양덕행,,42,22487,60,8,상행,북부장애인복지회관,877.9,2026-05-12
양덕3,용덕리-양덕-여남-죽도시장-양덕,용덕리행,양덕행,,42,22487,60,9,상행,양덕한마음체육관,268.8,2026-05-12
양덕3,용덕리-양덕-여남-죽도시장-양덕,용덕리행,양덕행,,42,22487,60,10,상행,양덕차고지,472.3,2026-05-12
양덕3,용덕리-양덕-여남-죽도시장-양덕,용덕리행,양덕행,,42,22487,60,11,상행,양덕차고지,112.2,2026-05-12
양덕3,용덕리-양덕-여남-죽도시장-양덕,용덕리행,양덕행,,42,22487,60,12,상행,청소년수련관,795,2026-05-12
양덕3,용덕리-양덕-여남-죽도시장-양덕,용덕리행,양덕행,,42,22487,60,13,상행,환호여중,280.9,2026-05-12
양덕3,용덕리-양덕-여남-죽도시장-양덕,용덕리행,양덕행,,42,22487,60,14,상행,여남동회차지,1429.8,2026-05-12
양덕3,용덕리-양덕-여남-죽도시장-양덕,용덕리행,양덕행,,42,22487,60,15,상행,라메르웨딩컨벤션,1534.8,2026-05-12
양덕3,용덕리-양덕-여남-죽도시장-양덕,용덕리행,양덕행,,42,22487,60,16,상행,환호해맞이그린빌,384.7,2026-05-12
양덕3,용덕리-양덕-여남-죽도시장-양덕,용덕리행,양덕행,,42,22487,60,17,상행,노인복지회관,587.9,2026-05-12
양덕3,용덕리-양덕-여남-죽도시장-양덕,용덕리행,양덕행,,42,22487,60,18,상행,설머리물회지구,201.2,2026-05-12
양덕3,용덕리-양덕-여남-죽도시장-양덕,용덕리행,양덕행,,42,22487,60,19,상행,동부초등학교,536.2,2026-05-12
양덕3,용덕리-양덕-여남-죽도시장-양덕,용덕리행,양덕행,,42,22487,60,20,상행,두호동행정복지센터,264.2,2026-05-12
양덕3,용덕리-양덕-여남-죽도시장-양덕,용덕리행,양덕행,,42,22487,60,21,상행,롯데아파트,293.2,2026-05-12
양덕3,용덕리-양덕-여남-죽도시장-양덕,용덕리행,양덕행,,42,22487,60,22,상행,우방비치타운,367.9,2026-05-12
양덕3,용덕리-양덕-여남-죽도시장-양덕,용덕리행,양덕행,,42,22487,60,23,상행,영일대 해수욕장,241.3,2026-05-12
양덕3,용덕리-양덕-여남-죽도시장-양덕,용덕리행,양덕행,,42,22487,60,24,상행,죽도어시장,2022.4,2026-05-12
양덕3,용덕리-양덕-여남-죽도시장-양덕,용덕리행,양덕행,,42,22487,60,25,상행,죽도동민복지회관,535.9,2026-05-12
양덕3,용덕리-양덕-여남-죽도시장-양덕,용덕리행,양덕행,,42,22487,60,26,상행,죽도시장,597.6,2026-05-12
양덕3,용덕리-양덕-여남-죽도시장-양덕,용덕리행,양덕행,,42,22487,60,27,상행,육거리,469.2,2026-05-12
양덕3,용덕리-양덕-여남-죽도시장-양덕,용덕리행,양덕행,,42,22487,60,28,상행,북구청,457.1,2026-05-12
양덕3,용덕리-양덕-여남-죽도시장-양덕,용덕리행,양덕행,,42,22487,60,29,상행,북부시장/채움병원,286.2,2026-05-12
양덕3,용덕리-양덕-여남-죽도시장-양덕,용덕리행,양덕행,,42,22487,60,30,상행,롯데백화점,451.7,2026-05-12
양덕3,용덕리-양덕-여남-죽도시장-양덕,용덕리행,양덕행,,42,22487,60,31,상행,포항세관,359.3,2026-05-12
양덕3,용덕리-양덕-여남-죽도시장-양덕,용덕리행,양덕행,,42,22487,60,32,상행,영일대 해수욕장,333.5,2026-05-12
양덕3,용덕리-양덕-여남-죽도시장-양덕,용덕리행,양덕행,,42,22487,60,33,상행,롯데아파트,360.9,2026-05-12
양덕3,용덕리-양덕-여남-죽도시장-양덕,용덕리행,양덕행,,42,22487,60,34,상행,두호동행정복지센터,528.1,2026-05-12
양덕3,용덕리-양덕-여남-죽도시장-양덕,용덕리행,양덕행,,42,22487,60,35,상행,설머리물회지구,658.7,2026-05-12
양덕3,용덕리-양덕-여남-죽도시장-양덕,용덕리행,양덕행,,42,22487,60,36,상행,노인복지회관,276,2026-05-12
양덕3,용덕리-양덕-여남-죽도시장-양덕,용덕리행,양덕행,,42,22487,60,37,상행,환호해맞이그린빌,366.9,2026-05-12
양덕3,용덕리-양덕-여남-죽도시장-양덕,용덕리행,양덕행,,42,22487,60,38,상행,환호공원,314.5,2026-05-12
양덕3,용덕리-양덕-여남-죽도시장-양덕,용덕리행,양덕행,,42,22487,60,39,상행,라메르웨딩컨벤션,296.2,2026-05-12
양덕3,용덕리-양덕-여남-죽도시장-양덕,용덕리행,양덕행,,42,22487,60,40,상행,환호여중,315.5,2026-05-12
양덕3,용덕리-양덕-여남-죽도시장-양덕,용덕리행,양덕행,,42,22487,60,41,상행,청소년수련관,280.9,2026-05-12
양덕3,용덕리-양덕-여남-죽도시장-양덕,용덕리행,양덕행,,42,22487,60,42,상행,양덕차고지,792.7,2026-05-12
양덕3,죽도시장-여남-칠포-여남-양덕,죽도시장행,양덕행,,50,35735,60,1,상행,죽도시장,0,2026-05-12
양덕3,죽도시장-여남-칠포-여남-양덕,죽도시장행,양덕행,,50,35735,60,2,상행,육거리,469.2,2026-05-12
양덕3,죽도시장-여남-칠포-여남-양덕,죽도시장행,양덕행,,50,35735,60,3,상행,북구청,457.1,2026-05-12
양덕3,죽도시장-여남-칠포-여남-양덕,죽도시장행,양덕행,,50,35735,60,4,상행,북부시장/채움병원,286.2,2026-05-12
양덕3,죽도시장-여남-칠포-여남-양덕,죽도시장행,양덕행,,50,35735,60,5,상행,롯데백화점,451.7,2026-05-12
양덕3,죽도시장-여남-칠포-여남-양덕,죽도시장행,양덕행,,50,35735,60,6,상행,포항세관,359.3,2026-05-12
양덕3,죽도시장-여남-칠포-여남-양덕,죽도시장행,양덕행,,50,35735,60,7,상행,영일대 해수욕장,333.5,2026-05-12
양덕3,죽도시장-여남-칠포-여남-양덕,죽도시장행,양덕행,,50,35735,60,8,상행,롯데아파트,360.9,2026-05-12
양덕3,죽도시장-여남-칠포-여남-양덕,죽도시장행,양덕행,,50,35735,60,9,상행,두호동행정복지센터,528.1,2026-05-12
양덕3,죽도시장-여남-칠포-여남-양덕,죽도시장행,양덕행,,50,35735,60,10,상행,설머리물회지구,658.7,2026-05-12
양덕3,죽도시장-여남-칠포-여남-양덕,죽도시장행,양덕행,,50,35735,60,11,상행,노인복지회관,276,2026-05-12
양덕3,죽도시장-여남-칠포-여남-양덕,죽도시장행,양덕행,,50,35735,60,12,상행,환호해맞이그린빌,366.9,2026-05-12
양덕3,죽도시장-여남-칠포-여남-양덕,죽도시장행,양덕행,,50,35735,60,13,상행,환호공원,314.5,2026-05-12
양덕3,죽도시장-여남-칠포-여남-양덕,죽도시장행,양덕행,,50,35735,60,14,상행,라메르웨딩컨벤션,296.2,2026-05-12
양덕3,죽도시장-여남-칠포-여남-양덕,죽도시장행,양덕행,,50,35735,60,15,상행,여남동회차지,1408.7,2026-05-12
양덕3,죽도시장-여남-칠포-여남-양덕,죽도시장행,양덕행,,50,35735,60,16,상행,환호여중,1477.3,2026-05-12
양덕3,죽도시장-여남-칠포-여남-양덕,죽도시장행,양덕행,,50,35735,60,17,상행,청소년수련관,280.9,2026-05-12
양덕3,죽도시장-여남-칠포-여남-양덕,죽도시장행,양덕행,,50,35735,60,18,상행,양덕한마음체육관,1192.7,2026-05-12
양덕3,죽도시장-여남-칠포-여남-양덕,죽도시장행,양덕행,,50,35735,60,19,상행,북부장애인복지회관,269.1,2026-05-12
양덕3,죽도시장-여남-칠포-여남-양덕,죽도시장행,양덕행,,50,35735,60,20,상행,죽천솔밭,986.8,2026-05-12
양덕3,죽도시장-여남-칠포-여남-양덕,죽도시장행,양덕행,,50,35735,60,21,상행,죽천2리,420.5,2026-05-12
양덕3,죽도시장-여남-칠포-여남-양덕,죽도시장행,양덕행,,50,35735,60,22,상행,죽천1리,360.5,2026-05-12
양덕3,죽도시장-여남-칠포-여남-양덕,죽도시장행,양덕행,,50,35735,60,23,상행,죽천초등학교,1893.9,2026-05-12
양덕3,죽도시장-여남-칠포-여남-양덕,죽도시장행,양덕행,,50,35735,60,24,상행,포항영일만항,546.8,2026-05-12
양덕3,죽도시장-여남-칠포-여남-양덕,죽도시장행,양덕행,,50,35735,60,25,상행,용한2리,262.9,2026-05-12
양덕3,죽도시장-여남-칠포-여남-양덕,죽도시장행,양덕행,,50,35735,60,26,상행,용덕,507.9,2026-05-12
양덕3,죽도시장-여남-칠포-여남-양덕,죽도시장행,양덕행,,50,35735,60,27,상행,용한1리,887.4,2026-05-12
양덕3,죽도시장-여남-칠포-여남-양덕,죽도시장행,양덕행,,50,35735,60,28,상행,봉림불,2378,2026-05-12
양덕3,죽도시장-여남-칠포-여남-양덕,죽도시장행,양덕행,,50,35735,60,29,상행,곡강배수장,522.3,2026-05-12
양덕3,죽도시장-여남-칠포-여남-양덕,죽도시장행,양덕행,,50,35735,60,30,상행,곡강3리,884.1,2026-05-12
양덕3,죽도시장-여남-칠포-여남-양덕,죽도시장행,양덕행,,50,35735,60,31,상행,칠포해수욕장,385.6,2026-05-12
양덕3,죽도시장-여남-칠포-여남-양덕,죽도시장행,양덕행,,50,35735,60,32,상행,곡강3리,491.1,2026-05-12
양덕3,죽도시장-여남-칠포-여남-양덕,죽도시장행,양덕행,,50,35735,60,33,상행,곡강배수장,862.1,2026-05-12
양덕3,죽도시장-여남-칠포-여남-양덕,죽도시장행,양덕행,,50,35735,60,34,상행,봉림불,527.9,2026-05-12
양덕3,죽도시장-여남-칠포-여남-양덕,죽도시장행,양덕행,,50,35735,60,35,상행,용한1리,2392.3,2026-05-12
양덕3,죽도시장-여남-칠포-여남-양덕,죽도시장행,양덕행,,50,35735,60,36,상행,용덕,828.5,2026-05-12
양덕3,죽도시장-여남-칠포-여남-양덕,죽도시장행,양덕행,,50,35735,60,37,상행,용한2리,512.6,2026-05-12
양덕3,죽도시장-여남-칠포-여남-양덕,죽도시장행,양덕행,,50,35735,60,38,상행,포항영일만항,279.3,2026-05-12
양덕3,죽도시장-여남-칠포-여남-양덕,죽도시장행,양덕행,,50,35735,60,39,상행,죽천초등학교,523.8,2026-05-12
양덕3,죽도시장-여남-칠포-여남-양덕,죽도시장행,양덕행,,50,35735,60,40,상행,죽천1리,1882.3,2026-05-12
양덕3,죽도시장-여남-칠포-여남-양덕,죽도시장행,양덕행,,50,35735,60,41,상행,죽천2리,401,2026-05-12
양덕3,죽도시장-여남-칠포-여남-양덕,죽도시장행,양덕행,,50,35735,60,42,상행,죽천솔밭,462.3,2026-05-12
양덕3,죽도시장-여남-칠포-여남-양덕,죽도시장행,양덕행,,50,35735,60,43,상행,북부장애인복지회관,877.9,2026-05-12
양덕3,죽도시장-여남-칠포-여남-양덕,죽도시장행,양덕행,,50,35735,60,44,상행,양덕한마음체육관,268.8,2026-05-12
양덕3,죽도시장-여남-칠포-여남-양덕,죽도시장행,양덕행,,50,35735,60,45,상행,청소년수련관,1197.6,2026-05-12
양덕3,죽도시장-여남-칠포-여남-양덕,죽도시장행,양덕행,,50,35735,60,46,상행,환호여중,280.9,2026-05-12
양덕3,죽도시장-여남-칠포-여남-양덕,죽도시장행,양덕행,,50,35735,60,47,상행,여남동회차지,1429.8,2026-05-12
양덕3,죽도시장-여남-칠포-여남-양덕,죽도시장행,양덕행,,50,35735,60,48,상행,환호여중,1477.3,2026-05-12
양덕3,죽도시장-여남-칠포-여남-양덕,죽도시장행,양덕행,,50,35735,60,49,상행,청소년수련관,280.9,2026-05-12
양덕3,죽도시장-여남-칠포-여남-양덕,죽도시장행,양덕행,,50,35735,60,50,상행,양덕차고지,792.7,2026-05-12
연일1,농협-터미널-송학-농협,농협포항시지부행,농협포항시지부행,송학,60,37898,60,1,상행,농협포항시지부,0,2026-05-12
연일1,농협-터미널-송학-농협,농협포항시지부행,농협포항시지부행,송학,60,37898,60,2,상행,홈플러스,421.5,2026-05-12
연일1,농협-터미널-송학-농협,농협포항시지부행,농협포항시지부행,송학,60,37898,60,3,상행,죽도파출소,377.9,2026-05-12
연일1,농협-터미널-송학-농협,농협포항시지부행,농협포항시지부행,송학,60,37898,60,4,상행,GS슈퍼마켓,365.7,2026-05-12
연일1,농협-터미널-송학-농협,농협포항시지부행,농협포항시지부행,송학,60,37898,60,5,상행,고용복지플러스센터,352.3,2026-05-12
연일1,농협-터미널-송학-농협,농협포항시지부행,농협포항시지부행,송학,60,37898,60,6,상행,산업은행,696.5,2026-05-12
연일1,농협-터미널-송학-농협,농협포항시지부행,농협포항시지부행,송학,60,37898,60,7,상행,교보생명,271.3,2026-05-12
연일1,농협-터미널-송학-농협,농협포항시지부행,농협포항시지부행,송학,60,37898,60,8,상행,시외버스터미널,320.4,2026-05-12
연일1,농협-터미널-송학-농협,농협포항시지부행,농협포항시지부행,송학,60,37898,60,9,상행,상도코아루,647.6,2026-05-12
연일1,농협-터미널-송학-농협,농협포항시지부행,농협포항시지부행,송학,60,37898,60,10,상행,포항남부경찰서,344,2026-05-12
연일1,농협-터미널-송학-농협,농협포항시지부행,농협포항시지부행,송학,60,37898,60,11,상행,경북자동차학원,699,2026-05-12
연일1,농협-터미널-송학-농협,농협포항시지부행,농협포항시지부행,송학,60,37898,60,12,상행,연일우체국,271.7,2026-05-12
연일1,농협-터미널-송학-농협,농협포항시지부행,농협포항시지부행,송학,60,37898,60,13,상행,청솔2차,1455.6,2026-05-12
연일1,농협-터미널-송학-농협,농협포항시지부행,농협포항시지부행,송학,60,37898,60,14,상행,청솔1차,226.7,2026-05-12
연일1,농협-터미널-송학-농협,농협포항시지부행,농협포항시지부행,송학,60,37898,60,15,상행,택전2리,206.8,2026-05-12
연일1,농협-터미널-송학-농협,농협포항시지부행,농협포항시지부행,송학,60,37898,60,16,상행,중단2리,726.3,2026-05-12
연일1,농협-터미널-송학-농협,농협포항시지부행,농협포항시지부행,송학,60,37898,60,17,상행,중명2리,1189.7,2026-05-12
연일1,농협-터미널-송학-농협,농협포항시지부행,농협포항시지부행,송학,60,37898,60,18,상행,중명1리,531.2,2026-05-12
연일1,농협-터미널-송학-농협,농협포항시지부행,농협포항시지부행,송학,60,37898,60,19,상행,유강1리,2424,2026-05-12
연일1,농협-터미널-송학-농협,농협포항시지부행,농협포항시지부행,송학,60,37898,60,20,상행,자명LPG충전소,599.4,2026-05-12
연일1,농협-터미널-송학-농협,농협포항시지부행,농협포항시지부행,송학,60,37898,60,21,상행,자명2리,340.5,2026-05-12
연일1,농협-터미널-송학-농협,농협포항시지부행,농협포항시지부행,송학,60,37898,60,22,상행,자명1리마을회관,1004.6,2026-05-12
연일1,농협-터미널-송학-농협,농협포항시지부행,농협포항시지부행,송학,60,37898,60,23,상행,자명1리,199.4,2026-05-12
연일1,농협-터미널-송학-농협,농협포항시지부행,농협포항시지부행,송학,60,37898,60,24,상행,자명초등학교,571.1,2026-05-12
연일1,농협-터미널-송학-농협,농협포항시지부행,농협포항시지부행,송학,60,37898,60,25,상행,학전리,474,2026-05-12
연일1,농협-터미널-송학-농협,농협포항시지부행,농협포항시지부행,송학,60,37898,60,26,상행,학전교,488.7,2026-05-12
연일1,농협-터미널-송학-농협,농협포항시지부행,농협포항시지부행,송학,60,37898,60,27,상행,자명식당,557.1,2026-05-12
연일1,농협-터미널-송학-농협,농협포항시지부행,농협포항시지부행,송학,60,37898,60,28,상행,진세미골,372.1,2026-05-12
연일1,농협-터미널-송학-농협,농협포항시지부행,농협포항시지부행,송학,60,37898,60,29,상행,달전,1215.1,2026-05-12
연일1,농협-터미널-송학-농협,농협포항시지부행,농협포항시지부행,송학,60,37898,60,30,하행,송학,668.5,2026-05-12
연일1,농협-터미널-송학-농협,농협포항시지부행,농협포항시지부행,송학,60,37898,60,31,하행,달전,648.8,2026-05-12
연일1,농협-터미널-송학-농협,농협포항시지부행,농협포항시지부행,송학,60,37898,60,32,하행,진세미골,1254.9,2026-05-12
연일1,농협-터미널-송학-농협,농협포항시지부행,농협포항시지부행,송학,60,37898,60,33,하행,자명식당,357.4,2026-05-12
연일1,농협-터미널-송학-농협,농협포항시지부행,농협포항시지부행,송학,60,37898,60,34,하행,학전교,539.6,2026-05-12
연일1,농협-터미널-송학-농협,농협포항시지부행,농협포항시지부행,송학,60,37898,60,35,하행,학전리,501.2,2026-05-12
연일1,농협-터미널-송학-농협,농협포항시지부행,농협포항시지부행,송학,60,37898,60,36,하행,자명초등학교,482.2,2026-05-12
연일1,농협-터미널-송학-농협,농협포항시지부행,농협포항시지부행,송학,60,37898,60,37,하행,자명1리,547.1,2026-05-12
연일1,농협-터미널-송학-농협,농협포항시지부행,농협포항시지부행,송학,60,37898,60,38,하행,자명2리,650.5,2026-05-12
연일1,농협-터미널-송학-농협,농협포항시지부행,농협포항시지부행,송학,60,37898,60,39,하행,자명LPG충전소,357,2026-05-12
연일1,농협-터미널-송학-농협,농협포항시지부행,농협포항시지부행,송학,60,37898,60,40,하행,유강1리,599.6,2026-05-12
연일1,농협-터미널-송학-농협,농협포항시지부행,농협포항시지부행,송학,60,37898,60,41,하행,중명1리,2532.7,2026-05-12
연일1,농협-터미널-송학-농협,농협포항시지부행,농협포항시지부행,송학,60,37898,60,42,하행,중명2리,569.8,2026-05-12
연일1,농협-터미널-송학-농협,농협포항시지부행,농협포항시지부행,송학,60,37898,60,43,하행,중단2리,1181.2,2026-05-12
연일1,농협-터미널-송학-농협,농협포항시지부행,농협포항시지부행,송학,60,37898,60,44,하행,택전2리,692.6,2026-05-12
연일1,농협-터미널-송학-농협,농협포항시지부행,농협포항시지부행,송학,60,37898,60,45,하행,청솔1차,204.8,2026-05-12
연일1,농협-터미널-송학-농협,농협포항시지부행,농협포항시지부행,송학,60,37898,60,46,하행,청솔2차,222.7,2026-05-12
연일1,농협-터미널-송학-농협,농협포항시지부행,농협포항시지부행,송학,60,37898,60,47,하행,인주리,1373.4,2026-05-12
연일1,농협-터미널-송학-농협,농협포항시지부행,농협포항시지부행,송학,60,37898,60,48,하행,인주리마을회관,474.1,2026-05-12
연일1,농협-터미널-송학-농협,농협포항시지부행,농협포항시지부행,송학,60,37898,60,49,하행,인주리,376.9,2026-05-12
연일1,농협-터미널-송학-농협,농협포항시지부행,농협포항시지부행,송학,60,37898,60,50,하행,동해주유소,1080.2,2026-05-12
연일1,농협-터미널-송학-농협,농협포항시지부행,농협포항시지부행,송학,60,37898,60,51,하행,경북자동차학원,479.2,2026-05-12
연일1,농협-터미널-송학-농협,농협포항시지부행,농협포항시지부행,송학,60,37898,60,52,하행,포항남부경찰서,1101.7,2026-05-12
연일1,농협-터미널-송학-농협,농협포항시지부행,농협포항시지부행,송학,60,37898,60,53,하행,시외버스터미널,728.9,2026-05-12
연일1,농협-터미널-송학-농협,농협포항시지부행,농협포항시지부행,송학,60,37898,60,54,하행,교보생명,257.2,2026-05-12
연일1,농협-터미널-송학-농협,농협포항시지부행,농협포항시지부행,송학,60,37898,60,55,하행,산업은행,382.1,2026-05-12
연일1,농협-터미널-송학-농협,농협포항시지부행,농협포항시지부행,송학,60,37898,60,56,하행,고용복지플러스센터,644.9,2026-05-12
연일1,농협-터미널-송학-농협,농협포항시지부행,농협포항시지부행,송학,60,37898,60,57,하행,GS슈퍼마켓,351.9,2026-05-12
연일1,농협-터미널-송학-농협,농협포항시지부행,농협포항시지부행,송학,60,37898,60,58,하행,죽도파출소,352.5,2026-05-12
연일1,농협-터미널-송학-농협,농협포항시지부행,농협포항시지부행,송학,60,37898,60,59,하행,홈플러스(오거리),351.7,2026-05-12
연일1,농협-터미널-송학-농협,농협포항시지부행,농협포항시지부행,송학,60,37898,60,60,하행,농협포항시지부,476,2026-05-12
연일1,농협-터미널-자명1-인주,농협포항시지부행,인주리행,자명1리행,32,22824,60,1,상행,농협포항시지부,0,2026-05-12
연일1,농협-터미널-자명1-인주,농협포항시지부행,인주리행,자명1리행,32,22824,60,2,상행,홈플러스,421.5,2026-05-12
연일1,농협-터미널-자명1-인주,농협포항시지부행,인주리행,자명1리행,32,22824,60,3,상행,죽도파출소,377.9,2026-05-12
연일1,농협-터미널-자명1-인주,농협포항시지부행,인주리행,자명1리행,32,22824,60,4,상행,GS슈퍼마켓,365.7,2026-05-12
연일1,농협-터미널-자명1-인주,농협포항시지부행,인주리행,자명1리행,32,22824,60,5,상행,고용복지플러스센터,352.3,2026-05-12
연일1,농협-터미널-자명1-인주,농협포항시지부행,인주리행,자명1리행,32,22824,60,6,상행,산업은행,696.5,2026-05-12
연일1,농협-터미널-자명1-인주,농협포항시지부행,인주리행,자명1리행,32,22824,60,7,상행,교보생명,271.3,2026-05-12
연일1,농협-터미널-자명1-인주,농협포항시지부행,인주리행,자명1리행,32,22824,60,8,상행,시외버스터미널,320.4,2026-05-12
연일1,농협-터미널-자명1-인주,농협포항시지부행,인주리행,자명1리행,32,22824,60,9,상행,상도코아루,647.6,2026-05-12
연일1,농협-터미널-자명1-인주,농협포항시지부행,인주리행,자명1리행,32,22824,60,10,상행,포항남부경찰서,344,2026-05-12
연일1,농협-터미널-자명1-인주,농협포항시지부행,인주리행,자명1리행,32,22824,60,11,상행,경북자동차학원,699,2026-05-12
연일1,농협-터미널-자명1-인주,농협포항시지부행,인주리행,자명1리행,32,22824,60,12,상행,연일우체국,271.7,2026-05-12
연일1,농협-터미널-자명1-인주,농협포항시지부행,인주리행,자명1리행,32,22824,60,13,상행,청솔2차,1455.6,2026-05-12
연일1,농협-터미널-자명1-인주,농협포항시지부행,인주리행,자명1리행,32,22824,60,14,상행,청솔1차,226.7,2026-05-12
연일1,농협-터미널-자명1-인주,농협포항시지부행,인주리행,자명1리행,32,22824,60,15,상행,택전2리,206.8,2026-05-12
연일1,농협-터미널-자명1-인주,농협포항시지부행,인주리행,자명1리행,32,22824,60,16,상행,중단2리,726.3,2026-05-12
연일1,농협-터미널-자명1-인주,농협포항시지부행,인주리행,자명1리행,32,22824,60,17,상행,중명2리,1189.7,2026-05-12
연일1,농협-터미널-자명1-인주,농협포항시지부행,인주리행,자명1리행,32,22824,60,18,상행,중명1리,531.2,2026-05-12
연일1,농협-터미널-자명1-인주,농협포항시지부행,인주리행,자명1리행,32,22824,60,19,상행,유강1리,2424,2026-05-12
연일1,농협-터미널-자명1-인주,농협포항시지부행,인주리행,자명1리행,32,22824,60,20,상행,자명LPG충전소,599.4,2026-05-12
연일1,농협-터미널-자명1-인주,농협포항시지부행,인주리행,자명1리행,32,22824,60,21,상행,자명2리,340.5,2026-05-12
연일1,농협-터미널-자명1-인주,농협포항시지부행,인주리행,자명1리행,32,22824,60,22,하행,자명1리마을회관,1004.6,2026-05-12
연일1,농협-터미널-자명1-인주,농협포항시지부행,인주리행,자명1리행,32,22824,60,23,하행,자명2리,834.4,2026-05-12
연일1,농협-터미널-자명1-인주,농협포항시지부행,인주리행,자명1리행,32,22824,60,24,하행,자명LPG충전소,357,2026-05-12
연일1,농협-터미널-자명1-인주,농협포항시지부행,인주리행,자명1리행,32,22824,60,25,하행,유강1리,599.6,2026-05-12
연일1,농협-터미널-자명1-인주,농협포항시지부행,인주리행,자명1리행,32,22824,60,26,하행,중명1리,2532.7,2026-05-12
연일1,농협-터미널-자명1-인주,농협포항시지부행,인주리행,자명1리행,32,22824,60,27,하행,중명2리,569.8,2026-05-12
연일1,농협-터미널-자명1-인주,농협포항시지부행,인주리행,자명1리행,32,22824,60,28,하행,중단2리,1181.2,2026-05-12
연일1,농협-터미널-자명1-인주,농협포항시지부행,인주리행,자명1리행,32,22824,60,29,하행,택전2리,692.6,2026-05-12
연일1,농협-터미널-자명1-인주,농협포항시지부행,인주리행,자명1리행,32,22824,60,30,하행,청솔1차,204.8,2026-05-12
연일1,농협-터미널-자명1-인주,농협포항시지부행,인주리행,자명1리행,32,22824,60,31,하행,청솔2차,222.7,2026-05-12
연일1,농협-터미널-자명1-인주,농협포항시지부행,인주리행,자명1리행,32,22824,60,32,하행,인주리마을회관,1847.5,2026-05-12
연일1,연일-중명-터미널-달전-농협,연일행,농협포항시지부행,시외버스터미널행,66,42661,60,1,상행,연일읍행정복지센터,0,2026-05-12
연일1,연일-중명-터미널-달전-농협,연일행,농협포항시지부행,시외버스터미널행,66,42661,60,2,상행,인주리,1282.1,2026-05-12
연일1,연일-중명-터미널-달전-농협,연일행,농협포항시지부행,시외버스터미널행,66,42661,60,3,상행,인주리마을회관,474.1,2026-05-12
연일1,연일-중명-터미널-달전-농협,연일행,농협포항시지부행,시외버스터미널행,66,42661,60,4,상행,인주리,376.9,2026-05-12
연일1,연일-중명-터미널-달전-농협,연일행,농협포항시지부행,시외버스터미널행,66,42661,60,5,상행,청솔2차,1322.4,2026-05-12
연일1,연일-중명-터미널-달전-농협,연일행,농협포항시지부행,시외버스터미널행,66,42661,60,6,상행,청솔1차,226.7,2026-05-12
연일1,연일-중명-터미널-달전-농협,연일행,농협포항시지부행,시외버스터미널행,66,42661,60,7,상행,택전2리,206.8,2026-05-12
연일1,연일-중명-터미널-달전-농협,연일행,농협포항시지부행,시외버스터미널행,66,42661,60,8,상행,중단2리,726.3,2026-05-12
연일1,연일-중명-터미널-달전-농협,연일행,농협포항시지부행,시외버스터미널행,66,42661,60,9,상행,중명2리,1189.7,2026-05-12
연일1,연일-중명-터미널-달전-농협,연일행,농협포항시지부행,시외버스터미널행,66,42661,60,10,상행,중명1리,531.2,2026-05-12
연일1,연일-중명-터미널-달전-농협,연일행,농협포항시지부행,시외버스터미널행,66,42661,60,11,상행,중명2리,578.8,2026-05-12
연일1,연일-중명-터미널-달전-농협,연일행,농협포항시지부행,시외버스터미널행,66,42661,60,12,상행,중단2리,1181.2,2026-05-12
연일1,연일-중명-터미널-달전-농협,연일행,농협포항시지부행,시외버스터미널행,66,42661,60,13,상행,택전2리,692.6,2026-05-12
연일1,연일-중명-터미널-달전-농협,연일행,농협포항시지부행,시외버스터미널행,66,42661,60,14,상행,청솔1차,204.8,2026-05-12
연일1,연일-중명-터미널-달전-농협,연일행,농협포항시지부행,시외버스터미널행,66,42661,60,15,상행,청솔2차,222.7,2026-05-12
연일1,연일-중명-터미널-달전-농협,연일행,농협포항시지부행,시외버스터미널행,66,42661,60,16,상행,동해주유소,1181.9,2026-05-12
연일1,연일-중명-터미널-달전-농협,연일행,농협포항시지부행,시외버스터미널행,66,42661,60,17,상행,경북자동차학원,479.2,2026-05-12
연일1,연일-중명-터미널-달전-농협,연일행,농협포항시지부행,시외버스터미널행,66,42661,60,18,상행,포항남부경찰서,1101.7,2026-05-12
연일1,연일-중명-터미널-달전-농협,연일행,농협포항시지부행,시외버스터미널행,66,42661,60,19,하행,시외버스터미널,728.9,2026-05-12
연일1,연일-중명-터미널-달전-농협,연일행,농협포항시지부행,시외버스터미널행,66,42661,60,20,하행,교보생명,257.2,2026-05-12
연일1,연일-중명-터미널-달전-농협,연일행,농협포항시지부행,시외버스터미널행,66,42661,60,21,하행,산업은행,382.1,2026-05-12
연일1,연일-중명-터미널-달전-농협,연일행,농협포항시지부행,시외버스터미널행,66,42661,60,22,하행,고용복지플러스센터,644.9,2026-05-12
연일1,연일-중명-터미널-달전-농협,연일행,농협포항시지부행,시외버스터미널행,66,42661,60,23,하행,GS슈퍼마켓,351.9,2026-05-12
연일1,연일-중명-터미널-달전-농협,연일행,농협포항시지부행,시외버스터미널행,66,42661,60,24,하행,죽도파출소,352.5,2026-05-12
연일1,연일-중명-터미널-달전-농협,연일행,농협포항시지부행,시외버스터미널행,66,42661,60,25,하행,홈플러스(오거리),351.7,2026-05-12
연일1,연일-중명-터미널-달전-농협,연일행,농협포항시지부행,시외버스터미널행,66,42661,60,26,하행,농협포항시지부,476,2026-05-12
연일1,연일-중명-터미널-달전-농협,연일행,농협포항시지부행,시외버스터미널행,66,42661,60,27,하행,구포항역,310.1,2026-05-12
연일1,연일-중명-터미널-달전-농협,연일행,농협포항시지부행,시외버스터미널행,66,42661,60,28,하행,용흥종합시장,313.5,2026-05-12
연일1,연일-중명-터미널-달전-농협,연일행,농협포항시지부행,시외버스터미널행,66,42661,60,29,하행,용흥동행정복지센터,188.7,2026-05-12
연일1,연일-중명-터미널-달전-농협,연일행,농협포항시지부행,시외버스터미널행,66,42661,60,30,하행,한라맨션1차,243.8,2026-05-12
연일1,연일-중명-터미널-달전-농협,연일행,농협포항시지부행,시외버스터미널행,66,42661,60,31,하행,한라맨션2차,647.1,2026-05-12
연일1,연일-중명-터미널-달전-농협,연일행,농협포항시지부행,시외버스터미널행,66,42661,60,32,하행,포항제일교회,452.3,2026-05-12
연일1,연일-중명-터미널-달전-농협,연일행,농협포항시지부행,시외버스터미널행,66,42661,60,33,하행,대련삼거리,1844,2026-05-12
연일1,연일-중명-터미널-달전-농협,연일행,농협포항시지부행,시외버스터미널행,66,42661,60,34,하행,대련리입구,416.8,2026-05-12
연일1,연일-중명-터미널-달전-농협,연일행,농협포항시지부행,시외버스터미널행,66,42661,60,35,하행,송학,2336.5,2026-05-12
연일1,연일-중명-터미널-달전-농협,연일행,농협포항시지부행,시외버스터미널행,66,42661,60,36,하행,송학,401.6,2026-05-12
연일1,연일-중명-터미널-달전-농협,연일행,농협포항시지부행,시외버스터미널행,66,42661,60,37,하행,달전,648.8,2026-05-12
연일1,연일-중명-터미널-달전-농협,연일행,농협포항시지부행,시외버스터미널행,66,42661,60,38,하행,진세미골,1254.9,2026-05-12
연일1,연일-중명-터미널-달전-농협,연일행,농협포항시지부행,시외버스터미널행,66,42661,60,39,하행,자명식당,357.4,2026-05-12
연일1,연일-중명-터미널-달전-농협,연일행,농협포항시지부행,시외버스터미널행,66,42661,60,40,하행,학전교,539.6,2026-05-12
연일1,연일-중명-터미널-달전-농협,연일행,농협포항시지부행,시외버스터미널행,66,42661,60,41,하행,학전리,501.2,2026-05-12
연일1,연일-중명-터미널-달전-농협,연일행,농협포항시지부행,시외버스터미널행,66,42661,60,42,하행,자명초등학교,482.2,2026-05-12
연일1,연일-중명-터미널-달전-농협,연일행,농협포항시지부행,시외버스터미널행,66,42661,60,43,하행,자명1리,547.1,2026-05-12
연일1,연일-중명-터미널-달전-농협,연일행,농협포항시지부행,시외버스터미널행,66,42661,60,44,하행,자명2리,650.5,2026-05-12
연일1,연일-중명-터미널-달전-농협,연일행,농협포항시지부행,시외버스터미널행,66,42661,60,45,하행,자명LPG충전소,357,2026-05-12
연일1,연일-중명-터미널-달전-농협,연일행,농협포항시지부행,시외버스터미널행,66,42661,60,46,하행,유강1리,599.6,2026-05-12
연일1,연일-중명-터미널-달전-농협,연일행,농협포항시지부행,시외버스터미널행,66,42661,60,47,하행,중명1리,2532.7,2026-05-12
연일1,연일-중명-터미널-달전-농협,연일행,농협포항시지부행,시외버스터미널행,66,42661,60,48,하행,중명2리,569.8,2026-05-12
연일1,연일-중명-터미널-달전-농협,연일행,농협포항시지부행,시외버스터미널행,66,42661,60,49,하행,중단2리,1181.2,2026-05-12
연일1,연일-중명-터미널-달전-농협,연일행,농협포항시지부행,시외버스터미널행,66,42661,60,50,하행,택전2리,692.6,2026-05-12
연일1,연일-중명-터미널-달전-농협,연일행,농협포항시지부행,시외버스터미널행,66,42661,60,51,하행,청솔1차,204.8,2026-05-12
연일1,연일-중명-터미널-달전-농협,연일행,농협포항시지부행,시외버스터미널행,66,42661,60,52,하행,청솔2차,222.7,2026-05-12
연일1,연일-중명-터미널-달전-농협,연일행,농협포항시지부행,시외버스터미널행,66,42661,60,53,하행,인주리,1373.4,2026-05-12
연일1,연일-중명-터미널-달전-농협,연일행,농협포항시지부행,시외버스터미널행,66,42661,60,54,하행,인주리마을회관,474.1,2026-05-12
연일1,연일-중명-터미널-달전-농협,연일행,농협포항시지부행,시외버스터미널행,66,42661,60,55,하행,인주리,376.9,2026-05-12
연일1,연일-중명-터미널-달전-농협,연일행,농협포항시지부행,시외버스터미널행,66,42661,60,56,하행,동해주유소,1080.2,2026-05-12
연일1,연일-중명-터미널-달전-농협,연일행,농협포항시지부행,시외버스터미널행,66,42661,60,57,하행,경북자동차학원,479.2,2026-05-12
연일1,연일-중명-터미널-달전-농협,연일행,농협포항시지부행,시외버스터미널행,66,42661,60,58,하행,포항남부경찰서,1101.7,2026-05-12
연일1,연일-중명-터미널-달전-농협,연일행,농협포항시지부행,시외버스터미널행,66,42661,60,59,하행,시외버스터미널,728.9,2026-05-12
연일1,연일-중명-터미널-달전-농협,연일행,농협포항시지부행,시외버스터미널행,66,42661,60,60,하행,교보생명,257.2,2026-05-12
연일1,연일-중명-터미널-달전-농협,연일행,농협포항시지부행,시외버스터미널행,66,42661,60,61,하행,산업은행,382.1,2026-05-12
연일1,연일-중명-터미널-달전-농협,연일행,농협포항시지부행,시외버스터미널행,66,42661,60,62,하행,고용복지플러스센터,644.9,2026-05-12
연일1,연일-중명-터미널-달전-농협,연일행,농협포항시지부행,시외버스터미널행,66,42661,60,63,하행,GS슈퍼마켓,351.9,2026-05-12
연일1,연일-중명-터미널-달전-농협,연일행,농협포항시지부행,시외버스터미널행,66,42661,60,64,하행,죽도파출소,352.5,2026-05-12
연일1,연일-중명-터미널-달전-농협,연일행,농협포항시지부행,시외버스터미널행,66,42661,60,65,하행,홈플러스(오거리),351.7,2026-05-12
연일1,연일-중명-터미널-달전-농협,연일행,농협포항시지부행,시외버스터미널행,66,42661,60,66,하행,농협포항시지부,476,2026-05-12
연일1,인주-달전-터미널-인주-농협,인주리행,농협포항시지부행,,69,41201,60,1,상행,인주리마을회관,0,2026-05-12
연일1,인주-달전-터미널-인주-농협,인주리행,농협포항시지부행,,69,41201,60,2,상행,인주리,376.9,2026-05-12
연일1,인주-달전-터미널-인주-농협,인주리행,농협포항시지부행,,69,41201,60,3,상행,청솔2차,1322.4,2026-05-12
연일1,인주-달전-터미널-인주-농협,인주리행,농협포항시지부행,,69,41201,60,4,상행,청솔1차,226.7,2026-05-12
연일1,인주-달전-터미널-인주-농협,인주리행,농협포항시지부행,,69,41201,60,5,상행,택전2리,206.8,2026-05-12
연일1,인주-달전-터미널-인주-농협,인주리행,농협포항시지부행,,69,41201,60,6,상행,중단2리,726.3,2026-05-12
연일1,인주-달전-터미널-인주-농협,인주리행,농협포항시지부행,,69,41201,60,7,상행,중명2리,1189.7,2026-05-12
연일1,인주-달전-터미널-인주-농협,인주리행,농협포항시지부행,,69,41201,60,8,상행,중명1리,531.2,2026-05-12
연일1,인주-달전-터미널-인주-농협,인주리행,농협포항시지부행,,69,41201,60,9,상행,유강1리,2424,2026-05-12
연일1,인주-달전-터미널-인주-농협,인주리행,농협포항시지부행,,69,41201,60,10,상행,자명LPG충전소,599.4,2026-05-12
연일1,인주-달전-터미널-인주-농협,인주리행,농협포항시지부행,,69,41201,60,11,상행,자명2리,340.5,2026-05-12
연일1,인주-달전-터미널-인주-농협,인주리행,농협포항시지부행,,69,41201,60,12,상행,자명1리마을회관,1004.6,2026-05-12
연일1,인주-달전-터미널-인주-농협,인주리행,농협포항시지부행,,69,41201,60,13,상행,자명1리,199.4,2026-05-12
연일1,인주-달전-터미널-인주-농협,인주리행,농협포항시지부행,,69,41201,60,14,상행,자명초등학교,571.1,2026-05-12
연일1,인주-달전-터미널-인주-농협,인주리행,농협포항시지부행,,69,41201,60,15,상행,학전리,474,2026-05-12
연일1,인주-달전-터미널-인주-농협,인주리행,농협포항시지부행,,69,41201,60,16,상행,학전교,488.7,2026-05-12
연일1,인주-달전-터미널-인주-농협,인주리행,농협포항시지부행,,69,41201,60,17,상행,자명식당,557.1,2026-05-12
연일1,인주-달전-터미널-인주-농협,인주리행,농협포항시지부행,,69,41201,60,18,상행,진세미골,372.1,2026-05-12
연일1,인주-달전-터미널-인주-농협,인주리행,농협포항시지부행,,69,41201,60,19,상행,달전,1215.1,2026-05-12
연일1,인주-달전-터미널-인주-농협,인주리행,농협포항시지부행,,69,41201,60,20,상행,송학,668.5,2026-05-12
연일1,인주-달전-터미널-인주-농협,인주리행,농협포항시지부행,,69,41201,60,21,상행,송학,323.4,2026-05-12
연일1,인주-달전-터미널-인주-농협,인주리행,농협포항시지부행,,69,41201,60,22,상행,대련리입구,2460.6,2026-05-12
연일1,인주-달전-터미널-인주-농협,인주리행,농협포항시지부행,,69,41201,60,23,상행,대련삼거리,465.8,2026-05-12
연일1,인주-달전-터미널-인주-농협,인주리행,농협포항시지부행,,69,41201,60,24,상행,포항제일교회,1721.9,2026-05-12
연일1,인주-달전-터미널-인주-농협,인주리행,농협포항시지부행,,69,41201,60,25,상행,한라맨션 인근,235.5,2026-05-12
연일1,인주-달전-터미널-인주-농협,인주리행,농협포항시지부행,,69,41201,60,26,상행,한라맨션2차,241.9,2026-05-12
연일1,인주-달전-터미널-인주-농협,인주리행,농협포항시지부행,,69,41201,60,27,상행,한라맨션1차,567.9,2026-05-12
연일1,인주-달전-터미널-인주-농협,인주리행,농협포항시지부행,,69,41201,60,28,상행,용흥동행정복지센터,328.1,2026-05-12
연일1,인주-달전-터미널-인주-농협,인주리행,농협포항시지부행,,69,41201,60,29,상행,용흥종합시장,160.6,2026-05-12
연일1,인주-달전-터미널-인주-농협,인주리행,농협포항시지부행,,69,41201,60,30,상행,구포항역,307.2,2026-05-12
연일1,인주-달전-터미널-인주-농협,인주리행,농협포항시지부행,,69,41201,60,31,상행,농협포항시지부,337,2026-05-12
연일1,인주-달전-터미널-인주-농협,인주리행,농협포항시지부행,,69,41201,60,32,상행,홈플러스,421.5,2026-05-12
연일1,인주-달전-터미널-인주-농협,인주리행,농협포항시지부행,,69,41201,60,33,상행,죽도파출소,377.9,2026-05-12
연일1,인주-달전-터미널-인주-농협,인주리행,농협포항시지부행,,69,41201,60,34,상행,GS슈퍼마켓,365.7,2026-05-12
연일1,인주-달전-터미널-인주-농협,인주리행,농협포항시지부행,,69,41201,60,35,상행,고용복지플러스센터,352.3,2026-05-12
연일1,인주-달전-터미널-인주-농협,인주리행,농협포항시지부행,,69,41201,60,36,상행,산업은행,696.5,2026-05-12
연일1,인주-달전-터미널-인주-농협,인주리행,농협포항시지부행,,69,41201,60,37,상행,교보생명,271.3,2026-05-12
연일1,인주-달전-터미널-인주-농협,인주리행,농협포항시지부행,,69,41201,60,38,상행,시외버스터미널,320.4,2026-05-12
연일1,인주-달전-터미널-인주-농협,인주리행,농협포항시지부행,,69,41201,60,39,상행,상도코아루,647.6,2026-05-12
연일1,인주-달전-터미널-인주-농협,인주리행,농협포항시지부행,,69,41201,60,40,상행,포항남부경찰서,344,2026-05-12
연일1,인주-달전-터미널-인주-농협,인주리행,농협포항시지부행,,69,41201,60,41,상행,경북자동차학원,699,2026-05-12
연일1,인주-달전-터미널-인주-농협,인주리행,농협포항시지부행,,69,41201,60,42,상행,연일우체국,271.7,2026-05-12
연일1,인주-달전-터미널-인주-농협,인주리행,농협포항시지부행,,69,41201,60,43,상행,택전삼거리,450.9,2026-05-12
연일1,인주-달전-터미널-인주-농협,인주리행,농협포항시지부행,,69,41201,60,44,상행,청솔2차,904.1,2026-05-12
연일1,인주-달전-터미널-인주-농협,인주리행,농협포항시지부행,,69,41201,60,45,상행,청솔1차,226.7,2026-05-12
연일1,인주-달전-터미널-인주-농협,인주리행,농협포항시지부행,,69,41201,60,46,상행,택전2리,206.8,2026-05-12
연일1,인주-달전-터미널-인주-농협,인주리행,농협포항시지부행,,69,41201,60,47,상행,중단2리,726.3,2026-05-12
연일1,인주-달전-터미널-인주-농협,인주리행,농협포항시지부행,,69,41201,60,48,상행,중명2리,1189.7,2026-05-12
연일1,인주-달전-터미널-인주-농협,인주리행,농협포항시지부행,,69,41201,60,49,상행,중명1리,531.2,2026-05-12
연일1,인주-달전-터미널-인주-농협,인주리행,농협포항시지부행,,69,41201,60,50,상행,중명1리,141,2026-05-12
연일1,인주-달전-터미널-인주-농협,인주리행,농협포항시지부행,,69,41201,60,51,상행,중명2리,569.8,2026-05-12
연일1,인주-달전-터미널-인주-농협,인주리행,농협포항시지부행,,69,41201,60,52,상행,중단2리,1181.2,2026-05-12
연일1,인주-달전-터미널-인주-농협,인주리행,농협포항시지부행,,69,41201,60,53,상행,택전2리,692.6,2026-05-12
연일1,인주-달전-터미널-인주-농협,인주리행,농협포항시지부행,,69,41201,60,54,상행,청솔1차,204.8,2026-05-12
연일1,인주-달전-터미널-인주-농협,인주리행,농협포항시지부행,,69,41201,60,55,상행,청솔2차,222.7,2026-05-12
연일1,인주-달전-터미널-인주-농협,인주리행,농협포항시지부행,,69,41201,60,56,상행,인주리,1373.4,2026-05-12
연일1,인주-달전-터미널-인주-농협,인주리행,농협포항시지부행,,69,41201,60,57,상행,인주리마을회관,474.1,2026-05-12
연일1,인주-달전-터미널-인주-농협,인주리행,농협포항시지부행,,69,41201,60,58,상행,인주리,376.9,2026-05-12
연일1,인주-달전-터미널-인주-농협,인주리행,농협포항시지부행,,69,41201,60,59,상행,동해주유소,1080.2,2026-05-12
연일1,인주-달전-터미널-인주-농협,인주리행,농협포항시지부행,,69,41201,60,60,상행,경북자동차학원,479.2,2026-05-12
연일1,인주-달전-터미널-인주-농협,인주리행,농협포항시지부행,,69,41201,60,61,상행,포항남부경찰서,1101.7,2026-05-12
연일1,인주-달전-터미널-인주-농협,인주리행,농협포항시지부행,,69,41201,60,62,상행,시외버스터미널,728.9,2026-05-12
연일1,인주-달전-터미널-인주-농협,인주리행,농협포항시지부행,,69,41201,60,63,상행,교보생명,257.2,2026-05-12
연일1,인주-달전-터미널-인주-농협,인주리행,농협포항시지부행,,69,41201,60,64,상행,산업은행,382.1,2026-05-12
연일1,인주-달전-터미널-인주-농협,인주리행,농협포항시지부행,,69,41201,60,65,상행,고용복지플러스센터,644.9,2026-05-12
연일1,인주-달전-터미널-인주-농협,인주리행,농협포항시지부행,,69,41201,60,66,상행,GS슈퍼마켓,351.9,2026-05-12
연일1,인주-달전-터미널-인주-농협,인주리행,농협포항시지부행,,69,41201,60,67,상행,죽도파출소,352.5,2026-05-12
연일1,인주-달전-터미널-인주-농협,인주리행,농협포항시지부행,,69,41201,60,68,상행,홈플러스(오거리),351.7,2026-05-12
연일1,인주-달전-터미널-인주-농협,인주리행,농협포항시지부행,,69,41201,60,69,상행,농협포항시지부,476,2026-05-12
오천1,배정-방산2-산서-새터-장기,배정리행,방산2리행,,20,14680,60,1,상행,배정리,0,2026-05-12
오천1,배정-방산2-산서-새터-장기,배정리행,방산2리행,,20,14680,60,2,상행,방산2리마을회관,2336.3,2026-05-12
오천1,배정-방산2-산서-새터-장기,배정리행,방산2리행,,20,14680,60,3,상행,방산2리,913.7,2026-05-12
오천1,배정-방산2-산서-새터-장기,배정리행,방산2리행,,20,14680,60,4,상행,방산1리,1048.8,2026-05-12
오천1,배정-방산2-산서-새터-장기,배정리행,방산2리행,,20,14680,60,5,상행,봉덕서원,343.4,2026-05-12
오천1,배정-방산2-산서-새터-장기,배정리행,방산2리행,,20,14680,60,6,상행,방산교,512.4,2026-05-12
오천1,배정-방산2-산서-새터-장기,배정리행,방산2리행,,20,14680,60,7,상행,산서입구,619.3,2026-05-12
오천1,배정-방산2-산서-새터-장기,배정리행,방산2리행,,20,14680,60,8,상행,산서유락원,501.8,2026-05-12
오천1,배정-방산2-산서-새터-장기,배정리행,방산2리행,,20,14680,60,9,상행,산서리,442,2026-05-12
오천1,배정-방산2-산서-새터-장기,배정리행,방산2리행,,20,14680,60,10,상행,산서리목녹골,462.9,2026-05-12
오천1,배정-방산2-산서-새터-장기,배정리행,방산2리행,,20,14680,60,11,상행,산서리새터마을,845.7,2026-05-12
오천1,배정-방산2-산서-새터-장기,배정리행,방산2리행,,20,14680,60,12,상행,산서리서두리골,860,2026-05-12
오천1,배정-방산2-산서-새터-장기,배정리행,방산2리행,,20,14680,60,13,상행,산서리,470.5,2026-05-12
오천1,배정-방산2-산서-새터-장기,배정리행,방산2리행,,20,14680,60,14,상행,산서유락원,432.9,2026-05-12
오천1,배정-방산2-산서-새터-장기,배정리행,방산2리행,,20,14680,60,15,상행,산서입구,509.2,2026-05-12
오천1,배정-방산2-산서-새터-장기,배정리행,방산2리행,,20,14680,60,16,상행,원산리입구,406.9,2026-05-12
오천1,배정-방산2-산서-새터-장기,배정리행,방산2리행,,20,14680,60,17,상행,장기시장,1858.2,2026-05-12
오천1,배정-방산2-산서-새터-장기,배정리행,방산2리행,,20,14680,60,18,상행,장기교,462.6,2026-05-12
오천1,배정-방산2-산서-새터-장기,배정리행,방산2리행,,20,14680,60,19,상행,장기파출소,146.2,2026-05-12
오천1,배정-방산2-산서-새터-장기,배정리행,방산2리행,,20,14680,60,20,상행,장기면행정복지센터,157,2026-05-12
오천1,오천-광명리-오천,오천행,오천행,광명리행,9,6250,60,1,상행,오천환승센터(마을),0,2026-05-12
오천1,오천-광명리-오천,오천행,오천행,광명리행,9,6250,60,2,상행,오천읍행정복지센터,404.7,2026-05-12
오천1,오천-광명리-오천,오천행,오천행,광명리행,9,6250,60,3,상행,세계5리,863.7,2026-05-12
오천1,오천-광명리-오천,오천행,오천행,광명리행,9,6250,60,4,상행,광명리,1493.6,2026-05-12
오천1,오천-광명리-오천,오천행,오천행,광명리행,9,6250,60,5,하행,광명리마을회관,467.2,2026-05-12
오천1,오천-광명리-오천,오천행,오천행,광명리행,9,6250,60,6,하행,세계5리,1713.9,2026-05-12
오천1,오천-광명리-오천,오천행,오천행,광명리행,9,6250,60,7,하행,오천읍행정복지센터,370.2,2026-05-12
오천1,오천-광명리-오천,오천행,오천행,광명리행,9,6250,60,8,하행,오천읍행정복지센터,455.4,2026-05-12
오천1,오천-광명리-오천,오천행,오천행,광명리행,9,6250,60,9,하행,오천환승센터,324.7,2026-05-12
오천1,오천-문충-갈평-진전-갈평-오천,오천행,오천행,진전리행,29,22499,60,1,상행,오천환승센터(마을),0,2026-05-12
오천1,오천-문충-갈평-진전-갈평-오천,오천행,오천행,진전리행,29,22499,60,2,상행,오천읍행정복지센터,404.7,2026-05-12
오천1,오천-문충-갈평-진전-갈평-오천,오천행,오천행,진전리행,29,22499,60,3,상행,청호하이츠,575.8,2026-05-12
오천1,오천-문충-갈평-진전-갈평-오천,오천행,오천행,진전리행,29,22499,60,4,상행,문덕3리,460,2026-05-12
오천1,오천-문충-갈평-진전-갈평-오천,오천행,오천행,진전리행,29,22499,60,5,상행,신문덕코아루,344.7,2026-05-12
오천1,오천-문충-갈평-진전-갈평-오천,오천행,오천행,진전리행,29,22499,60,6,상행,천마아파트,300.3,2026-05-12
오천1,오천-문충-갈평-진전-갈평-오천,오천행,오천행,진전리행,29,22499,60,7,상행,포항아이파크아파트,249.5,2026-05-12
오천1,오천-문충-갈평-진전-갈평-오천,오천행,오천행,진전리행,29,22499,60,8,상행,용산2리,377.4,2026-05-12
오천1,오천-문충-갈평-진전-갈평-오천,오천행,오천행,진전리행,29,22499,60,9,상행,용산1리,731.3,2026-05-12
오천1,오천-문충-갈평-진전-갈평-오천,오천행,오천행,진전리행,29,22499,60,10,상행,용산아파트,315.2,2026-05-12
오천1,오천-문충-갈평-진전-갈평-오천,오천행,오천행,진전리행,29,22499,60,11,상행,문충리,506.4,2026-05-12
오천1,오천-문충-갈평-진전-갈평-오천,오천행,오천행,진전리행,29,22499,60,12,상행,갈평리,1910.5,2026-05-12
오천1,오천-문충-갈평-진전-갈평-오천,오천행,오천행,진전리행,29,22499,60,13,상행,원각사,449.6,2026-05-12
오천1,오천-문충-갈평-진전-갈평-오천,오천행,오천행,진전리행,29,22499,60,14,상행,음나무농장,1455.6,2026-05-12
오천1,오천-문충-갈평-진전-갈평-오천,오천행,오천행,진전리행,29,22499,60,15,하행,진전리,3173.1,2026-05-12
오천1,오천-문충-갈평-진전-갈평-오천,오천행,오천행,진전리행,29,22499,60,16,하행,음나무농장,3177.2,2026-05-12
오천1,오천-문충-갈평-진전-갈평-오천,오천행,오천행,진전리행,29,22499,60,17,하행,원각사,1369.5,2026-05-12
오천1,오천-문충-갈평-진전-갈평-오천,오천행,오천행,진전리행,29,22499,60,18,하행,갈평리,458,2026-05-12
오천1,오천-문충-갈평-진전-갈평-오천,오천행,오천행,진전리행,29,22499,60,19,하행,문충1리,1397.1,2026-05-12
오천1,오천-문충-갈평-진전-갈평-오천,오천행,오천행,진전리행,29,22499,60,20,하행,용산아파트,1035.2,2026-05-12
오천1,오천-문충-갈평-진전-갈평-오천,오천행,오천행,진전리행,29,22499,60,21,하행,용산1리,315.9,2026-05-12
오천1,오천-문충-갈평-진전-갈평-오천,오천행,오천행,진전리행,29,22499,60,22,하행,용산2리,718,2026-05-12
오천1,오천-문충-갈평-진전-갈평-오천,오천행,오천행,진전리행,29,22499,60,23,하행,포항아이파크아파트,353.8,2026-05-12
오천1,오천-문충-갈평-진전-갈평-오천,오천행,오천행,진전리행,29,22499,60,24,하행,천마아파트,283.3,2026-05-12
오천1,오천-문충-갈평-진전-갈평-오천,오천행,오천행,진전리행,29,22499,60,25,하행,신문덕코아루,250.6,2026-05-12
오천1,오천-문충-갈평-진전-갈평-오천,오천행,오천행,진전리행,29,22499,60,26,하행,문덕3리,396.1,2026-05-12
오천1,오천-문충-갈평-진전-갈평-오천,오천행,오천행,진전리행,29,22499,60,27,하행,청호하이츠,513.5,2026-05-12
오천1,오천-문충-갈평-진전-갈평-오천,오천행,오천행,진전리행,29,22499,60,28,하행,오천읍행정복지센터,495.4,2026-05-12
오천1,오천-문충-갈평-진전-갈평-오천,오천행,오천행,진전리행,29,22499,60,29,하행,오천환승센터,324.7,2026-05-12
오천1,오천-세계1리-오천,오천행,오천행,세계리행,11,3669,60,1,상행,오천환승센터(마을),0,2026-05-12
오천1,오천-세계1리-오천,오천행,오천행,세계리행,11,3669,60,2,상행,오천시장,117.4,2026-05-12
오천1,오천-세계1리-오천,오천행,오천행,세계리행,11,3669,60,3,상행,신흥중학교,665.9,2026-05-12
오천1,오천-세계1리-오천,오천행,오천행,세계리행,11,3669,60,4,상행,해병교,565.4,2026-05-12
오천1,오천-세계1리-오천,오천행,오천행,세계리행,11,3669,60,5,상행,해병대교육훈련단,254.9,2026-05-12
오천1,오천-세계1리-오천,오천행,오천행,세계리행,11,3669,60,6,하행,세계리,234.2,2026-05-12
오천1,오천-세계1리-오천,오천행,오천행,세계리행,11,3669,60,7,하행,세계교,257.6,2026-05-12
오천1,오천-세계1리-오천,오천행,오천행,세계리행,11,3669,60,8,하행,해병대교육훈련단,243,2026-05-12
오천1,오천-세계1리-오천,오천행,오천행,세계리행,11,3669,60,9,하행,신흥중학교,507.9,2026-05-12
오천1,오천-세계1리-오천,오천행,오천행,세계리행,11,3669,60,10,하행,오천시장,610.3,2026-05-12
오천1,오천-세계1리-오천,오천행,오천행,세계리행,11,3669,60,11,하행,오천환승센터(마을),135.9,2026-05-12
오천1,오천-오어사-오천,오천행,오천행,오어사행,27,12789,60,1,상행,오천환승센터(마을),0,2026-05-12
오천1,오천-오어사-오천,오천행,오천행,오어사행,27,12789,60,2,상행,오천읍행정복지센터,404.7,2026-05-12
오천1,오천-오어사-오천,오천행,오천행,오어사행,27,12789,60,3,상행,청호하이츠,575.8,2026-05-12
오천1,오천-오어사-오천,오천행,오천행,오어사행,27,12789,60,4,상행,문덕3리,460,2026-05-12
오천1,오천-오어사-오천,오천행,오천행,오어사행,27,12789,60,5,상행,신문덕코아루,344.7,2026-05-12
오천1,오천-오어사-오천,오천행,오천행,오어사행,27,12789,60,6,상행,천마아파트,300.3,2026-05-12
오천1,오천-오어사-오천,오천행,오천행,오어사행,27,12789,60,7,상행,포항아이파크아파트,249.5,2026-05-12
오천1,오천-오어사-오천,오천행,오천행,오어사행,27,12789,60,8,상행,용산2리,377.4,2026-05-12
오천1,오천-오어사-오천,오천행,오천행,오어사행,27,12789,60,9,상행,용산1리,731.3,2026-05-12
오천1,오천-오어사-오천,오천행,오천행,오어사행,27,12789,60,10,상행,용산아파트,315.2,2026-05-12
오천1,오천-오어사-오천,오천행,오천행,오어사행,27,12789,60,11,상행,문충삼거리,522.8,2026-05-12
오천1,오천-오어사-오천,오천행,오천행,오어사행,27,12789,60,12,상행,문충2리,162,2026-05-12
오천1,오천-오어사-오천,오천행,오천행,오어사행,27,12789,60,13,상행,안항사,1493.7,2026-05-12
오천1,오천-오어사-오천,오천행,오천행,오어사행,27,12789,60,14,하행,오어사,401.3,2026-05-12
오천1,오천-오어사-오천,오천행,오천행,오어사행,27,12789,60,15,하행,안항사,439.1,2026-05-12
오천1,오천-오어사-오천,오천행,오천행,오어사행,27,12789,60,16,하행,문충2리,1312.5,2026-05-12
오천1,오천-오어사-오천,오천행,오천행,오어사행,27,12789,60,17,하행,문충삼거리,367.7,2026-05-12
오천1,오천-오어사-오천,오천행,오천행,오어사행,27,12789,60,18,하행,용산아파트,523.5,2026-05-12
오천1,오천-오어사-오천,오천행,오천행,오어사행,27,12789,60,19,하행,용산1리,315.9,2026-05-12
오천1,오천-오어사-오천,오천행,오천행,오어사행,27,12789,60,20,하행,용산2리,718,2026-05-12
오천1,오천-오어사-오천,오천행,오천행,오어사행,27,12789,60,21,하행,포항아이파크아파트,353.8,2026-05-12
오천1,오천-오어사-오천,오천행,오천행,오어사행,27,12789,60,22,하행,천마아파트,283.3,2026-05-12
오천1,오천-오어사-오천,오천행,오천행,오어사행,27,12789,60,23,하행,신문덕코아루,250.6,2026-05-12
오천1,오천-오어사-오천,오천행,오천행,오어사행,27,12789,60,24,하행,문덕3리,396.1,2026-05-12
오천1,오천-오어사-오천,오천행,오천행,오어사행,27,12789,60,25,하행,청호하이츠,513.5,2026-05-12
오천1,오천-오어사-오천,오천행,오천행,오어사행,27,12789,60,26,하행,오천읍행정복지센터,495.4,2026-05-12
오천1,오천-오어사-오천,오천행,오천행,오어사행,27,12789,60,27,하행,오천환승센터,324.7,2026-05-12
오천1,오천-오어사-항사-오천,오천행,오천행,오어사행,28,16501,60,1,상행,오천환승센터(마을),0,2026-05-12
오천1,오천-오어사-항사-오천,오천행,오천행,오어사행,28,16501,60,2,상행,오천읍행정복지센터,404.7,2026-05-12
오천1,오천-오어사-항사-오천,오천행,오천행,오어사행,28,16501,60,3,상행,청호하이츠,575.8,2026-05-12
오천1,오천-오어사-항사-오천,오천행,오천행,오어사행,28,16501,60,4,상행,문덕3리,460,2026-05-12
오천1,오천-오어사-항사-오천,오천행,오천행,오어사행,28,16501,60,5,상행,신문덕코아루,344.7,2026-05-12
오천1,오천-오어사-항사-오천,오천행,오천행,오어사행,28,16501,60,6,상행,천마아파트,300.3,2026-05-12
오천1,오천-오어사-항사-오천,오천행,오천행,오어사행,28,16501,60,7,상행,포항아이파크아파트,249.5,2026-05-12
오천1,오천-오어사-항사-오천,오천행,오천행,오어사행,28,16501,60,8,상행,용산2리,377.4,2026-05-12
오천1,오천-오어사-항사-오천,오천행,오천행,오어사행,28,16501,60,9,상행,용산1리,731.3,2026-05-12
오천1,오천-오어사-항사-오천,오천행,오천행,오어사행,28,16501,60,10,상행,용산아파트,315.2,2026-05-12
오천1,오천-오어사-항사-오천,오천행,오천행,오어사행,28,16501,60,11,상행,문충삼거리,522.8,2026-05-12
오천1,오천-오어사-항사-오천,오천행,오천행,오어사행,28,16501,60,12,상행,문충2리,162,2026-05-12
오천1,오천-오어사-항사-오천,오천행,오천행,오어사행,28,16501,60,13,상행,안항사,1493.7,2026-05-12
오천1,오천-오어사-항사-오천,오천행,오천행,오어사행,28,16501,60,14,하행,오어사,401.3,2026-05-12
오천1,오천-오어사-항사-오천,오천행,오천행,오어사행,28,16501,60,15,하행,안항사,439.1,2026-05-12
오천1,오천-오어사-항사-오천,오천행,오천행,오어사행,28,16501,60,16,하행,오어지둘레길,1872.6,2026-05-12
오천1,오천-오어사-항사-오천,오천행,오천행,오어사행,28,16501,60,17,하행,문충2리,3152.2,2026-05-12
오천1,오천-오어사-항사-오천,오천행,오천행,오어사행,28,16501,60,18,하행,문충삼거리,367.7,2026-05-12
오천1,오천-오어사-항사-오천,오천행,오천행,오어사행,28,16501,60,19,하행,용산아파트,523.5,2026-05-12
오천1,오천-오어사-항사-오천,오천행,오천행,오어사행,28,16501,60,20,하행,용산1리,315.9,2026-05-12
오천1,오천-오어사-항사-오천,오천행,오천행,오어사행,28,16501,60,21,하행,용산2리,718,2026-05-12
오천1,오천-오어사-항사-오천,오천행,오천행,오어사행,28,16501,60,22,하행,포항아이파크아파트,353.8,2026-05-12
오천1,오천-오어사-항사-오천,오천행,오천행,오어사행,28,16501,60,23,하행,천마아파트,283.3,2026-05-12
오천1,오천-오어사-항사-오천,오천행,오천행,오어사행,28,16501,60,24,하행,신문덕코아루,250.6,2026-05-12
오천1,오천-오어사-항사-오천,오천행,오천행,오어사행,28,16501,60,25,하행,문덕3리,396.1,2026-05-12
오천1,오천-오어사-항사-오천,오천행,오천행,오어사행,28,16501,60,26,하행,청호하이츠,513.5,2026-05-12
오천1,오천-오어사-항사-오천,오천행,오천행,오어사행,28,16501,60,27,하행,오천읍행정복지센터,495.4,2026-05-12
오천1,오천-오어사-항사-오천,오천행,오천행,오어사행,28,16501,60,28,하행,오천환승센터,324.7,2026-05-12
오천1,오천-정천-장기-배정-방산-장기,오천행,일원문화공원행,배정리행,47,37721,60,1,상행,오천환승센터(마을),0,2026-05-12
오천1,오천-정천-장기-배정-방산-장기,오천행,일원문화공원행,배정리행,47,37721,60,2,상행,오천시장,117.4,2026-05-12
오천1,오천-정천-장기-배정-방산-장기,오천행,일원문화공원행,배정리행,47,37721,60,3,상행,신흥중학교,599.6,2026-05-12
오천1,오천-정천-장기-배정-방산-장기,오천행,일원문화공원행,배정리행,47,37721,60,4,상행,해병대교육훈련단,623.2,2026-05-12
오천1,오천-정천-장기-배정-방산-장기,오천행,일원문화공원행,배정리행,47,37721,60,5,상행,일월문화공원,475.1,2026-05-12
오천1,오천-정천-장기-배정-방산-장기,오천행,일원문화공원행,배정리행,47,37721,60,6,상행,세계2리,491.7,2026-05-12
오천1,오천-정천-장기-배정-방산-장기,오천행,일원문화공원행,배정리행,47,37721,60,7,상행,장승배기,698.6,2026-05-12
오천1,오천-정천-장기-배정-방산-장기,오천행,일원문화공원행,배정리행,47,37721,60,8,상행,정천리,1685.5,2026-05-12
오천1,오천-정천-장기-배정-방산-장기,오천행,일원문화공원행,배정리행,47,37721,60,9,상행,정천1리,678,2026-05-12
오천1,오천-정천-장기-배정-방산-장기,오천행,일원문화공원행,배정리행,47,37721,60,10,상행,하정리,905.2,2026-05-12
오천1,오천-정천-장기-배정-방산-장기,오천행,일원문화공원행,배정리행,47,37721,60,11,상행,정천2리,347.1,2026-05-12
오천1,오천-정천-장기-배정-방산-장기,오천행,일원문화공원행,배정리행,47,37721,60,12,상행,대곡리,2039,2026-05-12
오천1,오천-정천-장기-배정-방산-장기,오천행,일원문화공원행,배정리행,47,37721,60,13,상행,신계리,853.5,2026-05-12
오천1,오천-정천-장기-배정-방산-장기,오천행,일원문화공원행,배정리행,47,37721,60,14,상행,창지1리,362.3,2026-05-12
오천1,오천-정천-장기-배정-방산-장기,오천행,일원문화공원행,배정리행,47,37721,60,15,상행,창지2리,495.6,2026-05-12
오천1,오천-정천-장기-배정-방산-장기,오천행,일원문화공원행,배정리행,47,37721,60,16,상행,학곡리,619.9,2026-05-12
오천1,오천-정천-장기-배정-방산-장기,오천행,일원문화공원행,배정리행,47,37721,60,17,상행,금오리,583.1,2026-05-12
오천1,오천-정천-장기-배정-방산-장기,오천행,일원문화공원행,배정리행,47,37721,60,18,상행,서촌2리,1678.6,2026-05-12
오천1,오천-정천-장기-배정-방산-장기,오천행,일원문화공원행,배정리행,47,37721,60,19,상행,서촌1리,842.6,2026-05-12
오천1,오천-정천-장기-배정-방산-장기,오천행,일원문화공원행,배정리행,47,37721,60,20,상행,장기면행정복지센터,630.7,2026-05-12
오천1,오천-정천-장기-배정-방산-장기,오천행,일원문화공원행,배정리행,47,37721,60,21,상행,장기교,287.9,2026-05-12
오천1,오천-정천-장기-배정-방산-장기,오천행,일원문화공원행,배정리행,47,37721,60,22,상행,장기시장,489.8,2026-05-12
오천1,오천-정천-장기-배정-방산-장기,오천행,일원문화공원행,배정리행,47,37721,60,23,상행,원산리입구,1791.5,2026-05-12
오천1,오천-정천-장기-배정-방산-장기,오천행,일원문화공원행,배정리행,47,37721,60,24,상행,초롱구비마을,1414.1,2026-05-12
오천1,오천-정천-장기-배정-방산-장기,오천행,일원문화공원행,배정리행,47,37721,60,25,상행,초롱구비마을,127.6,2026-05-12
오천1,오천-정천-장기-배정-방산-장기,오천행,일원문화공원행,배정리행,47,37721,60,26,상행,산서입구,1810.6,2026-05-12
오천1,오천-정천-장기-배정-방산-장기,오천행,일원문화공원행,배정리행,47,37721,60,27,상행,산서유락원,501.8,2026-05-12
오천1,오천-정천-장기-배정-방산-장기,오천행,일원문화공원행,배정리행,47,37721,60,28,상행,산서리,442,2026-05-12
오천1,오천-정천-장기-배정-방산-장기,오천행,일원문화공원행,배정리행,47,37721,60,29,상행,산서리목녹골,462.9,2026-05-12
오천1,오천-정천-장기-배정-방산-장기,오천행,일원문화공원행,배정리행,47,37721,60,30,상행,산서리새터마을,845.7,2026-05-12
오천1,오천-정천-장기-배정-방산-장기,오천행,일원문화공원행,배정리행,47,37721,60,31,상행,산서리서두리골,860,2026-05-12
오천1,오천-정천-장기-배정-방산-장기,오천행,일원문화공원행,배정리행,47,37721,60,32,상행,산서리,470.5,2026-05-12
오천1,오천-정천-장기-배정-방산-장기,오천행,일원문화공원행,배정리행,47,37721,60,33,상행,산서유락원,432.9,2026-05-12
오천1,오천-정천-장기-배정-방산-장기,오천행,일원문화공원행,배정리행,47,37721,60,34,상행,산서입구,509.2,2026-05-12
오천1,오천-정천-장기-배정-방산-장기,오천행,일원문화공원행,배정리행,47,37721,60,35,상행,방산교,615.8,2026-05-12
오천1,오천-정천-장기-배정-방산-장기,오천행,일원문화공원행,배정리행,47,37721,60,36,상행,봉덕서원,520.2,2026-05-12
오천1,오천-정천-장기-배정-방산-장기,오천행,일원문화공원행,배정리행,47,37721,60,37,상행,방산1리,344.1,2026-05-12
오천1,오천-정천-장기-배정-방산-장기,오천행,일원문화공원행,배정리행,47,37721,60,38,상행,방산2리,1048.7,2026-05-12
오천1,오천-정천-장기-배정-방산-장기,오천행,일원문화공원행,배정리행,47,37721,60,39,하행,배정리,1338.3,2026-05-12
오천1,오천-정천-장기-배정-방산-장기,오천행,일원문화공원행,배정리행,47,37721,60,40,하행,방산2리마을회관,2336.3,2026-05-12
오천1,오천-정천-장기-배정-방산-장기,오천행,일원문화공원행,배정리행,47,37721,60,41,하행,방산2리,913.7,2026-05-12
오천1,오천-정천-장기-배정-방산-장기,오천행,일원문화공원행,배정리행,47,37721,60,42,하행,방산1리,1048.8,2026-05-12
오천1,오천-정천-장기-배정-방산-장기,오천행,일원문화공원행,배정리행,47,37721,60,43,하행,봉덕서원,343.4,2026-05-12
오천1,오천-정천-장기-배정-방산-장기,오천행,일원문화공원행,배정리행,47,37721,60,44,하행,방산교,512.4,2026-05-12
오천1,오천-정천-장기-배정-방산-장기,오천행,일원문화공원행,배정리행,47,37721,60,45,하행,원산리입구,961.6,2026-05-12
오천1,오천-정천-장기-배정-방산-장기,오천행,일원문화공원행,배정리행,47,37721,60,46,하행,장기시장,1858.2,2026-05-12
오천1,오천-정천-장기-배정-방산-장기,오천행,일원문화공원행,배정리행,47,37721,60,47,하행,장기교,462.6,2026-05-12
오천1,장기-금곡-신창-영암-신창-장기,장기행,장기행,영암1리행,19,13126,60,1,상행,장기교,0,2026-05-12
오천1,장기-금곡-신창-영암-신창-장기,장기행,장기행,영암1리행,19,13126,60,2,상행,장기파출소,146.2,2026-05-12
오천1,장기-금곡-신창-영암-신창-장기,장기행,장기행,영암1리행,19,13126,60,3,상행,금곡리,2077.7,2026-05-12
오천1,장기-금곡-신창-영암-신창-장기,장기행,장기행,영암1리행,19,13126,60,4,상행,금곡교,911.3,2026-05-12
오천1,장기-금곡-신창-영암-신창-장기,장기행,장기행,영암1리행,19,13126,60,5,상행,신창1리,343.2,2026-05-12
오천1,장기-금곡-신창-영암-신창-장기,장기행,장기행,영암1리행,19,13126,60,6,상행,신창해수욕장,342.8,2026-05-12
오천1,장기-금곡-신창-영암-신창-장기,장기행,장기행,영암1리행,19,13126,60,7,상행,신창해수욕장,37.7,2026-05-12
오천1,장기-금곡-신창-영암-신창-장기,장기행,장기행,영암1리행,19,13126,60,8,상행,신창1리,344.2,2026-05-12
오천1,장기-금곡-신창-영암-신창-장기,장기행,장기행,영암1리행,19,13126,60,9,상행,죽하,533.4,2026-05-12
오천1,장기-금곡-신창-영암-신창-장기,장기행,장기행,영암1리행,19,13126,60,10,상행,영암2리,1066.6,2026-05-12
오천1,장기-금곡-신창-영암-신창-장기,장기행,장기행,영암1리행,19,13126,60,11,하행,영암1리,803.4,2026-05-12
오천1,장기-금곡-신창-영암-신창-장기,장기행,장기행,영암1리행,19,13126,60,12,하행,죽하,1735.7,2026-05-12
오천1,장기-금곡-신창-영암-신창-장기,장기행,장기행,영암1리행,19,13126,60,13,하행,신창1리,526,2026-05-12
오천1,장기-금곡-신창-영암-신창-장기,장기행,장기행,영암1리행,19,13126,60,14,하행,신창해수욕장,342.8,2026-05-12
오천1,장기-금곡-신창-영암-신창-장기,장기행,장기행,영암1리행,19,13126,60,15,하행,신창해수욕장,37.7,2026-05-12
오천1,장기-금곡-신창-영암-신창-장기,장기행,장기행,영암1리행,19,13126,60,16,하행,신창1리,344.2,2026-05-12
오천1,장기-금곡-신창-영암-신창-장기,장기행,장기행,영암1리행,19,13126,60,17,하행,금곡교,336.1,2026-05-12
오천1,장기-금곡-신창-영암-신창-장기,장기행,장기행,영암1리행,19,13126,60,18,하행,금곡리,927.1,2026-05-12
오천1,장기-금곡-신창-영암-신창-장기,장기행,장기행,영암1리행,19,13126,60,19,하행,장기교,2206.6,2026-05-12
오천1,장기-금오-학계-모포-신창-장기,장기행,장기행,모포행,20,18874,60,1,상행,장기교,0,2026-05-12
오천1,장기-금오-학계-모포-신창-장기,장기행,장기행,모포행,20,18874,60,2,상행,장기파출소,146.2,2026-05-12
오천1,장기-금오-학계-모포-신창-장기,장기행,장기행,모포행,20,18874,60,3,상행,장기면행정복지센터,157,2026-05-12
오천1,장기-금오-학계-모포-신창-장기,장기행,장기행,모포행,20,18874,60,4,상행,서촌1리,683,2026-05-12
오천1,장기-금오-학계-모포-신창-장기,장기행,장기행,모포행,20,18874,60,5,상행,서촌2리,674.8,2026-05-12
오천1,장기-금오-학계-모포-신창-장기,장기행,장기행,모포행,20,18874,60,6,상행,금오리,1730.2,2026-05-12
오천1,장기-금오-학계-모포-신창-장기,장기행,장기행,모포행,20,18874,60,7,하행,모포2리,3793.7,2026-05-12
오천1,장기-금오-학계-모포-신창-장기,장기행,장기행,모포행,20,18874,60,8,하행,대진리,1762.5,2026-05-12
오천1,장기-금오-학계-모포-신창-장기,장기행,장기행,모포행,20,18874,60,9,하행,대진해수욕장,424.5,2026-05-12
오천1,장기-금오-학계-모포-신창-장기,장기행,장기행,모포행,20,18874,60,10,하행,영암3리,1246.7,2026-05-12
오천1,장기-금오-학계-모포-신창-장기,장기행,장기행,모포행,20,18874,60,11,하행,영암1리,1384.8,2026-05-12
오천1,장기-금오-학계-모포-신창-장기,장기행,장기행,모포행,20,18874,60,12,하행,죽하,685.3,2026-05-12
오천1,장기-금오-학계-모포-신창-장기,장기행,장기행,모포행,20,18874,60,13,하행,신창1리,526,2026-05-12
오천1,장기-금오-학계-모포-신창-장기,장기행,장기행,모포행,20,18874,60,14,하행,신창해수욕장,342.8,2026-05-12
오천1,장기-금오-학계-모포-신창-장기,장기행,장기행,모포행,20,18874,60,15,하행,신창해수욕장,37.7,2026-05-12
오천1,장기-금오-학계-모포-신창-장기,장기행,장기행,모포행,20,18874,60,16,하행,신창1리,344.2,2026-05-12
오천1,장기-금오-학계-모포-신창-장기,장기행,장기행,모포행,20,18874,60,17,하행,금곡교,336.1,2026-05-12
오천1,장기-금오-학계-모포-신창-장기,장기행,장기행,모포행,20,18874,60,18,하행,금곡리,927.1,2026-05-12
오천1,장기-금오-학계-모포-신창-장기,장기행,장기행,모포행,20,18874,60,19,하행,임중리,3135.1,2026-05-12
오천1,장기-금오-학계-모포-신창-장기,장기행,장기행,모포행,20,18874,60,20,하행,장기중학교,387.9,2026-05-12
오천1,장기-산서-배정-장기-정천-오천,장기행,오천행,배정리행,57,42210,60,1,상행,장기교,0,2026-05-12
오천1,장기-산서-배정-장기-정천-오천,장기행,오천행,배정리행,57,42210,60,2,상행,장기시장,489.8,2026-05-12
오천1,장기-산서-배정-장기-정천-오천,장기행,오천행,배정리행,57,42210,60,3,상행,원산리입구,1791.5,2026-05-12
오천1,장기-산서-배정-장기-정천-오천,장기행,오천행,배정리행,57,42210,60,4,상행,초롱구비마을,1414.1,2026-05-12
오천1,장기-산서-배정-장기-정천-오천,장기행,오천행,배정리행,57,42210,60,5,상행,초롱구비마을,127.6,2026-05-12
오천1,장기-산서-배정-장기-정천-오천,장기행,오천행,배정리행,57,42210,60,6,상행,산서입구,1810.6,2026-05-12
오천1,장기-산서-배정-장기-정천-오천,장기행,오천행,배정리행,57,42210,60,7,상행,산서유락원,501.8,2026-05-12
오천1,장기-산서-배정-장기-정천-오천,장기행,오천행,배정리행,57,42210,60,8,상행,산서리,442,2026-05-12
오천1,장기-산서-배정-장기-정천-오천,장기행,오천행,배정리행,57,42210,60,9,상행,산서리목녹골,462.9,2026-05-12
오천1,장기-산서-배정-장기-정천-오천,장기행,오천행,배정리행,57,42210,60,10,상행,산서리새터마을,845.7,2026-05-12
오천1,장기-산서-배정-장기-정천-오천,장기행,오천행,배정리행,57,42210,60,11,상행,산서리서두리골,860,2026-05-12
오천1,장기-산서-배정-장기-정천-오천,장기행,오천행,배정리행,57,42210,60,12,상행,산서리,470.5,2026-05-12
오천1,장기-산서-배정-장기-정천-오천,장기행,오천행,배정리행,57,42210,60,13,상행,산서유락원,432.9,2026-05-12
오천1,장기-산서-배정-장기-정천-오천,장기행,오천행,배정리행,57,42210,60,14,상행,산서입구,509.2,2026-05-12
오천1,장기-산서-배정-장기-정천-오천,장기행,오천행,배정리행,57,42210,60,15,상행,방산교,615.8,2026-05-12
오천1,장기-산서-배정-장기-정천-오천,장기행,오천행,배정리행,57,42210,60,16,상행,봉덕서원,520.2,2026-05-12
오천1,장기-산서-배정-장기-정천-오천,장기행,오천행,배정리행,57,42210,60,17,상행,방산1리,344.1,2026-05-12
오천1,장기-산서-배정-장기-정천-오천,장기행,오천행,배정리행,57,42210,60,18,상행,방산2리,1048.7,2026-05-12
오천1,장기-산서-배정-장기-정천-오천,장기행,오천행,배정리행,57,42210,60,19,하행,배정리,1338.3,2026-05-12
오천1,장기-산서-배정-장기-정천-오천,장기행,오천행,배정리행,57,42210,60,20,하행,방산2리마을회관,2336.3,2026-05-12
오천1,장기-산서-배정-장기-정천-오천,장기행,오천행,배정리행,57,42210,60,21,하행,방산2리,913.7,2026-05-12
오천1,장기-산서-배정-장기-정천-오천,장기행,오천행,배정리행,57,42210,60,22,하행,방산1리,1048.8,2026-05-12
오천1,장기-산서-배정-장기-정천-오천,장기행,오천행,배정리행,57,42210,60,23,하행,봉덕서원,343.4,2026-05-12
오천1,장기-산서-배정-장기-정천-오천,장기행,오천행,배정리행,57,42210,60,24,하행,방산교,512.4,2026-05-12
오천1,장기-산서-배정-장기-정천-오천,장기행,오천행,배정리행,57,42210,60,25,하행,산서입구,619.3,2026-05-12
오천1,장기-산서-배정-장기-정천-오천,장기행,오천행,배정리행,57,42210,60,26,하행,산서유락원,501.8,2026-05-12
오천1,장기-산서-배정-장기-정천-오천,장기행,오천행,배정리행,57,42210,60,27,하행,산서리,442,2026-05-12
오천1,장기-산서-배정-장기-정천-오천,장기행,오천행,배정리행,57,42210,60,28,하행,산서리목녹골,462.9,2026-05-12
오천1,장기-산서-배정-장기-정천-오천,장기행,오천행,배정리행,57,42210,60,29,하행,산서리새터마을,845.7,2026-05-12
오천1,장기-산서-배정-장기-정천-오천,장기행,오천행,배정리행,57,42210,60,30,하행,산서리서두리골,860,2026-05-12
오천1,장기-산서-배정-장기-정천-오천,장기행,오천행,배정리행,57,42210,60,31,하행,산서리,470.5,2026-05-12
오천1,장기-산서-배정-장기-정천-오천,장기행,오천행,배정리행,57,42210,60,32,하행,산서유락원,432.9,2026-05-12
오천1,장기-산서-배정-장기-정천-오천,장기행,오천행,배정리행,57,42210,60,33,하행,산서입구,509.2,2026-05-12
오천1,장기-산서-배정-장기-정천-오천,장기행,오천행,배정리행,57,42210,60,34,하행,원산리입구,406.9,2026-05-12
오천1,장기-산서-배정-장기-정천-오천,장기행,오천행,배정리행,57,42210,60,35,하행,장기시장,1858.2,2026-05-12
오천1,장기-산서-배정-장기-정천-오천,장기행,오천행,배정리행,57,42210,60,36,하행,장기교,462.6,2026-05-12
오천1,장기-산서-배정-장기-정천-오천,장기행,오천행,배정리행,57,42210,60,37,하행,장기파출소,146.2,2026-05-12
오천1,장기-산서-배정-장기-정천-오천,장기행,오천행,배정리행,57,42210,60,38,하행,장기면행정복지센터,157,2026-05-12
오천1,장기-산서-배정-장기-정천-오천,장기행,오천행,배정리행,57,42210,60,39,하행,서촌1리,683,2026-05-12
오천1,장기-산서-배정-장기-정천-오천,장기행,오천행,배정리행,57,42210,60,40,하행,서촌2리,674.8,2026-05-12
오천1,장기-산서-배정-장기-정천-오천,장기행,오천행,배정리행,57,42210,60,41,하행,금오리,1730.2,2026-05-12
오천1,장기-산서-배정-장기-정천-오천,장기행,오천행,배정리행,57,42210,60,42,하행,학곡리,668.2,2026-05-12
오천1,장기-산서-배정-장기-정천-오천,장기행,오천행,배정리행,57,42210,60,43,하행,창지2리,589.9,2026-05-12
오천1,장기-산서-배정-장기-정천-오천,장기행,오천행,배정리행,57,42210,60,44,하행,창지1리,474.6,2026-05-12
오천1,장기-산서-배정-장기-정천-오천,장기행,오천행,배정리행,57,42210,60,45,하행,신계리,379.3,2026-05-12
오천1,장기-산서-배정-장기-정천-오천,장기행,오천행,배정리행,57,42210,60,46,하행,대곡리,874.4,2026-05-12
오천1,장기-산서-배정-장기-정천-오천,장기행,오천행,배정리행,57,42210,60,47,하행,정천2리,2035.2,2026-05-12
오천1,장기-산서-배정-장기-정천-오천,장기행,오천행,배정리행,57,42210,60,48,하행,하정리,469.6,2026-05-12
오천1,장기-산서-배정-장기-정천-오천,장기행,오천행,배정리행,57,42210,60,49,하행,정천1리,929.4,2026-05-12
오천1,장기-산서-배정-장기-정천-오천,장기행,오천행,배정리행,57,42210,60,50,하행,정천리,1997.1,2026-05-12
오천1,장기-산서-배정-장기-정천-오천,장기행,오천행,배정리행,57,42210,60,51,하행,장승배기,249.4,2026-05-12
오천1,장기-산서-배정-장기-정천-오천,장기행,오천행,배정리행,57,42210,60,52,하행,세계2리,612.2,2026-05-12
오천1,장기-산서-배정-장기-정천-오천,장기행,오천행,배정리행,57,42210,60,53,하행,일월문화공원,500.9,2026-05-12
오천1,장기-산서-배정-장기-정천-오천,장기행,오천행,배정리행,57,42210,60,54,하행,해병대교육훈련단,565,2026-05-12
오천1,장기-산서-배정-장기-정천-오천,장기행,오천행,배정리행,57,42210,60,55,하행,신흥중학교,507.9,2026-05-12
오천1,장기-산서-배정-장기-정천-오천,장기행,오천행,배정리행,57,42210,60,56,하행,오천시장,610.3,2026-05-12
오천1,장기-산서-배정-장기-정천-오천,장기행,오천행,배정리행,57,42210,60,57,하행,오천환승센터(마을),135.9,2026-05-12
오천2,오천-세계1리-오천,오천행,오천행,세계리행,11,3669,60,1,상행,오천환승센터(마을),0,2026-05-12
오천2,오천-세계1리-오천,오천행,오천행,세계리행,11,3669,60,2,상행,오천시장,117.4,2026-05-12
오천2,오천-세계1리-오천,오천행,오천행,세계리행,11,3669,60,3,상행,신흥중학교,665.9,2026-05-12
오천2,오천-세계1리-오천,오천행,오천행,세계리행,11,3669,60,4,상행,해병교,565.4,2026-05-12
오천2,오천-세계1리-오천,오천행,오천행,세계리행,11,3669,60,5,상행,해병대교육훈련단,254.9,2026-05-12
오천2,오천-세계1리-오천,오천행,오천행,세계리행,11,3669,60,6,하행,세계리,234.2,2026-05-12
오천2,오천-세계1리-오천,오천행,오천행,세계리행,11,3669,60,7,하행,세계교,257.6,2026-05-12
오천2,오천-세계1리-오천,오천행,오천행,세계리행,11,3669,60,8,하행,해병대교육훈련단,243,2026-05-12
오천2,오천-세계1리-오천,오천행,오천행,세계리행,11,3669,60,9,하행,신흥중학교,507.9,2026-05-12
오천2,오천-세계1리-오천,오천행,오천행,세계리행,11,3669,60,10,하행,오천시장,610.3,2026-05-12
오천2,오천-세계1리-오천,오천행,오천행,세계리행,11,3669,60,11,하행,오천환승센터(마을),135.9,2026-05-12
오천2,오천-항사-오어사-오천,오천행,오천행,오어사행,28,16501,60,1,상행,오천환승센터(마을),0,2026-05-12
오천2,오천-항사-오어사-오천,오천행,오천행,오어사행,28,16501,60,2,상행,오천읍행정복지센터,404.7,2026-05-12
오천2,오천-항사-오어사-오천,오천행,오천행,오어사행,28,16501,60,3,상행,청호하이츠,575.8,2026-05-12
오천2,오천-항사-오어사-오천,오천행,오천행,오어사행,28,16501,60,4,상행,문덕3리,460,2026-05-12
오천2,오천-항사-오어사-오천,오천행,오천행,오어사행,28,16501,60,5,상행,신문덕코아루,344.7,2026-05-12
오천2,오천-항사-오어사-오천,오천행,오천행,오어사행,28,16501,60,6,상행,천마아파트,300.3,2026-05-12
오천2,오천-항사-오어사-오천,오천행,오천행,오어사행,28,16501,60,7,상행,포항아이파크아파트,249.5,2026-05-12
오천2,오천-항사-오어사-오천,오천행,오천행,오어사행,28,16501,60,8,상행,용산2리,377.4,2026-05-12
오천2,오천-항사-오어사-오천,오천행,오천행,오어사행,28,16501,60,9,상행,용산1리,731.3,2026-05-12
오천2,오천-항사-오어사-오천,오천행,오천행,오어사행,28,16501,60,10,상행,용산아파트,315.2,2026-05-12
오천2,오천-항사-오어사-오천,오천행,오천행,오어사행,28,16501,60,11,상행,문충삼거리,522.8,2026-05-12
오천2,오천-항사-오어사-오천,오천행,오천행,오어사행,28,16501,60,12,상행,문충2리,162,2026-05-12
오천2,오천-항사-오어사-오천,오천행,오천행,오어사행,28,16501,60,13,상행,안항사,1493.7,2026-05-12
오천2,오천-항사-오어사-오천,오천행,오천행,오어사행,28,16501,60,14,상행,오어지둘레길,1871.6,2026-05-12
오천2,오천-항사-오어사-오천,오천행,오천행,오어사행,28,16501,60,15,하행,오어사,2242,2026-05-12
오천2,오천-항사-오어사-오천,오천행,오천행,오어사행,28,16501,60,16,하행,안항사,439.1,2026-05-12
오천2,오천-항사-오어사-오천,오천행,오천행,오어사행,28,16501,60,17,하행,문충2리,1312.5,2026-05-12
오천2,오천-항사-오어사-오천,오천행,오천행,오어사행,28,16501,60,18,하행,문충삼거리,367.7,2026-05-12
오천2,오천-항사-오어사-오천,오천행,오천행,오어사행,28,16501,60,19,하행,용산아파트,523.5,2026-05-12
오천2,오천-항사-오어사-오천,오천행,오천행,오어사행,28,16501,60,20,하행,용산1리,315.9,2026-05-12
오천2,오천-항사-오어사-오천,오천행,오천행,오어사행,28,16501,60,21,하행,용산2리,718,2026-05-12
오천2,오천-항사-오어사-오천,오천행,오천행,오어사행,28,16501,60,22,하행,포항아이파크아파트,353.8,2026-05-12
오천2,오천-항사-오어사-오천,오천행,오천행,오어사행,28,16501,60,23,하행,천마아파트,283.3,2026-05-12
오천2,오천-항사-오어사-오천,오천행,오천행,오어사행,28,16501,60,24,하행,신문덕코아루,250.6,2026-05-12
오천2,오천-항사-오어사-오천,오천행,오천행,오어사행,28,16501,60,25,하행,문덕3리,396.1,2026-05-12
오천2,오천-항사-오어사-오천,오천행,오천행,오어사행,28,16501,60,26,하행,청호하이츠,513.5,2026-05-12
오천2,오천-항사-오어사-오천,오천행,오천행,오어사행,28,16501,60,27,하행,오천읍행정복지센터,495.4,2026-05-12
오천2,오천-항사-오어사-오천,오천행,오천행,오어사행,28,16501,60,28,하행,오천환승센터,324.7,2026-05-12
용흥,도심-용흥-터미널,도심환승센터행,도심환승센터행,시외버스터미널행,50,19149,60,1,상행,도심환승센터,0,2026-05-12
용흥,도심-용흥-터미널,도심환승센터행,도심환승센터행,시외버스터미널행,50,19149,60,2,상행,북부시장,542.8,2026-05-12
용흥,도심-용흥-터미널,도심환승센터행,도심환승센터행,시외버스터미널행,50,19149,60,3,상행,선린병원,153.5,2026-05-12
용흥,도심-용흥-터미널,도심환승센터행,도심환승센터행,시외버스터미널행,50,19149,60,4,상행,선린병원후문,404.5,2026-05-12
용흥,도심-용흥-터미널,도심환승센터행,도심환승센터행,시외버스터미널행,50,19149,60,5,상행,우방아이유쉘아파트,716.1,2026-05-12
용흥,도심-용흥-터미널,도심환승센터행,도심환승센터행,시외버스터미널행,50,19149,60,6,상행,쌍용아파트,784.3,2026-05-12
용흥,도심-용흥-터미널,도심환승센터행,도심환승센터행,시외버스터미널행,50,19149,60,7,상행,하나로아파트,310.9,2026-05-12
용흥,도심-용흥-터미널,도심환승센터행,도심환승센터행,시외버스터미널행,50,19149,60,8,상행,포항여자전자고등학교,120,2026-05-12
용흥,도심-용흥-터미널,도심환승센터행,도심환승센터행,시외버스터미널행,50,19149,60,9,상행,대흥초등학교,468.8,2026-05-12
용흥,도심-용흥-터미널,도심환승센터행,도심환승센터행,시외버스터미널행,50,19149,60,10,상행,용흥우방아파트,483.7,2026-05-12
용흥,도심-용흥-터미널,도심환승센터행,도심환승센터행,시외버스터미널행,50,19149,60,11,상행,한라맨션1차,481.6,2026-05-12
용흥,도심-용흥-터미널,도심환승센터행,도심환승센터행,시외버스터미널행,50,19149,60,12,상행,용흥동행정복지센터,328.1,2026-05-12
용흥,도심-용흥-터미널,도심환승센터행,도심환승센터행,시외버스터미널행,50,19149,60,13,상행,용흥종합시장,160.6,2026-05-12
용흥,도심-용흥-터미널,도심환승센터행,도심환승센터행,시외버스터미널행,50,19149,60,14,상행,구포항역,307.2,2026-05-12
용흥,도심-용흥-터미널,도심환승센터행,도심환승센터행,시외버스터미널행,50,19149,60,15,상행,농협포항시지부,337,2026-05-12
용흥,도심-용흥-터미널,도심환승센터행,도심환승센터행,시외버스터미널행,50,19149,60,16,상행,홈플러스,421.5,2026-05-12
용흥,도심-용흥-터미널,도심환승센터행,도심환승센터행,시외버스터미널행,50,19149,60,17,상행,죽도파출소,377.9,2026-05-12
용흥,도심-용흥-터미널,도심환승센터행,도심환승센터행,시외버스터미널행,50,19149,60,18,상행,GS슈퍼마켓,365.7,2026-05-12
용흥,도심-용흥-터미널,도심환승센터행,도심환승센터행,시외버스터미널행,50,19149,60,19,상행,고용복지플러스센터,352.3,2026-05-12
용흥,도심-용흥-터미널,도심환승센터행,도심환승센터행,시외버스터미널행,50,19149,60,20,상행,오광장,490.6,2026-05-12
용흥,도심-용흥-터미널,도심환승센터행,도심환승센터행,시외버스터미널행,50,19149,60,21,상행,득량동,689.6,2026-05-12
용흥,도심-용흥-터미널,도심환승센터행,도심환승센터행,시외버스터미널행,50,19149,60,22,상행,포항철길숲,476.5,2026-05-12
용흥,도심-용흥-터미널,도심환승센터행,도심환승센터행,시외버스터미널행,50,19149,60,23,상행,코아루타워,415.9,2026-05-12
용흥,도심-용흥-터미널,도심환승센터행,도심환승센터행,시외버스터미널행,50,19149,60,24,하행,시외버스터미널,432,2026-05-12
용흥,도심-용흥-터미널,도심환승센터행,도심환승센터행,시외버스터미널행,50,19149,60,25,하행,세명고,440.3,2026-05-12
용흥,도심-용흥-터미널,도심환승센터행,도심환승센터행,시외버스터미널행,50,19149,60,26,하행,포항철길숲,284.3,2026-05-12
용흥,도심-용흥-터미널,도심환승센터행,도심환승센터행,시외버스터미널행,50,19149,60,27,하행,경화주유소,422.5,2026-05-12
용흥,도심-용흥-터미널,도심환승센터행,도심환승센터행,시외버스터미널행,50,19149,60,28,하행,포항우리병원,435.8,2026-05-12
용흥,도심-용흥-터미널,도심환승센터행,도심환승센터행,시외버스터미널행,50,19149,60,29,하행,고용복지플러스센터,758.3,2026-05-12
용흥,도심-용흥-터미널,도심환승센터행,도심환승센터행,시외버스터미널행,50,19149,60,30,하행,GS슈퍼마켓,351.9,2026-05-12
용흥,도심-용흥-터미널,도심환승센터행,도심환승센터행,시외버스터미널행,50,19149,60,31,하행,죽도파출소,352.5,2026-05-12
용흥,도심-용흥-터미널,도심환승센터행,도심환승센터행,시외버스터미널행,50,19149,60,32,하행,홈플러스(오거리),351.7,2026-05-12
용흥,도심-용흥-터미널,도심환승센터행,도심환승센터행,시외버스터미널행,50,19149,60,33,하행,농협포항시지부,476,2026-05-12
용흥,도심-용흥-터미널,도심환승센터행,도심환승센터행,시외버스터미널행,50,19149,60,34,하행,구포항역,310.1,2026-05-12
용흥,도심-용흥-터미널,도심환승센터행,도심환승센터행,시외버스터미널행,50,19149,60,35,하행,용흥종합시장,313.5,2026-05-12
용흥,도심-용흥-터미널,도심환승센터행,도심환승센터행,시외버스터미널행,50,19149,60,36,하행,용흥동행정복지센터,188.7,2026-05-12
용흥,도심-용흥-터미널,도심환승센터행,도심환승센터행,시외버스터미널행,50,19149,60,37,하행,한라맨션1차,243.8,2026-05-12
용흥,도심-용흥-터미널,도심환승센터행,도심환승센터행,시외버스터미널행,50,19149,60,38,하행,용흥우방아파트,451.9,2026-05-12
용흥,도심-용흥-터미널,도심환승센터행,도심환승센터행,시외버스터미널행,50,19149,60,39,하행,용흥우방상가,149.2,2026-05-12
용흥,도심-용흥-터미널,도심환승센터행,도심환승센터행,시외버스터미널행,50,19149,60,40,하행,대흥초등학교,437.5,2026-05-12
용흥,도심-용흥-터미널,도심환승센터행,도심환승센터행,시외버스터미널행,50,19149,60,41,하행,포항여자전자고등학교,261.5,2026-05-12
용흥,도심-용흥-터미널,도심환승센터행,도심환승센터행,시외버스터미널행,50,19149,60,42,하행,하나로아파트,272,2026-05-12
용흥,도심-용흥-터미널,도심환승센터행,도심환승센터행,시외버스터미널행,50,19149,60,43,하행,쌍용아파트,295.4,2026-05-12
용흥,도심-용흥-터미널,도심환승센터행,도심환승센터행,시외버스터미널행,50,19149,60,44,하행,우방아이유쉘아파트,799.2,2026-05-12
용흥,도심-용흥-터미널,도심환승센터행,도심환승센터행,시외버스터미널행,50,19149,60,45,하행,대동우방아파트,288.2,2026-05-12
용흥,도심-용흥-터미널,도심환승센터행,도심환승센터행,시외버스터미널행,50,19149,60,46,하행,선린병원후문,420.8,2026-05-12
용흥,도심-용흥-터미널,도심환승센터행,도심환승센터행,시외버스터미널행,50,19149,60,47,하행,선린병원,335.5,2026-05-12
용흥,도심-용흥-터미널,도심환승센터행,도심환승센터행,시외버스터미널행,50,19149,60,48,하행,북부시장,292.4,2026-05-12
용흥,도심-용흥-터미널,도심환승센터행,도심환승센터행,시외버스터미널행,50,19149,60,49,하행,도심환승센터,487.2,2026-05-12
용흥,도심-용흥-터미널,도심환승센터행,도심환승센터행,시외버스터미널행,50,19149,60,50,하행,도심환승센터,53.7,2026-05-12
용흥,도심-터미널(상행),도심환승센터,시외버스터미널,,24,9585,60,1,상행,도심환승센터,0,2026-05-12
용흥,도심-터미널(상행),도심환승센터,시외버스터미널,,24,9585,60,2,상행,북부시장,542.8,2026-05-12
용흥,도심-터미널(상행),도심환승센터,시외버스터미널,,24,9585,60,3,상행,선린병원,153.5,2026-05-12
용흥,도심-터미널(상행),도심환승센터,시외버스터미널,,24,9585,60,4,상행,선린병원후문,404.5,2026-05-12
용흥,도심-터미널(상행),도심환승센터,시외버스터미널,,24,9585,60,5,상행,우방아이유쉘아파트,716.1,2026-05-12
용흥,도심-터미널(상행),도심환승센터,시외버스터미널,,24,9585,60,6,상행,쌍용아파트,784.3,2026-05-12
용흥,도심-터미널(상행),도심환승센터,시외버스터미널,,24,9585,60,7,상행,하나로아파트,310.9,2026-05-12
용흥,도심-터미널(상행),도심환승센터,시외버스터미널,,24,9585,60,8,상행,포항여자전자고등학교,120,2026-05-12
용흥,도심-터미널(상행),도심환승센터,시외버스터미널,,24,9585,60,9,상행,대흥초등학교,468.8,2026-05-12
용흥,도심-터미널(상행),도심환승센터,시외버스터미널,,24,9585,60,10,상행,용흥우방아파트,483.7,2026-05-12
용흥,도심-터미널(상행),도심환승센터,시외버스터미널,,24,9585,60,11,상행,한라맨션1차,481.6,2026-05-12
용흥,도심-터미널(상행),도심환승센터,시외버스터미널,,24,9585,60,12,상행,용흥동행정복지센터,328.1,2026-05-12
용흥,도심-터미널(상행),도심환승센터,시외버스터미널,,24,9585,60,13,상행,용흥종합시장,160.6,2026-05-12
용흥,도심-터미널(상행),도심환승센터,시외버스터미널,,24,9585,60,14,상행,구포항역,307.2,2026-05-12
용흥,도심-터미널(상행),도심환승센터,시외버스터미널,,24,9585,60,15,상행,농협포항시지부,337,2026-05-12
용흥,도심-터미널(상행),도심환승센터,시외버스터미널,,24,9585,60,16,상행,홈플러스,421.5,2026-05-12
용흥,도심-터미널(상행),도심환승센터,시외버스터미널,,24,9585,60,17,상행,죽도파출소,377.9,2026-05-12
용흥,도심-터미널(상행),도심환승센터,시외버스터미널,,24,9585,60,18,상행,GS슈퍼마켓,365.7,2026-05-12
용흥,도심-터미널(상행),도심환승센터,시외버스터미널,,24,9585,60,19,상행,고용복지플러스센터,352.3,2026-05-12
용흥,도심-터미널(상행),도심환승센터,시외버스터미널,,24,9585,60,20,상행,오광장,490.6,2026-05-12
용흥,도심-터미널(상행),도심환승센터,시외버스터미널,,24,9585,60,21,상행,득량동,689.6,2026-05-12
용흥,도심-터미널(상행),도심환승센터,시외버스터미널,,24,9585,60,22,상행,포항철길숲,476.5,2026-05-12
용흥,도심-터미널(상행),도심환승센터,시외버스터미널,,24,9585,60,23,상행,코아루타워,415.9,2026-05-12
용흥,도심-터미널(상행),도심환승센터,시외버스터미널,,24,9585,60,24,상행,터미널차고지,183.2,2026-05-12
용흥,터미널-도심(하행),시외버스터미널,도심환승센터,,27,9589,60,1,하행,시외버스터미널,0,2026-05-12
용흥,터미널-도심(하행),시외버스터미널,도심환승센터,,27,9589,60,2,하행,세명고,440.3,2026-05-12
용흥,터미널-도심(하행),시외버스터미널,도심환승센터,,27,9589,60,3,하행,포항철길숲,284.3,2026-05-12
용흥,터미널-도심(하행),시외버스터미널,도심환승센터,,27,9589,60,4,하행,경화주유소,422.5,2026-05-12
용흥,터미널-도심(하행),시외버스터미널,도심환승센터,,27,9589,60,5,하행,포항우리병원,435.8,2026-05-12
용흥,터미널-도심(하행),시외버스터미널,도심환승센터,,27,9589,60,6,하행,고용복지플러스센터,758.3,2026-05-12
용흥,터미널-도심(하행),시외버스터미널,도심환승센터,,27,9589,60,7,하행,GS슈퍼마켓,351.9,2026-05-12
용흥,터미널-도심(하행),시외버스터미널,도심환승센터,,27,9589,60,8,하행,죽도파출소,352.5,2026-05-12
용흥,터미널-도심(하행),시외버스터미널,도심환승센터,,27,9589,60,9,하행,홈플러스(오거리),351.7,2026-05-12
용흥,터미널-도심(하행),시외버스터미널,도심환승센터,,27,9589,60,10,하행,농협포항시지부,476,2026-05-12
용흥,터미널-도심(하행),시외버스터미널,도심환승센터,,27,9589,60,11,하행,구포항역,310.1,2026-05-12
용흥,터미널-도심(하행),시외버스터미널,도심환승센터,,27,9589,60,12,하행,용흥종합시장,313.5,2026-05-12
용흥,터미널-도심(하행),시외버스터미널,도심환승센터,,27,9589,60,13,하행,용흥동행정복지센터,188.7,2026-05-12
용흥,터미널-도심(하행),시외버스터미널,도심환승센터,,27,9589,60,14,하행,한라맨션1차,243.8,2026-05-12
용흥,터미널-도심(하행),시외버스터미널,도심환승센터,,27,9589,60,15,하행,용흥우방아파트,451.9,2026-05-12
용흥,터미널-도심(하행),시외버스터미널,도심환승센터,,27,9589,60,16,하행,용흥우방상가,149.2,2026-05-12
용흥,터미널-도심(하행),시외버스터미널,도심환승센터,,27,9589,60,17,하행,대흥초등학교,437.5,2026-05-12
용흥,터미널-도심(하행),시외버스터미널,도심환승센터,,27,9589,60,18,하행,포항여자전자고등학교,261.5,2026-05-12
용흥,터미널-도심(하행),시외버스터미널,도심환승센터,,27,9589,60,19,하행,하나로아파트,272,2026-05-12
용흥,터미널-도심(하행),시외버스터미널,도심환승센터,,27,9589,60,20,하행,쌍용아파트,295.4,2026-05-12
용흥,터미널-도심(하행),시외버스터미널,도심환승센터,,27,9589,60,21,하행,우방아이유쉘아파트,799.2,2026-05-12
용흥,터미널-도심(하행),시외버스터미널,도심환승센터,,27,9589,60,22,하행,대동우방아파트,288.2,2026-05-12
용흥,터미널-도심(하행),시외버스터미널,도심환승센터,,27,9589,60,23,하행,선린병원후문,420.8,2026-05-12
용흥,터미널-도심(하행),시외버스터미널,도심환승센터,,27,9589,60,24,하행,선린병원,335.5,2026-05-12
용흥,터미널-도심(하행),시외버스터미널,도심환승센터,,27,9589,60,25,하행,북부시장,292.4,2026-05-12
용흥,터미널-도심(하행),시외버스터미널,도심환승센터,,27,9589,60,26,하행,도심환승센터,487.2,2026-05-12
용흥,터미널-도심(하행),시외버스터미널,도심환승센터,,27,9589,60,27,하행,도심환승센터,53.7,2026-05-12
임시노선,임시노선,임시노선,임시노선,임시노선,3,812,60,1,상행,임시노선,0,2026-05-12
임시노선,임시노선,임시노선,임시노선,임시노선,3,812,60,2,하행,임시노선,423.1,2026-05-12
임시노선,임시노선,임시노선,임시노선,임시노선,3,812,60,3,하행,임시노선,388.9,2026-05-12
죽장DRT,죽장-터미널(하행),시외버스터미널행,시외버스터미널행,,2,495,60,1,하행,시외버스터미널,0,2026-05-12
죽장DRT,죽장-터미널(하행),시외버스터미널행,시외버스터미널행,,2,495,60,2,하행,터미널차고지,494.7,2026-05-12
죽장DRT,터미널-죽장(상행),시외버스터미널행,시외버스터미널행,,2,482,60,1,상행,터미널차고지,0,2026-05-12
죽장DRT,터미널-죽장(상행),시외버스터미널행,시외버스터미널행,,2,482,60,2,상행,시외버스터미널,482,2026-05-12
죽장DRT,터미널-죽장-터미널,시외버스터미널행,시외버스터미널행,시외버스터미널행,4,1138,60,1,상행,터미널차고지,0,2026-05-12
죽장DRT,터미널-죽장-터미널,시외버스터미널행,시외버스터미널행,시외버스터미널행,4,1138,60,2,상행,시외버스터미널,482,2026-05-12
죽장DRT,터미널-죽장-터미널,시외버스터미널행,시외버스터미널행,시외버스터미널행,4,1138,60,3,하행,시외버스터미널,160.9,2026-05-12
죽장DRT,터미널-죽장-터미널,시외버스터미널행,시외버스터미널행,시외버스터미널행,4,1138,60,4,하행,터미널차고지,494.7,2026-05-12
창포,도심-창포,도심환승센터행,도심환승센터행,창포2차아이파크,22,9687,30,1,상행,도심환승센터,0,2026-05-12
창포,도심-창포,도심환승센터행,도심환승센터행,창포2차아이파크,22,9687,30,2,상행,나루끝,502.4,2026-05-12
창포,도심-창포,도심환승센터행,도심환승센터행,창포2차아이파크,22,9687,30,3,상행,우방아이유쉘아파트,608,2026-05-12
창포,도심-창포,도심환승센터행,도심환승센터행,창포2차아이파크,22,9687,30,4,상행,신동아베르디,855.5,2026-05-12
창포,도심-창포,도심환승센터행,도심환승센터행,창포2차아이파크,22,9687,30,5,상행,유성여고,220.4,2026-05-12
창포,도심-창포,도심환승센터행,도심환승센터행,창포2차아이파크,22,9687,30,6,상행,우현더힐,479.4,2026-05-12
창포,도심-창포,도심환승센터행,도심환승센터행,창포2차아이파크,22,9687,30,7,상행,두호주공,509.3,2026-05-12
창포,도심-창포,도심환승센터행,도심환승센터행,창포2차아이파크,22,9687,30,8,상행,창포메트로시티,247.3,2026-05-12
창포,도심-창포,도심환승센터행,도심환승센터행,창포2차아이파크,22,9687,30,9,상행,장성초등학교,546.7,2026-05-12
창포,도심-창포,도심환승센터행,도심환승센터행,창포2차아이파크,22,9687,30,10,상행,현진에버빌,524.4,2026-05-12
창포,도심-창포,도심환승센터행,도심환승센터행,창포2차아이파크,22,9687,30,11,하행,창포2차아이파크,214,2026-05-12
창포,도심-창포,도심환승센터행,도심환승센터행,창포2차아이파크,22,9687,30,12,하행,두호초등학교,265.4,2026-05-12
창포,도심-창포,도심환승센터행,도심환승센터행,창포2차아이파크,22,9687,30,13,하행,장성초등학교,654.1,2026-05-12
창포,도심-창포,도심환승센터행,도심환승센터행,창포2차아이파크,22,9687,30,14,하행,창포메트로시티,612.2,2026-05-12
창포,도심-창포,도심환승센터행,도심환승센터행,창포2차아이파크,22,9687,30,15,하행,두호주공,229.1,2026-05-12
창포,도심-창포,도심환승센터행,도심환승센터행,창포2차아이파크,22,9687,30,16,하행,우현더힐,531.6,2026-05-12
창포,도심-창포,도심환승센터행,도심환승센터행,창포2차아이파크,22,9687,30,17,하행,유성여고,447.7,2026-05-12
창포,도심-창포,도심환승센터행,도심환승센터행,창포2차아이파크,22,9687,30,18,하행,신동아베르디,237,2026-05-12
창포,도심-창포,도심환승센터행,도심환승센터행,창포2차아이파크,22,9687,30,19,하행,우방아이유쉘아파트,856,2026-05-12
창포,도심-창포,도심환승센터행,도심환승센터행,창포2차아이파크,22,9687,30,20,하행,대동우방아파트,288.2,2026-05-12
창포,도심-창포,도심환승센터행,도심환승센터행,창포2차아이파크,22,9687,30,21,하행,나루끝,351.8,2026-05-12
창포,도심-창포,도심환승센터행,도심환승센터행,창포2차아이파크,22,9687,30,22,하행,도심환승센터,459.2,2026-05-12
창포,도심-창포(상행),도심환승센터,창포2차아이파크,,11,4771,30,1,상행,도심환승센터,0,2026-05-12
창포,도심-창포(상행),도심환승센터,창포2차아이파크,,11,4771,30,2,상행,나루끝,502.4,2026-05-12
창포,도심-창포(상행),도심환승센터,창포2차아이파크,,11,4771,30,3,상행,우방아이유쉘아파트,608,2026-05-12
창포,도심-창포(상행),도심환승센터,창포2차아이파크,,11,4771,30,4,상행,신동아베르디,855.5,2026-05-12
창포,도심-창포(상행),도심환승센터,창포2차아이파크,,11,4771,30,5,상행,유성여고,220.4,2026-05-12
창포,도심-창포(상행),도심환승센터,창포2차아이파크,,11,4771,30,6,상행,우현더힐,479.4,2026-05-12
창포,도심-창포(상행),도심환승센터,창포2차아이파크,,11,4771,30,7,상행,두호주공,509.3,2026-05-12
창포,도심-창포(상행),도심환승센터,창포2차아이파크,,11,4771,30,8,상행,창포메트로시티,247.3,2026-05-12
창포,도심-창포(상행),도심환승센터,창포2차아이파크,,11,4771,30,9,상행,장성초등학교,546.7,2026-05-12
창포,도심-창포(상행),도심환승센터,창포2차아이파크,,11,4771,30,10,상행,현진에버빌,524.4,2026-05-12
창포,도심-창포(상행),도심환승센터,창포2차아이파크,,11,4771,30,11,상행,창포2차아이파크,214,2026-05-12
창포,창포-도심(하행),창포2차아이파크,도심환승센터,,12,5060,30,1,하행,창포2차아이파크,0,2026-05-12
창포,창포-도심(하행),창포2차아이파크,도심환승센터,,12,5060,30,2,하행,두호초등학교,265.4,2026-05-12
창포,창포-도심(하행),창포2차아이파크,도심환승센터,,12,5060,30,3,하행,장성초등학교,654.1,2026-05-12
창포,창포-도심(하행),창포2차아이파크,도심환승센터,,12,5060,30,4,하행,창포메트로시티,612.2,2026-05-12
창포,창포-도심(하행),창포2차아이파크,도심환승센터,,12,5060,30,5,하행,두호주공,229.1,2026-05-12
창포,창포-도심(하행),창포2차아이파크,도심환승센터,,12,5060,30,6,하행,우현더힐,531.6,2026-05-12
창포,창포-도심(하행),창포2차아이파크,도심환승센터,,12,5060,30,7,하행,유성여고,447.7,2026-05-12
창포,창포-도심(하행),창포2차아이파크,도심환승센터,,12,5060,30,8,하행,신동아베르디,237,2026-05-12
창포,창포-도심(하행),창포2차아이파크,도심환승센터,,12,5060,30,9,하행,우방아이유쉘아파트,856,2026-05-12
창포,창포-도심(하행),창포2차아이파크,도심환승센터,,12,5060,30,10,하행,대동우방아파트,288.2,2026-05-12
창포,창포-도심(하행),창포2차아이파크,도심환승센터,,12,5060,30,11,하행,나루끝,351.8,2026-05-12
창포,창포-도심(하행),창포2차아이파크,도심환승센터,,12,5060,30,12,하행,도심환승센터,459.2,2026-05-12
청하1,청하-흥안-금장2-흥해,청하행,흥해행,,36,22455,60,1,상행,청하환승센터,0,2026-05-12
청하1,청하-흥안-금장2-흥해,청하행,흥해행,,36,22455,60,2,상행,청하시장,320.6,2026-05-12
청하1,청하-흥안-금장2-흥해,청하행,흥해행,,36,22455,60,3,상행,청하초등학교,194.1,2026-05-12
청하1,청하-흥안-금장2-흥해,청하행,흥해행,,36,22455,60,4,상행,청하면민복지회관,320.3,2026-05-12
청하1,청하-흥안-금장2-흥해,청하행,흥해행,,36,22455,60,5,상행,청하사거리,802.9,2026-05-12
청하1,청하-흥안-금장2-흥해,청하행,흥해행,,36,22455,60,6,상행,필화2리,632.1,2026-05-12
청하1,청하-흥안-금장2-흥해,청하행,흥해행,,36,22455,60,7,상행,월포역,863.3,2026-05-12
청하1,청하-흥안-금장2-흥해,청하행,흥해행,,36,22455,60,8,상행,월포초등학교,120.2,2026-05-12
청하1,청하-흥안-금장2-흥해,청하행,흥해행,,36,22455,60,9,상행,월포회차지,162.7,2026-05-12
청하1,청하-흥안-금장2-흥해,청하행,흥해행,,36,22455,60,10,상행,월포,252.3,2026-05-12
청하1,청하-흥안-금장2-흥해,청하행,흥해행,,36,22455,60,11,상행,용두리,662.5,2026-05-12
청하1,청하-흥안-금장2-흥해,청하행,흥해행,,36,22455,60,12,상행,이가리 닻전망대,1127.6,2026-05-12
청하1,청하-흥안-금장2-흥해,청하행,흥해행,,36,22455,60,13,상행,이가리,893.8,2026-05-12
청하1,청하-흥안-금장2-흥해,청하행,흥해행,,36,22455,60,14,상행,청진1리,573.3,2026-05-12
청하1,청하-흥안-금장2-흥해,청하행,흥해행,,36,22455,60,15,상행,청진2리,546.7,2026-05-12
청하1,청하-흥안-금장2-흥해,청하행,흥해행,,36,22455,60,16,상행,청진3리,454.8,2026-05-12
청하1,청하-흥안-금장2-흥해,청하행,흥해행,,36,22455,60,17,상행,사방기념공원,814.2,2026-05-12
청하1,청하-흥안-금장2-흥해,청하행,흥해행,,36,22455,60,18,상행,오도2리,432.5,2026-05-12
청하1,청하-흥안-금장2-흥해,청하행,흥해행,,36,22455,60,19,상행,소소정,366.9,2026-05-12
청하1,청하-흥안-금장2-흥해,청하행,흥해행,,36,22455,60,20,상행,오도1리,543.6,2026-05-12
청하1,청하-흥안-금장2-흥해,청하행,흥해행,,36,22455,60,21,상행,칠포1리,1355.4,2026-05-12
청하1,청하-흥안-금장2-흥해,청하행,흥해행,,36,22455,60,22,상행,칠포2리,544.3,2026-05-12
청하1,청하-흥안-금장2-흥해,청하행,흥해행,,36,22455,60,23,상행,칠포해수욕장,1225.2,2026-05-12
청하1,청하-흥안-금장2-흥해,청하행,흥해행,,36,22455,60,24,상행,흥해하수처리장,652.7,2026-05-12
청하1,청하-흥안-금장2-흥해,청하행,흥해행,,36,22455,60,25,상행,칠포삼거리,572.6,2026-05-12
청하1,청하-흥안-금장2-흥해,청하행,흥해행,,36,22455,60,26,상행,들꽃마을,823.4,2026-05-12
청하1,청하-흥안-금장2-흥해,청하행,흥해행,,36,22455,60,27,상행,금장2리마을회관,648.6,2026-05-12
청하1,청하-흥안-금장2-흥해,청하행,흥해행,,36,22455,60,28,상행,흥안,433.7,2026-05-12
청하1,청하-흥안-금장2-흥해,청하행,흥해행,,36,22455,60,29,상행,흥안2리마을회관,573.4,2026-05-12
청하1,청하-흥안-금장2-흥해,청하행,흥해행,,36,22455,60,30,상행,곡강2교,1042.7,2026-05-12
청하1,청하-흥안-금장2-흥해,청하행,흥해행,,36,22455,60,31,상행,용천리,1039,2026-05-12
청하1,청하-흥안-금장2-흥해,청하행,흥해행,,36,22455,60,32,상행,포항요양병원,197.5,2026-05-12
청하1,청하-흥안-금장2-흥해,청하행,흥해행,,36,22455,60,33,상행,곡강초등학교,460.8,2026-05-12
청하1,청하-흥안-금장2-흥해,청하행,흥해행,,36,22455,60,34,상행,곡강리,392.2,2026-05-12
청하1,청하-흥안-금장2-흥해,청하행,흥해행,,36,22455,60,35,상행,마산사거리(방통대),1899.8,2026-05-12
청하1,청하-흥안-금장2-흥해,청하행,흥해행,,36,22455,60,36,상행,흥해환승센터,459.6,2026-05-12
청하1,청하-흥해,청하행,흥해행,,34,20827,60,1,상행,청하환승센터,0,2026-05-12
청하1,청하-흥해,청하행,흥해행,,34,20827,60,2,상행,청하시장,320.6,2026-05-12
청하1,청하-흥해,청하행,흥해행,,34,20827,60,3,상행,청하초등학교,194.1,2026-05-12
청하1,청하-흥해,청하행,흥해행,,34,20827,60,4,상행,청하면민복지회관,320.3,2026-05-12
청하1,청하-흥해,청하행,흥해행,,34,20827,60,5,상행,청하사거리,802.9,2026-05-12
청하1,청하-흥해,청하행,흥해행,,34,20827,60,6,상행,필화2리,632.1,2026-05-12
청하1,청하-흥해,청하행,흥해행,,34,20827,60,7,상행,월포역,863.3,2026-05-12
청하1,청하-흥해,청하행,흥해행,,34,20827,60,8,상행,월포초등학교,120.2,2026-05-12
청하1,청하-흥해,청하행,흥해행,,34,20827,60,9,상행,월포회차지,162.7,2026-05-12
청하1,청하-흥해,청하행,흥해행,,34,20827,60,10,상행,월포,252.3,2026-05-12
청하1,청하-흥해,청하행,흥해행,,34,20827,60,11,상행,용두리,662.5,2026-05-12
청하1,청하-흥해,청하행,흥해행,,34,20827,60,12,상행,이가리 닻전망대,1127.6,2026-05-12
청하1,청하-흥해,청하행,흥해행,,34,20827,60,13,상행,이가리,893.8,2026-05-12
청하1,청하-흥해,청하행,흥해행,,34,20827,60,14,상행,청진1리,573.3,2026-05-12
청하1,청하-흥해,청하행,흥해행,,34,20827,60,15,상행,청진2리,546.7,2026-05-12
청하1,청하-흥해,청하행,흥해행,,34,20827,60,16,상행,청진3리,454.8,2026-05-12
청하1,청하-흥해,청하행,흥해행,,34,20827,60,17,상행,사방기념공원,814.2,2026-05-12
청하1,청하-흥해,청하행,흥해행,,34,20827,60,18,상행,오도2리,432.5,2026-05-12
청하1,청하-흥해,청하행,흥해행,,34,20827,60,19,상행,소소정,366.9,2026-05-12
청하1,청하-흥해,청하행,흥해행,,34,20827,60,20,상행,오도1리,543.6,2026-05-12
청하1,청하-흥해,청하행,흥해행,,34,20827,60,21,상행,칠포1리,1355.4,2026-05-12
청하1,청하-흥해,청하행,흥해행,,34,20827,60,22,상행,칠포2리,544.3,2026-05-12
청하1,청하-흥해,청하행,흥해행,,34,20827,60,23,상행,칠포해수욕장,1225.2,2026-05-12
청하1,청하-흥해,청하행,흥해행,,34,20827,60,24,상행,흥해하수처리장,652.7,2026-05-12
청하1,청하-흥해,청하행,흥해행,,34,20827,60,25,상행,칠포삼거리,572.6,2026-05-12
청하1,청하-흥해,청하행,흥해행,,34,20827,60,26,상행,들꽃마을,823.4,2026-05-12
청하1,청하-흥해,청하행,흥해행,,34,20827,60,27,상행,흥안,315.8,2026-05-12
청하1,청하-흥해,청하행,흥해행,,34,20827,60,28,상행,곡강2교,755,2026-05-12
청하1,청하-흥해,청하행,흥해행,,34,20827,60,29,상행,용천리,1039,2026-05-12
청하1,청하-흥해,청하행,흥해행,,34,20827,60,30,상행,포항요양병원,197.5,2026-05-12
청하1,청하-흥해,청하행,흥해행,,34,20827,60,31,상행,곡강초등학교,460.8,2026-05-12
청하1,청하-흥해,청하행,흥해행,,34,20827,60,32,상행,곡강리,392.2,2026-05-12
청하1,청하-흥해,청하행,흥해행,,34,20827,60,33,상행,마산사거리(방통대),1899.8,2026-05-12
청하1,청하-흥해,청하행,흥해행,,34,20827,60,34,상행,흥해환승센터,459.6,2026-05-12
청하1,흥해-금장2-청하,흥해행,청하행,,34,22120,60,1,상행,흥해환승센터,0,2026-05-12
청하1,흥해-금장2-청하,흥해행,청하행,,34,22120,60,2,상행,흥해파출소,229.5,2026-05-12
청하1,흥해-금장2-청하,흥해행,청하행,,34,22120,60,3,상행,곡강리,1780.3,2026-05-12
청하1,흥해-금장2-청하,흥해행,청하행,,34,22120,60,4,상행,곡강초등학교,387.4,2026-05-12
청하1,흥해-금장2-청하,흥해행,청하행,,34,22120,60,5,상행,포항요양병원,463.2,2026-05-12
청하1,흥해-금장2-청하,흥해행,청하행,,34,22120,60,6,상행,용천리,212.4,2026-05-12
청하1,흥해-금장2-청하,흥해행,청하행,,34,22120,60,7,상행,곡강2교,1016.1,2026-05-12
청하1,흥해-금장2-청하,흥해행,청하행,,34,22120,60,8,상행,흥안2리마을회관,1084.5,2026-05-12
청하1,흥해-금장2-청하,흥해행,청하행,,34,22120,60,9,상행,흥안,544.5,2026-05-12
청하1,흥해-금장2-청하,흥해행,청하행,,34,22120,60,10,상행,금장2리마을회관,457.8,2026-05-12
청하1,흥해-금장2-청하,흥해행,청하행,,34,22120,60,11,상행,들꽃마을,618.8,2026-05-12
청하1,흥해-금장2-청하,흥해행,청하행,,34,22120,60,12,상행,칠포삼거리,905.8,2026-05-12
청하1,흥해-금장2-청하,흥해행,청하행,,34,22120,60,13,상행,흥해하수처리장,471.2,2026-05-12
청하1,흥해-금장2-청하,흥해행,청하행,,34,22120,60,14,상행,칠포해수욕장,666.4,2026-05-12
청하1,흥해-금장2-청하,흥해행,청하행,,34,22120,60,15,상행,칠포2리,1221.5,2026-05-12
청하1,흥해-금장2-청하,흥해행,청하행,,34,22120,60,16,상행,칠포1리,536.5,2026-05-12
청하1,흥해-금장2-청하,흥해행,청하행,,34,22120,60,17,상행,오도1리,1371.3,2026-05-12
청하1,흥해-금장2-청하,흥해행,청하행,,34,22120,60,18,상행,소소정,538.7,2026-05-12
청하1,흥해-금장2-청하,흥해행,청하행,,34,22120,60,19,상행,오도2리,374.7,2026-05-12
청하1,흥해-금장2-청하,흥해행,청하행,,34,22120,60,20,상행,사방기념공원,413.4,2026-05-12
청하1,흥해-금장2-청하,흥해행,청하행,,34,22120,60,21,상행,청진3리,834.2,2026-05-12
청하1,흥해-금장2-청하,흥해행,청하행,,34,22120,60,22,상행,청진2리,435.2,2026-05-12
청하1,흥해-금장2-청하,흥해행,청하행,,34,22120,60,23,상행,청진1리,614.8,2026-05-12
청하1,흥해-금장2-청하,흥해행,청하행,,34,22120,60,24,상행,이가리,479.4,2026-05-12
청하1,흥해-금장2-청하,흥해행,청하행,,34,22120,60,25,상행,이가리 닻전망대,925.5,2026-05-12
청하1,흥해-금장2-청하,흥해행,청하행,,34,22120,60,26,상행,용두리,1116.3,2026-05-12
청하1,흥해-금장2-청하,흥해행,청하행,,34,22120,60,27,상행,월포,655.7,2026-05-12
청하1,흥해-금장2-청하,흥해행,청하행,,34,22120,60,28,상행,월포역,547.2,2026-05-12
청하1,흥해-금장2-청하,흥해행,청하행,,34,22120,60,29,상행,필화2리,894.6,2026-05-12
청하1,흥해-금장2-청하,흥해행,청하행,,34,22120,60,30,상행,청하사거리,611.6,2026-05-12
청하1,흥해-금장2-청하,흥해행,청하행,,34,22120,60,31,상행,청하면민복지회관,848.6,2026-05-12
청하1,흥해-금장2-청하,흥해행,청하행,,34,22120,60,32,상행,청하초등학교,265,2026-05-12
청하1,흥해-금장2-청하,흥해행,청하행,,34,22120,60,33,상행,청하시장,230.6,2026-05-12
청하1,흥해-금장2-청하,흥해행,청하행,,34,22120,60,34,상행,청하환승센터,288.1,2026-05-12
청하1,흥해-청하-곡강3-금장2-흥해,청하행,청하행,청하행,71,45517,60,1,상행,흥해환승센터,0,2026-05-12
청하1,흥해-청하-곡강3-금장2-흥해,청하행,청하행,청하행,71,45517,60,2,상행,흥해파출소,221.7,2026-05-12
청하1,흥해-청하-곡강3-금장2-흥해,청하행,청하행,청하행,71,45517,60,3,상행,곡강리,1780.3,2026-05-12
청하1,흥해-청하-곡강3-금장2-흥해,청하행,청하행,청하행,71,45517,60,4,상행,곡강초등학교,317.6,2026-05-12
청하1,흥해-청하-곡강3-금장2-흥해,청하행,청하행,청하행,71,45517,60,5,상행,포항요양병원,533,2026-05-12
청하1,흥해-청하-곡강3-금장2-흥해,청하행,청하행,청하행,71,45517,60,6,상행,용천리,212.4,2026-05-12
청하1,흥해-청하-곡강3-금장2-흥해,청하행,청하행,청하행,71,45517,60,7,상행,곡강2교,1016.1,2026-05-12
청하1,흥해-청하-곡강3-금장2-흥해,청하행,청하행,청하행,71,45517,60,8,상행,흥안2리마을회관,1084.5,2026-05-12
청하1,흥해-청하-곡강3-금장2-흥해,청하행,청하행,청하행,71,45517,60,9,상행,흥안,544.5,2026-05-12
청하1,흥해-청하-곡강3-금장2-흥해,청하행,청하행,청하행,71,45517,60,10,상행,금장2리마을회관,457.8,2026-05-12
청하1,흥해-청하-곡강3-금장2-흥해,청하행,청하행,청하행,71,45517,60,11,상행,들꽃마을,618.8,2026-05-12
청하1,흥해-청하-곡강3-금장2-흥해,청하행,청하행,청하행,71,45517,60,12,상행,칠포삼거리,905.8,2026-05-12
청하1,흥해-청하-곡강3-금장2-흥해,청하행,청하행,청하행,71,45517,60,13,상행,흥해하수처리장,471.2,2026-05-12
청하1,흥해-청하-곡강3-금장2-흥해,청하행,청하행,청하행,71,45517,60,14,상행,칠포해수욕장,666.4,2026-05-12
청하1,흥해-청하-곡강3-금장2-흥해,청하행,청하행,청하행,71,45517,60,15,상행,칠포2리,1221.5,2026-05-12
청하1,흥해-청하-곡강3-금장2-흥해,청하행,청하행,청하행,71,45517,60,16,상행,칠포1리,536.5,2026-05-12
청하1,흥해-청하-곡강3-금장2-흥해,청하행,청하행,청하행,71,45517,60,17,상행,오도1리,1371.3,2026-05-12
청하1,흥해-청하-곡강3-금장2-흥해,청하행,청하행,청하행,71,45517,60,18,상행,소소정,538.7,2026-05-12
청하1,흥해-청하-곡강3-금장2-흥해,청하행,청하행,청하행,71,45517,60,19,상행,오도2리,374.7,2026-05-12
청하1,흥해-청하-곡강3-금장2-흥해,청하행,청하행,청하행,71,45517,60,20,상행,사방기념공원,413.4,2026-05-12
청하1,흥해-청하-곡강3-금장2-흥해,청하행,청하행,청하행,71,45517,60,21,상행,청진3리,834.2,2026-05-12
청하1,흥해-청하-곡강3-금장2-흥해,청하행,청하행,청하행,71,45517,60,22,상행,청진2리,435.2,2026-05-12
청하1,흥해-청하-곡강3-금장2-흥해,청하행,청하행,청하행,71,45517,60,23,상행,청진1리,614.8,2026-05-12
청하1,흥해-청하-곡강3-금장2-흥해,청하행,청하행,청하행,71,45517,60,24,상행,이가리,479.4,2026-05-12
청하1,흥해-청하-곡강3-금장2-흥해,청하행,청하행,청하행,71,45517,60,25,상행,이가리 닻전망대,925.5,2026-05-12
청하1,흥해-청하-곡강3-금장2-흥해,청하행,청하행,청하행,71,45517,60,26,상행,용두리,1116.3,2026-05-12
청하1,흥해-청하-곡강3-금장2-흥해,청하행,청하행,청하행,71,45517,60,27,상행,월포,655.7,2026-05-12
청하1,흥해-청하-곡강3-금장2-흥해,청하행,청하행,청하행,71,45517,60,28,상행,월포역,547.2,2026-05-12
청하1,흥해-청하-곡강3-금장2-흥해,청하행,청하행,청하행,71,45517,60,29,상행,필화2리,894.6,2026-05-12
청하1,흥해-청하-곡강3-금장2-흥해,청하행,청하행,청하행,71,45517,60,30,상행,청하사거리,611.6,2026-05-12
청하1,흥해-청하-곡강3-금장2-흥해,청하행,청하행,청하행,71,45517,60,31,상행,청하면민복지회관,848.6,2026-05-12
청하1,흥해-청하-곡강3-금장2-흥해,청하행,청하행,청하행,71,45517,60,32,상행,청하초등학교,265,2026-05-12
청하1,흥해-청하-곡강3-금장2-흥해,청하행,청하행,청하행,71,45517,60,33,상행,청하시장,230.6,2026-05-12
청하1,흥해-청하-곡강3-금장2-흥해,청하행,청하행,청하행,71,45517,60,34,상행,청하환승센터,288.1,2026-05-12
청하1,흥해-청하-곡강3-금장2-흥해,청하행,청하행,청하행,71,45517,60,35,하행,청하환승센터,32.4,2026-05-12
청하1,흥해-청하-곡강3-금장2-흥해,청하행,청하행,청하행,71,45517,60,36,하행,청하시장,320.6,2026-05-12
청하1,흥해-청하-곡강3-금장2-흥해,청하행,청하행,청하행,71,45517,60,37,하행,청하초등학교,194.1,2026-05-12
청하1,흥해-청하-곡강3-금장2-흥해,청하행,청하행,청하행,71,45517,60,38,하행,청하면민복지회관,320.3,2026-05-12
청하1,흥해-청하-곡강3-금장2-흥해,청하행,청하행,청하행,71,45517,60,39,하행,청하사거리,802.9,2026-05-12
청하1,흥해-청하-곡강3-금장2-흥해,청하행,청하행,청하행,71,45517,60,40,하행,필화2리,632.1,2026-05-12
청하1,흥해-청하-곡강3-금장2-흥해,청하행,청하행,청하행,71,45517,60,41,하행,월포역,863.3,2026-05-12
청하1,흥해-청하-곡강3-금장2-흥해,청하행,청하행,청하행,71,45517,60,42,하행,월포초등학교,120.2,2026-05-12
청하1,흥해-청하-곡강3-금장2-흥해,청하행,청하행,청하행,71,45517,60,43,하행,월포회차지,162.7,2026-05-12
청하1,흥해-청하-곡강3-금장2-흥해,청하행,청하행,청하행,71,45517,60,44,하행,월포,252.3,2026-05-12
청하1,흥해-청하-곡강3-금장2-흥해,청하행,청하행,청하행,71,45517,60,45,하행,용두리,662.5,2026-05-12
청하1,흥해-청하-곡강3-금장2-흥해,청하행,청하행,청하행,71,45517,60,46,하행,이가리 닻전망대,1127.6,2026-05-12
청하1,흥해-청하-곡강3-금장2-흥해,청하행,청하행,청하행,71,45517,60,47,하행,이가리,893.8,2026-05-12
청하1,흥해-청하-곡강3-금장2-흥해,청하행,청하행,청하행,71,45517,60,48,하행,청진1리,573.3,2026-05-12
청하1,흥해-청하-곡강3-금장2-흥해,청하행,청하행,청하행,71,45517,60,49,하행,청진2리,546.7,2026-05-12
청하1,흥해-청하-곡강3-금장2-흥해,청하행,청하행,청하행,71,45517,60,50,하행,청진3리,454.8,2026-05-12
청하1,흥해-청하-곡강3-금장2-흥해,청하행,청하행,청하행,71,45517,60,51,하행,사방기념공원,814.2,2026-05-12
청하1,흥해-청하-곡강3-금장2-흥해,청하행,청하행,청하행,71,45517,60,52,하행,오도2리,432.5,2026-05-12
청하1,흥해-청하-곡강3-금장2-흥해,청하행,청하행,청하행,71,45517,60,53,하행,소소정,366.9,2026-05-12
청하1,흥해-청하-곡강3-금장2-흥해,청하행,청하행,청하행,71,45517,60,54,하행,오도1리,543.6,2026-05-12
청하1,흥해-청하-곡강3-금장2-흥해,청하행,청하행,청하행,71,45517,60,55,하행,칠포1리,1355.4,2026-05-12
청하1,흥해-청하-곡강3-금장2-흥해,청하행,청하행,청하행,71,45517,60,56,하행,칠포2리,544.3,2026-05-12
청하1,흥해-청하-곡강3-금장2-흥해,청하행,청하행,청하행,71,45517,60,57,하행,곡강3리,1678.7,2026-05-12
청하1,흥해-청하-곡강3-금장2-흥해,청하행,청하행,청하행,71,45517,60,58,하행,칠포해수욕장,473,2026-05-12
청하1,흥해-청하-곡강3-금장2-흥해,청하행,청하행,청하행,71,45517,60,59,하행,흥해하수처리장,652.7,2026-05-12
청하1,흥해-청하-곡강3-금장2-흥해,청하행,청하행,청하행,71,45517,60,60,하행,칠포삼거리,572.6,2026-05-12
청하1,흥해-청하-곡강3-금장2-흥해,청하행,청하행,청하행,71,45517,60,61,하행,들꽃마을,823.4,2026-05-12
청하1,흥해-청하-곡강3-금장2-흥해,청하행,청하행,청하행,71,45517,60,62,하행,금장2리마을회관,648.6,2026-05-12
청하1,흥해-청하-곡강3-금장2-흥해,청하행,청하행,청하행,71,45517,60,63,하행,흥안,433.7,2026-05-12
청하1,흥해-청하-곡강3-금장2-흥해,청하행,청하행,청하행,71,45517,60,64,하행,흥안2리마을회관,573.4,2026-05-12
청하1,흥해-청하-곡강3-금장2-흥해,청하행,청하행,청하행,71,45517,60,65,하행,곡강2교,1042.7,2026-05-12
청하1,흥해-청하-곡강3-금장2-흥해,청하행,청하행,청하행,71,45517,60,66,하행,용천리,1039,2026-05-12
청하1,흥해-청하-곡강3-금장2-흥해,청하행,청하행,청하행,71,45517,60,67,하행,포항요양병원,197.5,2026-05-12
청하1,흥해-청하-곡강3-금장2-흥해,청하행,청하행,청하행,71,45517,60,68,하행,곡강초등학교,460.8,2026-05-12
청하1,흥해-청하-곡강3-금장2-흥해,청하행,청하행,청하행,71,45517,60,69,하행,곡강리,392.2,2026-05-12
청하1,흥해-청하-곡강3-금장2-흥해,청하행,청하행,청하행,71,45517,60,70,하행,마산사거리(방통대),1908.7,2026-05-12
청하1,흥해-청하-곡강3-금장2-흥해,청하행,청하행,청하행,71,45517,60,71,하행,흥해환승센터,474.2,2026-05-12
청하1,흥해-청하-흥해,청하행,청하행,청하행,66,41319,60,1,상행,흥해환승센터,0,2026-05-12
청하1,흥해-청하-흥해,청하행,청하행,청하행,66,41319,60,2,상행,흥해파출소,229.5,2026-05-12
청하1,흥해-청하-흥해,청하행,청하행,청하행,66,41319,60,3,상행,곡강리,1780.3,2026-05-12
청하1,흥해-청하-흥해,청하행,청하행,청하행,66,41319,60,4,상행,곡강초등학교,387.4,2026-05-12
청하1,흥해-청하-흥해,청하행,청하행,청하행,66,41319,60,5,상행,포항요양병원,463.2,2026-05-12
청하1,흥해-청하-흥해,청하행,청하행,청하행,66,41319,60,6,상행,용천리,212.4,2026-05-12
청하1,흥해-청하-흥해,청하행,청하행,청하행,66,41319,60,7,상행,곡강2교,1016.1,2026-05-12
청하1,흥해-청하-흥해,청하행,청하행,청하행,66,41319,60,8,상행,흥안,767.9,2026-05-12
청하1,흥해-청하-흥해,청하행,청하행,청하행,66,41319,60,9,상행,들꽃마을,310.1,2026-05-12
청하1,흥해-청하-흥해,청하행,청하행,청하행,66,41319,60,10,상행,칠포삼거리,905.8,2026-05-12
청하1,흥해-청하-흥해,청하행,청하행,청하행,66,41319,60,11,상행,흥해하수처리장,471.2,2026-05-12
청하1,흥해-청하-흥해,청하행,청하행,청하행,66,41319,60,12,상행,칠포해수욕장,666.4,2026-05-12
청하1,흥해-청하-흥해,청하행,청하행,청하행,66,41319,60,13,상행,칠포2리,1221.5,2026-05-12
청하1,흥해-청하-흥해,청하행,청하행,청하행,66,41319,60,14,상행,칠포1리,536.5,2026-05-12
청하1,흥해-청하-흥해,청하행,청하행,청하행,66,41319,60,15,상행,오도1리,1371.3,2026-05-12
청하1,흥해-청하-흥해,청하행,청하행,청하행,66,41319,60,16,상행,소소정,538.7,2026-05-12
청하1,흥해-청하-흥해,청하행,청하행,청하행,66,41319,60,17,상행,오도2리,374.7,2026-05-12
청하1,흥해-청하-흥해,청하행,청하행,청하행,66,41319,60,18,상행,사방기념공원,413.4,2026-05-12
청하1,흥해-청하-흥해,청하행,청하행,청하행,66,41319,60,19,상행,청진3리,834.2,2026-05-12
청하1,흥해-청하-흥해,청하행,청하행,청하행,66,41319,60,20,상행,청진2리,435.2,2026-05-12
청하1,흥해-청하-흥해,청하행,청하행,청하행,66,41319,60,21,상행,청진1리,614.8,2026-05-12
청하1,흥해-청하-흥해,청하행,청하행,청하행,66,41319,60,22,상행,이가리,479.4,2026-05-12
청하1,흥해-청하-흥해,청하행,청하행,청하행,66,41319,60,23,상행,이가리 닻전망대,925.5,2026-05-12
청하1,흥해-청하-흥해,청하행,청하행,청하행,66,41319,60,24,상행,용두리,1116.3,2026-05-12
청하1,흥해-청하-흥해,청하행,청하행,청하행,66,41319,60,25,상행,월포,655.7,2026-05-12
청하1,흥해-청하-흥해,청하행,청하행,청하행,66,41319,60,26,상행,월포역,547.2,2026-05-12
청하1,흥해-청하-흥해,청하행,청하행,청하행,66,41319,60,27,상행,필화2리,894.6,2026-05-12
청하1,흥해-청하-흥해,청하행,청하행,청하행,66,41319,60,28,상행,청하사거리,611.6,2026-05-12
청하1,흥해-청하-흥해,청하행,청하행,청하행,66,41319,60,29,상행,청하면민복지회관,848.6,2026-05-12
청하1,흥해-청하-흥해,청하행,청하행,청하행,66,41319,60,30,상행,청하초등학교,265,2026-05-12
청하1,흥해-청하-흥해,청하행,청하행,청하행,66,41319,60,31,상행,청하시장,230.6,2026-05-12
청하1,흥해-청하-흥해,청하행,청하행,청하행,66,41319,60,32,상행,청하환승센터,288.1,2026-05-12
청하1,흥해-청하-흥해,청하행,청하행,청하행,66,41319,60,33,하행,청하환승센터,32.4,2026-05-12
청하1,흥해-청하-흥해,청하행,청하행,청하행,66,41319,60,34,하행,청하시장,320.6,2026-05-12
청하1,흥해-청하-흥해,청하행,청하행,청하행,66,41319,60,35,하행,청하초등학교,194.1,2026-05-12
청하1,흥해-청하-흥해,청하행,청하행,청하행,66,41319,60,36,하행,청하면민복지회관,320.3,2026-05-12
청하1,흥해-청하-흥해,청하행,청하행,청하행,66,41319,60,37,하행,청하사거리,802.9,2026-05-12
청하1,흥해-청하-흥해,청하행,청하행,청하행,66,41319,60,38,하행,필화2리,632.1,2026-05-12
청하1,흥해-청하-흥해,청하행,청하행,청하행,66,41319,60,39,하행,월포역,863.3,2026-05-12
청하1,흥해-청하-흥해,청하행,청하행,청하행,66,41319,60,40,하행,월포초등학교,120.2,2026-05-12
청하1,흥해-청하-흥해,청하행,청하행,청하행,66,41319,60,41,하행,월포회차지,162.7,2026-05-12
청하1,흥해-청하-흥해,청하행,청하행,청하행,66,41319,60,42,하행,월포,252.3,2026-05-12
청하1,흥해-청하-흥해,청하행,청하행,청하행,66,41319,60,43,하행,용두리,662.5,2026-05-12
청하1,흥해-청하-흥해,청하행,청하행,청하행,66,41319,60,44,하행,이가리 닻전망대,1127.6,2026-05-12
청하1,흥해-청하-흥해,청하행,청하행,청하행,66,41319,60,45,하행,이가리,893.8,2026-05-12
청하1,흥해-청하-흥해,청하행,청하행,청하행,66,41319,60,46,하행,청진1리,573.3,2026-05-12
청하1,흥해-청하-흥해,청하행,청하행,청하행,66,41319,60,47,하행,청진2리,546.7,2026-05-12
청하1,흥해-청하-흥해,청하행,청하행,청하행,66,41319,60,48,하행,청진3리,454.8,2026-05-12
청하1,흥해-청하-흥해,청하행,청하행,청하행,66,41319,60,49,하행,사방기념공원,814.2,2026-05-12
청하1,흥해-청하-흥해,청하행,청하행,청하행,66,41319,60,50,하행,오도2리,432.5,2026-05-12
청하1,흥해-청하-흥해,청하행,청하행,청하행,66,41319,60,51,하행,소소정,366.9,2026-05-12
청하1,흥해-청하-흥해,청하행,청하행,청하행,66,41319,60,52,하행,오도1리,543.6,2026-05-12
청하1,흥해-청하-흥해,청하행,청하행,청하행,66,41319,60,53,하행,칠포1리,1355.4,2026-05-12
청하1,흥해-청하-흥해,청하행,청하행,청하행,66,41319,60,54,하행,칠포2리,544.3,2026-05-12
청하1,흥해-청하-흥해,청하행,청하행,청하행,66,41319,60,55,하행,칠포해수욕장,1225.2,2026-05-12
청하1,흥해-청하-흥해,청하행,청하행,청하행,66,41319,60,56,하행,흥해하수처리장,652.7,2026-05-12
청하1,흥해-청하-흥해,청하행,청하행,청하행,66,41319,60,57,하행,칠포삼거리,572.6,2026-05-12
청하1,흥해-청하-흥해,청하행,청하행,청하행,66,41319,60,58,하행,들꽃마을,823.4,2026-05-12
청하1,흥해-청하-흥해,청하행,청하행,청하행,66,41319,60,59,하행,흥안,315.8,2026-05-12
청하1,흥해-청하-흥해,청하행,청하행,청하행,66,41319,60,60,하행,곡강2교,755,2026-05-12
청하1,흥해-청하-흥해,청하행,청하행,청하행,66,41319,60,61,하행,용천리,1039,2026-05-12
청하1,흥해-청하-흥해,청하행,청하행,청하행,66,41319,60,62,하행,포항요양병원,197.5,2026-05-12
청하1,흥해-청하-흥해,청하행,청하행,청하행,66,41319,60,63,하행,곡강초등학교,460.8,2026-05-12
청하1,흥해-청하-흥해,청하행,청하행,청하행,66,41319,60,64,하행,곡강리,392.2,2026-05-12
청하1,흥해-청하-흥해,청하행,청하행,청하행,66,41319,60,65,하행,마산사거리(방통대),1899.8,2026-05-12
청하1,흥해-청하-흥해,청하행,청하행,청하행,66,41319,60,66,하행,흥해환승센터,459.6,2026-05-12
청하2,청하-조사리-흥해,청하행,흥해행,,49,27818,60,1,상행,청하환승센터,0,2026-05-12
청하2,청하-조사리-흥해,청하행,흥해행,,49,27818,60,2,상행,청하시장,320.6,2026-05-12
청하2,청하-조사리-흥해,청하행,흥해행,,49,27818,60,3,상행,청하초등학교,194.1,2026-05-12
청하2,청하-조사리-흥해,청하행,흥해행,,49,27818,60,4,상행,청하면민복지회관,320.3,2026-05-12
청하2,청하-조사리-흥해,청하행,흥해행,,49,27818,60,5,상행,청하사거리,802.9,2026-05-12
청하2,청하-조사리-흥해,청하행,흥해행,,49,27818,60,6,상행,필화2리,632.1,2026-05-12
청하2,청하-조사리-흥해,청하행,흥해행,,49,27818,60,7,상행,월포역,863.3,2026-05-12
청하2,청하-조사리-흥해,청하행,흥해행,,49,27818,60,8,상행,월포2리,512.2,2026-05-12
청하2,청하-조사리-흥해,청하행,흥해행,,49,27818,60,9,상행,월포1리,256,2026-05-12
청하2,청하-조사리-흥해,청하행,흥해행,,49,27818,60,10,상행,방어리입구,719.2,2026-05-12
청하2,청하-조사리-흥해,청하행,흥해행,,49,27818,60,11,상행,방어리마을회관,293.5,2026-05-12
청하2,청하-조사리-흥해,청하행,흥해행,,49,27818,60,12,상행,방어리,288.5,2026-05-12
청하2,청하-조사리-흥해,청하행,흥해행,,49,27818,60,13,상행,조사리바다쉼터,852.5,2026-05-12
청하2,청하-조사리-흥해,청하행,흥해행,,49,27818,60,14,상행,조사리,206.1,2026-05-12
청하2,청하-조사리-흥해,청하행,흥해행,,49,27818,60,15,상행,조사리,874.4,2026-05-12
청하2,청하-조사리-흥해,청하행,흥해행,,49,27818,60,16,상행,조사리바다쉼터,251.4,2026-05-12
청하2,청하-조사리-흥해,청하행,흥해행,,49,27818,60,17,상행,방어리,851.2,2026-05-12
청하2,청하-조사리-흥해,청하행,흥해행,,49,27818,60,18,상행,방어리마을회관,266,2026-05-12
청하2,청하-조사리-흥해,청하행,흥해행,,49,27818,60,19,상행,방어리입구,307.7,2026-05-12
청하2,청하-조사리-흥해,청하행,흥해행,,49,27818,60,20,상행,월포1리,692.8,2026-05-12
청하2,청하-조사리-흥해,청하행,흥해행,,49,27818,60,21,상행,월포2리,261.9,2026-05-12
청하2,청하-조사리-흥해,청하행,흥해행,,49,27818,60,22,상행,월포초등학교,419.4,2026-05-12
청하2,청하-조사리-흥해,청하행,흥해행,,49,27818,60,23,상행,월포초등학교,57.7,2026-05-12
청하2,청하-조사리-흥해,청하행,흥해행,,49,27818,60,24,상행,월포회차지,162.7,2026-05-12
청하2,청하-조사리-흥해,청하행,흥해행,,49,27818,60,25,상행,월포,252.3,2026-05-12
청하2,청하-조사리-흥해,청하행,흥해행,,49,27818,60,26,상행,용두리,662.5,2026-05-12
청하2,청하-조사리-흥해,청하행,흥해행,,49,27818,60,27,상행,이가리 닻전망대,1127.6,2026-05-12
청하2,청하-조사리-흥해,청하행,흥해행,,49,27818,60,28,상행,이가리,893.8,2026-05-12
청하2,청하-조사리-흥해,청하행,흥해행,,49,27818,60,29,상행,청진1리,573.3,2026-05-12
청하2,청하-조사리-흥해,청하행,흥해행,,49,27818,60,30,상행,청진2리,546.7,2026-05-12
청하2,청하-조사리-흥해,청하행,흥해행,,49,27818,60,31,상행,청진3리,454.8,2026-05-12
청하2,청하-조사리-흥해,청하행,흥해행,,49,27818,60,32,상행,사방기념공원,814.2,2026-05-12
청하2,청하-조사리-흥해,청하행,흥해행,,49,27818,60,33,상행,오도2리,432.5,2026-05-12
청하2,청하-조사리-흥해,청하행,흥해행,,49,27818,60,34,상행,소소정,366.9,2026-05-12
청하2,청하-조사리-흥해,청하행,흥해행,,49,27818,60,35,상행,오도1리,543.6,2026-05-12
청하2,청하-조사리-흥해,청하행,흥해행,,49,27818,60,36,상행,칠포1리,1355.4,2026-05-12
청하2,청하-조사리-흥해,청하행,흥해행,,49,27818,60,37,상행,칠포2리,544.3,2026-05-12
청하2,청하-조사리-흥해,청하행,흥해행,,49,27818,60,38,상행,칠포해수욕장,1225.2,2026-05-12
청하2,청하-조사리-흥해,청하행,흥해행,,49,27818,60,39,상행,흥해하수처리장,652.7,2026-05-12
청하2,청하-조사리-흥해,청하행,흥해행,,49,27818,60,40,상행,칠포삼거리,572.6,2026-05-12
청하2,청하-조사리-흥해,청하행,흥해행,,49,27818,60,41,상행,들꽃마을,823.4,2026-05-12
청하2,청하-조사리-흥해,청하행,흥해행,,49,27818,60,42,상행,흥안,315.8,2026-05-12
청하2,청하-조사리-흥해,청하행,흥해행,,49,27818,60,43,상행,곡강2교,755,2026-05-12
청하2,청하-조사리-흥해,청하행,흥해행,,49,27818,60,44,상행,용천리,1039,2026-05-12
청하2,청하-조사리-흥해,청하행,흥해행,,49,27818,60,45,상행,포항요양병원,197.5,2026-05-12
청하2,청하-조사리-흥해,청하행,흥해행,,49,27818,60,46,상행,곡강초등학교,460.8,2026-05-12
청하2,청하-조사리-흥해,청하행,흥해행,,49,27818,60,47,상행,곡강리,392.2,2026-05-12
청하2,청하-조사리-흥해,청하행,흥해행,,49,27818,60,48,상행,마산사거리(방통대),1899.8,2026-05-12
청하2,청하-조사리-흥해,청하행,흥해행,,49,27818,60,49,상행,흥해환승센터,459.6,2026-05-12
청하2,흥해-청하,흥해행,청하행,,32,20492,60,1,상행,흥해환승센터,0,2026-05-12
청하2,흥해-청하,흥해행,청하행,,32,20492,60,2,상행,흥해파출소,229.5,2026-05-12
청하2,흥해-청하,흥해행,청하행,,32,20492,60,3,상행,곡강리,1780.3,2026-05-12
청하2,흥해-청하,흥해행,청하행,,32,20492,60,4,상행,곡강초등학교,387.4,2026-05-12
청하2,흥해-청하,흥해행,청하행,,32,20492,60,5,상행,포항요양병원,463.2,2026-05-12
청하2,흥해-청하,흥해행,청하행,,32,20492,60,6,상행,용천리,212.4,2026-05-12
청하2,흥해-청하,흥해행,청하행,,32,20492,60,7,상행,곡강2교,1016.1,2026-05-12
청하2,흥해-청하,흥해행,청하행,,32,20492,60,8,상행,흥안,767.9,2026-05-12
청하2,흥해-청하,흥해행,청하행,,32,20492,60,9,상행,들꽃마을,310.1,2026-05-12
청하2,흥해-청하,흥해행,청하행,,32,20492,60,10,상행,칠포삼거리,905.8,2026-05-12
청하2,흥해-청하,흥해행,청하행,,32,20492,60,11,상행,흥해하수처리장,471.2,2026-05-12
청하2,흥해-청하,흥해행,청하행,,32,20492,60,12,상행,칠포해수욕장,666.4,2026-05-12
청하2,흥해-청하,흥해행,청하행,,32,20492,60,13,상행,칠포2리,1221.5,2026-05-12
청하2,흥해-청하,흥해행,청하행,,32,20492,60,14,상행,칠포1리,536.5,2026-05-12
청하2,흥해-청하,흥해행,청하행,,32,20492,60,15,상행,오도1리,1371.3,2026-05-12
청하2,흥해-청하,흥해행,청하행,,32,20492,60,16,상행,소소정,538.7,2026-05-12
청하2,흥해-청하,흥해행,청하행,,32,20492,60,17,상행,오도2리,374.7,2026-05-12
청하2,흥해-청하,흥해행,청하행,,32,20492,60,18,상행,사방기념공원,413.4,2026-05-12
청하2,흥해-청하,흥해행,청하행,,32,20492,60,19,상행,청진3리,834.2,2026-05-12
청하2,흥해-청하,흥해행,청하행,,32,20492,60,20,상행,청진2리,435.2,2026-05-12
청하2,흥해-청하,흥해행,청하행,,32,20492,60,21,상행,청진1리,614.8,2026-05-12
청하2,흥해-청하,흥해행,청하행,,32,20492,60,22,상행,이가리,479.4,2026-05-12
청하2,흥해-청하,흥해행,청하행,,32,20492,60,23,상행,이가리 닻전망대,925.5,2026-05-12
청하2,흥해-청하,흥해행,청하행,,32,20492,60,24,상행,용두리,1116.3,2026-05-12
청하2,흥해-청하,흥해행,청하행,,32,20492,60,25,상행,월포,655.7,2026-05-12
청하2,흥해-청하,흥해행,청하행,,32,20492,60,26,상행,월포역,547.2,2026-05-12
청하2,흥해-청하,흥해행,청하행,,32,20492,60,27,상행,필화2리,894.6,2026-05-12
청하2,흥해-청하,흥해행,청하행,,32,20492,60,28,상행,청하사거리,611.6,2026-05-12
청하2,흥해-청하,흥해행,청하행,,32,20492,60,29,상행,청하면민복지회관,848.6,2026-05-12
청하2,흥해-청하,흥해행,청하행,,32,20492,60,30,상행,청하초등학교,265,2026-05-12
청하2,흥해-청하,흥해행,청하행,,32,20492,60,31,상행,청하시장,230.6,2026-05-12
청하2,흥해-청하,흥해행,청하행,,32,20492,60,32,상행,청하환승센터,288.1,2026-05-12
청하3,청하-명안(유계)-청하,청하행,명안리행,,23,13533,60,1,상행,청하환승센터,0,2026-05-12
청하3,청하-명안(유계)-청하,청하행,명안리행,,23,13533,60,2,상행,청하시장,320.6,2026-05-12
청하3,청하-명안(유계)-청하,청하행,명안리행,,23,13533,60,3,상행,청하면사무소,422.2,2026-05-12
청하3,청하-명안(유계)-청하,청하행,명안리행,,23,13533,60,4,상행,서정2리입구,1076,2026-05-12
청하3,청하-명안(유계)-청하,청하행,명안리행,,23,13533,60,5,상행,서정2리,247.9,2026-05-12
청하3,청하-명안(유계)-청하,청하행,명안리행,,23,13533,60,6,상행,상대리,637.4,2026-05-12
청하3,청하-명안(유계)-청하,청하행,명안리행,,23,13533,60,7,상행,서정1리,710.1,2026-05-12
청하3,청하-명안(유계)-청하,청하행,명안리행,,23,13533,60,8,상행,안심저수지,1122.6,2026-05-12
청하3,청하-명안(유계)-청하,청하행,명안리행,,23,13533,60,9,상행,명안1리,758.4,2026-05-12
청하3,청하-명안(유계)-청하,청하행,명안리행,,23,13533,60,10,상행,명안리마을회관,724.7,2026-05-12
청하3,청하-명안(유계)-청하,청하행,명안리행,,23,13533,60,11,상행,명안1리,652.9,2026-05-12
청하3,청하-명안(유계)-청하,청하행,명안리행,,23,13533,60,12,상행,안심저수지,726.7,2026-05-12
청하3,청하-명안(유계)-청하,청하행,명안리행,,23,13533,60,13,상행,유계리,1242.7,2026-05-12
청하3,청하-명안(유계)-청하,청하행,명안리행,,23,13533,60,14,상행,유계리종점,389.8,2026-05-12
청하3,청하-명안(유계)-청하,청하행,명안리행,,23,13533,60,15,상행,유계리 교회,167.5,2026-05-12
청하3,청하-명안(유계)-청하,청하행,명안리행,,23,13533,60,16,상행,유계리,246.5,2026-05-12
청하3,청하-명안(유계)-청하,청하행,명안리행,,23,13533,60,17,상행,서정1리,590.5,2026-05-12
청하3,청하-명안(유계)-청하,청하행,명안리행,,23,13533,60,18,상행,상대리,750.3,2026-05-12
청하3,청하-명안(유계)-청하,청하행,명안리행,,23,13533,60,19,상행,서정2리,644,2026-05-12
청하3,청하-명안(유계)-청하,청하행,명안리행,,23,13533,60,20,상행,서정2리입구,241.4,2026-05-12
청하3,청하-명안(유계)-청하,청하행,명안리행,,23,13533,60,21,상행,청하면사무소,1069.7,2026-05-12
청하3,청하-명안(유계)-청하,청하행,명안리행,,23,13533,60,22,상행,청하시장,470.8,2026-05-12
청하3,청하-명안(유계)-청하,청하행,명안리행,,23,13533,60,23,상행,청하환승센터,288.1,2026-05-12
청하3,청하-상송-상대-하대-청계-청하,청하행,청하행,,22,20373,60,1,상행,청하환승센터,0,2026-05-12
청하3,청하-상송-상대-하대-청계-청하,청하행,청하행,,22,20373,60,2,상행,청하시장,320.6,2026-05-12
청하3,청하-상송-상대-하대-청계-청하,청하행,청하행,,22,20373,60,3,상행,청하초등학교,194.1,2026-05-12
청하3,청하-상송-상대-하대-청계-청하,청하행,청하행,,22,20373,60,4,상행,청하면민복지회관,320.3,2026-05-12
청하3,청하-상송-상대-하대-청계-청하,청하행,청하행,,22,20373,60,5,상행,청하면민복지회관,3321.2,2026-05-12
청하3,청하-상송-상대-하대-청계-청하,청하행,청하행,,22,20373,60,6,상행,청하초등학교,265,2026-05-12
청하3,청하-상송-상대-하대-청계-청하,청하행,청하행,,22,20373,60,7,상행,청하시장,230.6,2026-05-12
청하3,청하-상송-상대-하대-청계-청하,청하행,청하행,,22,20373,60,8,상행,청하환승센터,288.1,2026-05-12
청하3,청하-상송-상대-하대-청계-청하,청하행,청하행,,22,20373,60,9,상행,서정2리입구,1331.1,2026-05-12
청하3,청하-상송-상대-하대-청계-청하,청하행,청하행,,22,20373,60,10,상행,서정2리,247.9,2026-05-12
청하3,청하-상송-상대-하대-청계-청하,청하행,청하행,,22,20373,60,11,상행,서정2리,2519.7,2026-05-12
청하3,청하-상송-상대-하대-청계-청하,청하행,청하행,,22,20373,60,12,상행,서정2리입구,241.4,2026-05-12
청하3,청하-상송-상대-하대-청계-청하,청하행,청하행,,22,20373,60,13,상행,청하환승센터,5171.9,2026-05-12
청하3,청하-상송-상대-하대-청계-청하,청하행,청하행,,22,20373,60,14,상행,청하시장,320.6,2026-05-12
청하3,청하-상송-상대-하대-청계-청하,청하행,청하행,,22,20373,60,15,상행,청하초등학교,194.1,2026-05-12
청하3,청하-상송-상대-하대-청계-청하,청하행,청하행,,22,20373,60,16,상행,청하면민복지회관,320.3,2026-05-12
청하3,청하-상송-상대-하대-청계-청하,청하행,청하행,,22,20373,60,17,상행,청계리입구,523.3,2026-05-12
청하3,청하-상송-상대-하대-청계-청하,청하행,청하행,,22,20373,60,18,상행,청계리,1570,2026-05-12
청하3,청하-상송-상대-하대-청계-청하,청하행,청하행,,22,20373,60,19,상행,청하면민복지회관,2176.3,2026-05-12
청하3,청하-상송-상대-하대-청계-청하,청하행,청하행,,22,20373,60,20,상행,청하초등학교,265,2026-05-12
청하3,청하-상송-상대-하대-청계-청하,청하행,청하행,,22,20373,60,21,상행,청하시장,230.6,2026-05-12
청하3,청하-상송-상대-하대-청계-청하,청하행,청하행,,22,20373,60,22,상행,청하환승센터,288.1,2026-05-12
청하3,청하-조사리,청하행,조사리행,,14,6729,60,1,상행,청하환승센터,0,2026-05-12
청하3,청하-조사리,청하행,조사리행,,14,6729,60,2,상행,청하시장,320.6,2026-05-12
청하3,청하-조사리,청하행,조사리행,,14,6729,60,3,상행,청하초등학교,194.1,2026-05-12
청하3,청하-조사리,청하행,조사리행,,14,6729,60,4,상행,청하면민복지회관,320.3,2026-05-12
청하3,청하-조사리,청하행,조사리행,,14,6729,60,5,상행,청하사거리,802.9,2026-05-12
청하3,청하-조사리,청하행,조사리행,,14,6729,60,6,상행,필화2리,632.1,2026-05-12
청하3,청하-조사리,청하행,조사리행,,14,6729,60,7,상행,월포역,863.3,2026-05-12
청하3,청하-조사리,청하행,조사리행,,14,6729,60,8,상행,월포2리,512.2,2026-05-12
청하3,청하-조사리,청하행,조사리행,,14,6729,60,9,상행,월포1리,256,2026-05-12
청하3,청하-조사리,청하행,조사리행,,14,6729,60,10,상행,방어리입구,719.2,2026-05-12
청하3,청하-조사리,청하행,조사리행,,14,6729,60,11,상행,방어리마을회관,293.5,2026-05-12
청하3,청하-조사리,청하행,조사리행,,14,6729,60,12,상행,방어리,288.5,2026-05-12
청하3,청하-조사리,청하행,조사리행,,14,6729,60,13,상행,조사리바다쉼터,852.5,2026-05-12
청하3,청하-조사리,청하행,조사리행,,14,6729,60,14,상행,조사리,206.1,2026-05-12
청하3,청하-흥해,청하행,흥해행,,34,20827,60,1,상행,청하환승센터,0,2026-05-12
청하3,청하-흥해,청하행,흥해행,,34,20827,60,2,상행,청하시장,320.6,2026-05-12
청하3,청하-흥해,청하행,흥해행,,34,20827,60,3,상행,청하초등학교,194.1,2026-05-12
청하3,청하-흥해,청하행,흥해행,,34,20827,60,4,상행,청하면민복지회관,320.3,2026-05-12
청하3,청하-흥해,청하행,흥해행,,34,20827,60,5,상행,청하사거리,802.9,2026-05-12
청하3,청하-흥해,청하행,흥해행,,34,20827,60,6,상행,필화2리,632.1,2026-05-12
청하3,청하-흥해,청하행,흥해행,,34,20827,60,7,상행,월포역,863.3,2026-05-12
청하3,청하-흥해,청하행,흥해행,,34,20827,60,8,상행,월포초등학교,120.2,2026-05-12
청하3,청하-흥해,청하행,흥해행,,34,20827,60,9,상행,월포회차지,162.7,2026-05-12
청하3,청하-흥해,청하행,흥해행,,34,20827,60,10,상행,월포,252.3,2026-05-12
청하3,청하-흥해,청하행,흥해행,,34,20827,60,11,상행,용두리,662.5,2026-05-12
청하3,청하-흥해,청하행,흥해행,,34,20827,60,12,상행,이가리 닻전망대,1127.6,2026-05-12
청하3,청하-흥해,청하행,흥해행,,34,20827,60,13,상행,이가리,893.8,2026-05-12
청하3,청하-흥해,청하행,흥해행,,34,20827,60,14,상행,청진1리,573.3,2026-05-12
청하3,청하-흥해,청하행,흥해행,,34,20827,60,15,상행,청진2리,546.7,2026-05-12
청하3,청하-흥해,청하행,흥해행,,34,20827,60,16,상행,청진3리,454.8,2026-05-12
청하3,청하-흥해,청하행,흥해행,,34,20827,60,17,상행,사방기념공원,814.2,2026-05-12
청하3,청하-흥해,청하행,흥해행,,34,20827,60,18,상행,오도2리,432.5,2026-05-12
청하3,청하-흥해,청하행,흥해행,,34,20827,60,19,상행,소소정,366.9,2026-05-12
청하3,청하-흥해,청하행,흥해행,,34,20827,60,20,상행,오도1리,543.6,2026-05-12
청하3,청하-흥해,청하행,흥해행,,34,20827,60,21,상행,칠포1리,1355.4,2026-05-12
청하3,청하-흥해,청하행,흥해행,,34,20827,60,22,상행,칠포2리,544.3,2026-05-12
청하3,청하-흥해,청하행,흥해행,,34,20827,60,23,상행,칠포해수욕장,1225.2,2026-05-12
청하3,청하-흥해,청하행,흥해행,,34,20827,60,24,상행,흥해하수처리장,652.7,2026-05-12
청하3,청하-흥해,청하행,흥해행,,34,20827,60,25,상행,칠포삼거리,572.6,2026-05-12
청하3,청하-흥해,청하행,흥해행,,34,20827,60,26,상행,들꽃마을,823.4,2026-05-12
청하3,청하-흥해,청하행,흥해행,,34,20827,60,27,상행,흥안,315.8,2026-05-12
청하3,청하-흥해,청하행,흥해행,,34,20827,60,28,상행,곡강2교,755,2026-05-12
청하3,청하-흥해,청하행,흥해행,,34,20827,60,29,상행,용천리,1039,2026-05-12
청하3,청하-흥해,청하행,흥해행,,34,20827,60,30,상행,포항요양병원,197.5,2026-05-12
청하3,청하-흥해,청하행,흥해행,,34,20827,60,31,상행,곡강초등학교,460.8,2026-05-12
청하3,청하-흥해,청하행,흥해행,,34,20827,60,32,상행,곡강리,392.2,2026-05-12
청하3,청하-흥해,청하행,흥해행,,34,20827,60,33,상행,마산사거리(방통대),1899.8,2026-05-12
청하3,청하-흥해,청하행,흥해행,,34,20827,60,34,상행,흥해환승센터,459.6,2026-05-12
청하3,흥해-곡강3-청하,흥해행,청하행,,34,21418,60,1,상행,흥해환승센터,0,2026-05-12
청하3,흥해-곡강3-청하,흥해행,청하행,,34,21418,60,2,상행,흥해파출소,221.7,2026-05-12
청하3,흥해-곡강3-청하,흥해행,청하행,,34,21418,60,3,상행,곡강리,1780.3,2026-05-12
청하3,흥해-곡강3-청하,흥해행,청하행,,34,21418,60,4,상행,곡강초등학교,317.6,2026-05-12
청하3,흥해-곡강3-청하,흥해행,청하행,,34,21418,60,5,상행,포항요양병원,533,2026-05-12
청하3,흥해-곡강3-청하,흥해행,청하행,,34,21418,60,6,상행,용천리,212.4,2026-05-12
청하3,흥해-곡강3-청하,흥해행,청하행,,34,21418,60,7,상행,곡강2교,1016.1,2026-05-12
청하3,흥해-곡강3-청하,흥해행,청하행,,34,21418,60,8,상행,흥안,767.9,2026-05-12
청하3,흥해-곡강3-청하,흥해행,청하행,,34,21418,60,9,상행,들꽃마을,310.1,2026-05-12
청하3,흥해-곡강3-청하,흥해행,청하행,,34,21418,60,10,상행,칠포삼거리,905.8,2026-05-12
청하3,흥해-곡강3-청하,흥해행,청하행,,34,21418,60,11,상행,흥해하수처리장,471.2,2026-05-12
청하3,흥해-곡강3-청하,흥해행,청하행,,34,21418,60,12,상행,칠포해수욕장,666.4,2026-05-12
청하3,흥해-곡강3-청하,흥해행,청하행,,34,21418,60,13,상행,곡강3리,558.3,2026-05-12
청하3,흥해-곡강3-청하,흥해행,청하행,,34,21418,60,14,상행,칠포해수욕장,385.6,2026-05-12
청하3,흥해-곡강3-청하,흥해행,청하행,,34,21418,60,15,상행,칠포2리,1204.1,2026-05-12
청하3,흥해-곡강3-청하,흥해행,청하행,,34,21418,60,16,상행,칠포1리,536.5,2026-05-12
청하3,흥해-곡강3-청하,흥해행,청하행,,34,21418,60,17,상행,오도1리,1371.3,2026-05-12
청하3,흥해-곡강3-청하,흥해행,청하행,,34,21418,60,18,상행,소소정,538.7,2026-05-12
청하3,흥해-곡강3-청하,흥해행,청하행,,34,21418,60,19,상행,오도2리,374.7,2026-05-12
청하3,흥해-곡강3-청하,흥해행,청하행,,34,21418,60,20,상행,사방기념공원,413.4,2026-05-12
청하3,흥해-곡강3-청하,흥해행,청하행,,34,21418,60,21,상행,청진3리,834.2,2026-05-12
청하3,흥해-곡강3-청하,흥해행,청하행,,34,21418,60,22,상행,청진2리,435.2,2026-05-12
청하3,흥해-곡강3-청하,흥해행,청하행,,34,21418,60,23,상행,청진1리,614.8,2026-05-12
청하3,흥해-곡강3-청하,흥해행,청하행,,34,21418,60,24,상행,이가리,479.4,2026-05-12
청하3,흥해-곡강3-청하,흥해행,청하행,,34,21418,60,25,상행,이가리 닻전망대,925.5,2026-05-12
청하3,흥해-곡강3-청하,흥해행,청하행,,34,21418,60,26,상행,용두리,1116.3,2026-05-12
청하3,흥해-곡강3-청하,흥해행,청하행,,34,21418,60,27,상행,월포,655.7,2026-05-12
청하3,흥해-곡강3-청하,흥해행,청하행,,34,21418,60,28,상행,월포역,547.2,2026-05-12
청하3,흥해-곡강3-청하,흥해행,청하행,,34,21418,60,29,상행,필화2리,894.6,2026-05-12
청하3,흥해-곡강3-청하,흥해행,청하행,,34,21418,60,30,상행,청하사거리,611.6,2026-05-12
청하3,흥해-곡강3-청하,흥해행,청하행,,34,21418,60,31,상행,청하면민복지회관,848.6,2026-05-12
청하3,흥해-곡강3-청하,흥해행,청하행,,34,21418,60,32,상행,청하초등학교,265,2026-05-12
청하3,흥해-곡강3-청하,흥해행,청하행,,34,21418,60,33,상행,청하시장,230.6,2026-05-12
청하3,흥해-곡강3-청하,흥해행,청하행,,34,21418,60,34,상행,청하환승센터,288.1,2026-05-12
청하4,청하-송라-청하,청하행,청하행,송라행,38,21966,60,1,상행,청하환승센터,0,2026-05-12
청하4,청하-송라-청하,청하행,청하행,송라행,38,21966,60,2,상행,청하시장,320.6,2026-05-12
청하4,청하-송라-청하,청하행,청하행,송라행,38,21966,60,3,상행,청하초등학교,194.1,2026-05-12
청하4,청하-송라-청하,청하행,청하행,송라행,38,21966,60,4,상행,청하면민복지회관,320.3,2026-05-12
청하4,청하-송라-청하,청하행,청하행,송라행,38,21966,60,5,상행,청하사거리,802.9,2026-05-12
청하4,청하-송라-청하,청하행,청하행,송라행,38,21966,60,6,상행,필화2리,632.1,2026-05-12
청하4,청하-송라-청하,청하행,청하행,송라행,38,21966,60,7,상행,필화2리마을회관,566.1,2026-05-12
청하4,청하-송라-청하,청하행,청하행,송라행,38,21966,60,8,상행,월포역,1375.2,2026-05-12
청하4,청하-송라-청하,청하행,청하행,송라행,38,21966,60,9,상행,월포2리,512.2,2026-05-12
청하4,청하-송라-청하,청하행,청하행,송라행,38,21966,60,10,상행,월포1리,256,2026-05-12
청하4,청하-송라-청하,청하행,청하행,송라행,38,21966,60,11,상행,방어리입구,719.2,2026-05-12
청하4,청하-송라-청하,청하행,청하행,송라행,38,21966,60,12,상행,방어리마을회관,293.5,2026-05-12
청하4,청하-송라-청하,청하행,청하행,송라행,38,21966,60,13,상행,방어리,288.5,2026-05-12
청하4,청하-송라-청하,청하행,청하행,송라행,38,21966,60,14,상행,조사리바다쉼터,852.5,2026-05-12
청하4,청하-송라-청하,청하행,청하행,송라행,38,21966,60,15,상행,조사리,206.1,2026-05-12
청하4,청하-송라-청하,청하행,청하행,송라행,38,21966,60,16,상행,조사리간이해수욕장,893.5,2026-05-12
청하4,청하-송라-청하,청하행,청하행,송라행,38,21966,60,17,상행,방석1리,1337.8,2026-05-12
청하4,청하-송라-청하,청하행,청하행,송라행,38,21966,60,18,상행,송라입구,800.1,2026-05-12
청하4,청하-송라-청하,청하행,청하행,송라행,38,21966,60,19,하행,송라면행정복지센터,540.5,2026-05-12
청하4,청하-송라-청하,청하행,청하행,송라행,38,21966,60,20,하행,방석1리,1450.6,2026-05-12
청하4,청하-송라-청하,청하행,청하행,송라행,38,21966,60,21,하행,방석리입구,849.8,2026-05-12
청하4,청하-송라-청하,청하행,청하행,송라행,38,21966,60,22,하행,조사리간이해수욕장,499,2026-05-12
청하4,청하-송라-청하,청하행,청하행,송라행,38,21966,60,23,하행,조사리,860.9,2026-05-12
청하4,청하-송라-청하,청하행,청하행,송라행,38,21966,60,24,하행,조사리바다쉼터,251.4,2026-05-12
청하4,청하-송라-청하,청하행,청하행,송라행,38,21966,60,25,하행,방어리,851.2,2026-05-12
청하4,청하-송라-청하,청하행,청하행,송라행,38,21966,60,26,하행,방어리마을회관,266,2026-05-12
청하4,청하-송라-청하,청하행,청하행,송라행,38,21966,60,27,하행,방어리입구,307.7,2026-05-12
청하4,청하-송라-청하,청하행,청하행,송라행,38,21966,60,28,하행,월포1리,692.8,2026-05-12
청하4,청하-송라-청하,청하행,청하행,송라행,38,21966,60,29,하행,월포2리,261.9,2026-05-12
청하4,청하-송라-청하,청하행,청하행,송라행,38,21966,60,30,하행,월포초등학교,419.4,2026-05-12
청하4,청하-송라-청하,청하행,청하행,송라행,38,21966,60,31,하행,월포역,95.4,2026-05-12
청하4,청하-송라-청하,청하행,청하행,송라행,38,21966,60,32,하행,필화2리마을회관,1421.2,2026-05-12
청하4,청하-송라-청하,청하행,청하행,송라행,38,21966,60,33,하행,필화2리,551.4,2026-05-12
청하4,청하-송라-청하,청하행,청하행,송라행,38,21966,60,34,하행,청하사거리,611.6,2026-05-12
청하4,청하-송라-청하,청하행,청하행,송라행,38,21966,60,35,하행,청하면민복지회관,848.6,2026-05-12
청하4,청하-송라-청하,청하행,청하행,송라행,38,21966,60,36,하행,청하초등학교,265,2026-05-12
청하4,청하-송라-청하,청하행,청하행,송라행,38,21966,60,37,하행,청하시장,230.6,2026-05-12
청하4,청하-송라-청하,청하행,청하행,송라행,38,21966,60,38,하행,청하환승센터,288.1,2026-05-12
청하5,청하-필화-초곡-죽도,청하행,청하행,죽도시장행,79,52290,120,1,상행,청하환승센터,0,2026-05-12
청하5,청하-필화-초곡-죽도,청하행,청하행,죽도시장행,79,52290,120,2,상행,청하시장,320.6,2026-05-12
청하5,청하-필화-초곡-죽도,청하행,청하행,죽도시장행,79,52290,120,3,상행,청하초등학교,194.1,2026-05-12
청하5,청하-필화-초곡-죽도,청하행,청하행,죽도시장행,79,52290,120,4,상행,청하면민복지회관,320.3,2026-05-12
청하5,청하-필화-초곡-죽도,청하행,청하행,죽도시장행,79,52290,120,5,상행,덕성리,150.9,2026-05-12
청하5,청하-필화-초곡-죽도,청하행,청하행,죽도시장행,79,52290,120,6,상행,청하사거리,652,2026-05-12
청하5,청하-필화-초곡-죽도,청하행,청하행,죽도시장행,79,52290,120,7,상행,필화리,609.1,2026-05-12
청하5,청하-필화-초곡-죽도,청하행,청하행,죽도시장행,79,52290,120,8,상행,남천리,762.6,2026-05-12
청하5,청하-필화-초곡-죽도,청하행,청하행,죽도시장행,79,52290,120,9,상행,청하농공단지,2017.6,2026-05-12
청하5,청하-필화-초곡-죽도,청하행,청하행,죽도시장행,79,52290,120,10,상행,고현리,1261.9,2026-05-12
청하5,청하-필화-초곡-죽도,청하행,청하행,죽도시장행,79,52290,120,11,상행,소동리,353.2,2026-05-12
청하5,청하-필화-초곡-죽도,청하행,청하행,죽도시장행,79,52290,120,12,상행,덕장리,2568.1,2026-05-12
청하5,청하-필화-초곡-죽도,청하행,청하행,죽도시장행,79,52290,120,13,상행,선그린,509.1,2026-05-12
청하5,청하-필화-초곡-죽도,청하행,청하행,죽도시장행,79,52290,120,14,상행,곡강리,892.1,2026-05-12
청하5,청하-필화-초곡-죽도,청하행,청하행,죽도시장행,79,52290,120,15,상행,마산사거리(방통대),1908.7,2026-05-12
청하5,청하-필화-초곡-죽도,청하행,청하행,죽도시장행,79,52290,120,16,상행,흥해환승센터,474.2,2026-05-12
청하5,청하-필화-초곡-죽도,청하행,청하행,죽도시장행,79,52290,120,17,상행,남성리,350.3,2026-05-12
청하5,청하-필화-초곡-죽도,청하행,청하행,죽도시장행,79,52290,120,18,상행,흥해읍행정복지센터,295,2026-05-12
청하5,청하-필화-초곡-죽도,청하행,청하행,죽도시장행,79,52290,120,19,상행,흥해공고,438.7,2026-05-12
청하5,청하-필화-초곡-죽도,청하행,청하행,죽도시장행,79,52290,120,20,상행,초곡지구,998.6,2026-05-12
청하5,청하-필화-초곡-죽도,청하행,청하행,죽도시장행,79,52290,120,21,상행,지엔하임아파트,411.5,2026-05-12
청하5,청하-필화-초곡-죽도,청하행,청하행,죽도시장행,79,52290,120,22,상행,초서초등학교,428.6,2026-05-12
청하5,청하-필화-초곡-죽도,청하행,청하행,죽도시장행,79,52290,120,23,상행,초곡리슈빌,330.1,2026-05-12
청하5,청하-필화-초곡-죽도,청하행,청하행,죽도시장행,79,52290,120,24,상행,초곡초등학교,174,2026-05-12
청하5,청하-필화-초곡-죽도,청하행,청하행,죽도시장행,79,52290,120,25,상행,초곡삼구트리니엔,254.5,2026-05-12
청하5,청하-필화-초곡-죽도,청하행,청하행,죽도시장행,79,52290,120,26,상행,선린대학교입구,1766.2,2026-05-12
청하5,청하-필화-초곡-죽도,청하행,청하행,죽도시장행,79,52290,120,27,상행,성곡검문소,986,2026-05-12
청하5,청하-필화-초곡-죽도,청하행,청하행,죽도시장행,79,52290,120,28,상행,달전리,262.9,2026-05-12
청하5,청하-필화-초곡-죽도,청하행,청하행,죽도시장행,79,52290,120,29,상행,달전(무정차),186.3,2026-05-12
청하5,청하-필화-초곡-죽도,청하행,청하행,죽도시장행,79,52290,120,30,상행,달전-중앙고(무정차),599.3,2026-05-12
청하5,청하-필화-초곡-죽도,청하행,청하행,죽도시장행,79,52290,120,31,상행,포항 중앙고등학교,1088.4,2026-05-12
청하5,청하-필화-초곡-죽도,청하행,청하행,죽도시장행,79,52290,120,32,상행,영신고등학교,457.9,2026-05-12
청하5,청하-필화-초곡-죽도,청하행,청하행,죽도시장행,79,52290,120,33,상행,유성여자고등학교,833.2,2026-05-12
청하5,청하-필화-초곡-죽도,청하행,청하행,죽도시장행,79,52290,120,34,상행,대동우방아파트,593.9,2026-05-12
청하5,청하-필화-초곡-죽도,청하행,청하행,죽도시장행,79,52290,120,35,상행,선린병원후문,420.8,2026-05-12
청하5,청하-필화-초곡-죽도,청하행,청하행,죽도시장행,79,52290,120,36,상행,선린병원,335.5,2026-05-12
청하5,청하-필화-초곡-죽도,청하행,청하행,죽도시장행,79,52290,120,37,상행,북부시장,292.4,2026-05-12
청하5,청하-필화-초곡-죽도,청하행,청하행,죽도시장행,79,52290,120,38,상행,국민건강보험공단,382,2026-05-12
청하5,청하-필화-초곡-죽도,청하행,청하행,죽도시장행,79,52290,120,39,상행,중앙상가,527.7,2026-05-12
청하5,청하-필화-초곡-죽도,청하행,청하행,죽도시장행,79,52290,120,40,하행,농협포항시지부,640.4,2026-05-12
청하5,청하-필화-초곡-죽도,청하행,청하행,죽도시장행,79,52290,120,41,하행,죽도시장,546.2,2026-05-12
청하5,청하-필화-초곡-죽도,청하행,청하행,죽도시장행,79,52290,120,42,하행,육거리,413,2026-05-12
청하5,청하-필화-초곡-죽도,청하행,청하행,죽도시장행,79,52290,120,43,하행,북부시장,757.3,2026-05-12
청하5,청하-필화-초곡-죽도,청하행,청하행,죽도시장행,79,52290,120,44,하행,선린병원,153.5,2026-05-12
청하5,청하-필화-초곡-죽도,청하행,청하행,죽도시장행,79,52290,120,45,하행,선린병원후문,404.5,2026-05-12
청하5,청하-필화-초곡-죽도,청하행,청하행,죽도시장행,79,52290,120,46,하행,대동우방아파트,425.2,2026-05-12
청하5,청하-필화-초곡-죽도,청하행,청하행,죽도시장행,79,52290,120,47,하행,유성여자고등학교,722.4,2026-05-12
청하5,청하-필화-초곡-죽도,청하행,청하행,죽도시장행,79,52290,120,48,하행,영신고등학교,825.1,2026-05-12
청하5,청하-필화-초곡-죽도,청하행,청하행,죽도시장행,79,52290,120,49,하행,포항 중앙고등학교,318.7,2026-05-12
청하5,청하-필화-초곡-죽도,청하행,청하행,죽도시장행,79,52290,120,50,하행,중앙고-달전(무정차),1092.8,2026-05-12
청하5,청하-필화-초곡-죽도,청하행,청하행,죽도시장행,79,52290,120,51,하행,달전(무정차),602.1,2026-05-12
청하5,청하-필화-초곡-죽도,청하행,청하행,죽도시장행,79,52290,120,52,하행,달전리,262.5,2026-05-12
청하5,청하-필화-초곡-죽도,청하행,청하행,죽도시장행,79,52290,120,53,하행,성곡검문소,456.9,2026-05-12
청하5,청하-필화-초곡-죽도,청하행,청하행,죽도시장행,79,52290,120,54,하행,성곡1리,1068.7,2026-05-12
청하5,청하-필화-초곡-죽도,청하행,청하행,죽도시장행,79,52290,120,55,하행,초곡삼구트리니엔,1550.5,2026-05-12
청하5,청하-필화-초곡-죽도,청하행,청하행,죽도시장행,79,52290,120,56,하행,초곡초등학교,186.1,2026-05-12
청하5,청하-필화-초곡-죽도,청하행,청하행,죽도시장행,79,52290,120,57,하행,초곡리슈빌,218.1,2026-05-12
청하5,청하-필화-초곡-죽도,청하행,청하행,죽도시장행,79,52290,120,58,하행,초서초등학교,351.6,2026-05-12
청하5,청하-필화-초곡-죽도,청하행,청하행,죽도시장행,79,52290,120,59,하행,지엔하임아파트,411.9,2026-05-12
청하5,청하-필화-초곡-죽도,청하행,청하행,죽도시장행,79,52290,120,60,하행,초곡지구,406.8,2026-05-12
청하5,청하-필화-초곡-죽도,청하행,청하행,죽도시장행,79,52290,120,61,하행,흥해공고,1022.6,2026-05-12
청하5,청하-필화-초곡-죽도,청하행,청하행,죽도시장행,79,52290,120,62,하행,흥해읍행정복지센터,460.3,2026-05-12
청하5,청하-필화-초곡-죽도,청하행,청하행,죽도시장행,79,52290,120,63,하행,남성리,291.6,2026-05-12
청하5,청하-필화-초곡-죽도,청하행,청하행,죽도시장행,79,52290,120,64,하행,흥해환승센터,301,2026-05-12
청하5,청하-필화-초곡-죽도,청하행,청하행,죽도시장행,79,52290,120,65,하행,마산사거리(방통대),394.6,2026-05-12
청하5,청하-필화-초곡-죽도,청하행,청하행,죽도시장행,79,52290,120,66,하행,곡강리,1969.6,2026-05-12
청하5,청하-필화-초곡-죽도,청하행,청하행,죽도시장행,79,52290,120,67,하행,선그린,865.3,2026-05-12
청하5,청하-필화-초곡-죽도,청하행,청하행,죽도시장행,79,52290,120,68,하행,덕장리,658.1,2026-05-12
청하5,청하-필화-초곡-죽도,청하행,청하행,죽도시장행,79,52290,120,69,하행,소동리,2443.5,2026-05-12
청하5,청하-필화-초곡-죽도,청하행,청하행,죽도시장행,79,52290,120,70,하행,고현리,370.3,2026-05-12
청하5,청하-필화-초곡-죽도,청하행,청하행,죽도시장행,79,52290,120,71,하행,청하농공단지,1265.8,2026-05-12
청하5,청하-필화-초곡-죽도,청하행,청하행,죽도시장행,79,52290,120,72,하행,남천리,1958.4,2026-05-12
청하5,청하-필화-초곡-죽도,청하행,청하행,죽도시장행,79,52290,120,73,하행,필화리,898.7,2026-05-12
청하5,청하-필화-초곡-죽도,청하행,청하행,죽도시장행,79,52290,120,74,하행,청하사거리,503.2,2026-05-12
청하5,청하-필화-초곡-죽도,청하행,청하행,죽도시장행,79,52290,120,75,하행,덕성리,668.4,2026-05-12
청하5,청하-필화-초곡-죽도,청하행,청하행,죽도시장행,79,52290,120,76,하행,청하면민복지회관,180.2,2026-05-12
청하5,청하-필화-초곡-죽도,청하행,청하행,죽도시장행,79,52290,120,77,하행,청하초등학교,265,2026-05-12
청하5,청하-필화-초곡-죽도,청하행,청하행,죽도시장행,79,52290,120,78,하행,청하시장,230.6,2026-05-12
청하5,청하-필화-초곡-죽도,청하행,청하행,죽도시장행,79,52290,120,79,하행,청하환승센터,288.1,2026-05-12
흥해1,흥해-금장1-용천-덕장2-흥해,흥해행,흥해행,덕장2리행,15,11630,60,1,상행,흥해환승센터,0,2026-05-12
흥해1,흥해-금장1-용천-덕장2-흥해,흥해행,흥해행,덕장2리행,15,11630,60,2,상행,흥해파출소,229.5,2026-05-12
흥해1,흥해-금장1-용천-덕장2-흥해,흥해행,흥해행,덕장2리행,15,11630,60,3,상행,곡강리,1780.3,2026-05-12
흥해1,흥해-금장1-용천-덕장2-흥해,흥해행,흥해행,덕장2리행,15,11630,60,4,상행,곡강초등학교,387.4,2026-05-12
흥해1,흥해-금장1-용천-덕장2-흥해,흥해행,흥해행,덕장2리행,15,11630,60,5,상행,포항요양병원,463.2,2026-05-12
흥해1,흥해-금장1-용천-덕장2-흥해,흥해행,흥해행,덕장2리행,15,11630,60,6,상행,용천리,212.4,2026-05-12
흥해1,흥해-금장1-용천-덕장2-흥해,흥해행,흥해행,덕장2리행,15,11630,60,7,상행,금장1리,840.4,2026-05-12
흥해1,흥해-금장1-용천-덕장2-흥해,흥해행,흥해행,덕장2리행,15,11630,60,8,상행,용천2리마을회관,2109.7,2026-05-12
흥해1,흥해-금장1-용천-덕장2-흥해,흥해행,흥해행,덕장2리행,15,11630,60,9,하행,덕장2리마을회관,1090.8,2026-05-12
흥해1,흥해-금장1-용천-덕장2-흥해,흥해행,흥해행,덕장2리행,15,11630,60,10,하행,덕장2리입구,496.1,2026-05-12
흥해1,흥해-금장1-용천-덕장2-흥해,흥해행,흥해행,덕장2리행,15,11630,60,11,하행,덕장리,163.3,2026-05-12
흥해1,흥해-금장1-용천-덕장2-흥해,흥해행,흥해행,덕장2리행,15,11630,60,12,하행,선그린,509.1,2026-05-12
흥해1,흥해-금장1-용천-덕장2-흥해,흥해행,흥해행,덕장2리행,15,11630,60,13,하행,곡강리,892.1,2026-05-12
흥해1,흥해-금장1-용천-덕장2-흥해,흥해행,흥해행,덕장2리행,15,11630,60,14,하행,마산사거리(방통대),1899.8,2026-05-12
흥해1,흥해-금장1-용천-덕장2-흥해,흥해행,흥해행,덕장2리행,15,11630,60,15,하행,흥해환승센터,459.6,2026-05-12
흥해1,흥해-신흥-호암-고현1-흥해,흥해행,흥해행,고현2리행,20,25069,60,1,상행,흥해환승센터,0,2026-05-12
흥해1,흥해-신흥-호암-고현1-흥해,흥해행,흥해행,고현2리행,20,25069,60,2,상행,흥해파출소,229.5,2026-05-12
흥해1,흥해-신흥-호암-고현1-흥해,흥해행,흥해행,고현2리행,20,25069,60,3,상행,곡강리,1780.3,2026-05-12
흥해1,흥해-신흥-호암-고현1-흥해,흥해행,흥해행,고현2리행,20,25069,60,4,상행,선그린,865.3,2026-05-12
흥해1,흥해-신흥-호암-고현1-흥해,흥해행,흥해행,고현2리행,20,25069,60,5,상행,덕장리,658.1,2026-05-12
흥해1,흥해-신흥-호암-고현1-흥해,흥해행,흥해행,고현2리행,20,25069,60,6,상행,소동리,2443.5,2026-05-12
흥해1,흥해-신흥-호암-고현1-흥해,흥해행,흥해행,고현2리행,20,25069,60,7,상행,소동리,817.8,2026-05-12
흥해1,흥해-신흥-호암-고현1-흥해,흥해행,흥해행,고현2리행,20,25069,60,8,상행,소동사거리,484.4,2026-05-12
흥해1,흥해-신흥-호암-고현1-흥해,흥해행,흥해행,고현2리행,20,25069,60,9,상행,신흥리,2050.8,2026-05-12
흥해1,흥해-신흥-호암-고현1-흥해,흥해행,흥해행,고현2리행,20,25069,60,10,상행,소동사거리,2902.4,2026-05-12
흥해1,흥해-신흥-호암-고현1-흥해,흥해행,흥해행,고현2리행,20,25069,60,11,상행,소동리,476.9,2026-05-12
흥해1,흥해-신흥-호암-고현1-흥해,흥해행,흥해행,고현2리행,20,25069,60,12,상행,고현리마을회관,2342.9,2026-05-12
흥해1,흥해-신흥-호암-고현1-흥해,흥해행,흥해행,고현2리행,20,25069,60,13,하행,고현2리마을회관,2057.3,2026-05-12
흥해1,흥해-신흥-호암-고현1-흥해,흥해행,흥해행,고현2리행,20,25069,60,14,하행,고현리,1181.8,2026-05-12
흥해1,흥해-신흥-호암-고현1-흥해,흥해행,흥해행,고현2리행,20,25069,60,15,하행,소동리,353.2,2026-05-12
흥해1,흥해-신흥-호암-고현1-흥해,흥해행,흥해행,고현2리행,20,25069,60,16,하행,덕장리,2568.1,2026-05-12
흥해1,흥해-신흥-호암-고현1-흥해,흥해행,흥해행,고현2리행,20,25069,60,17,하행,선그린,509.1,2026-05-12
흥해1,흥해-신흥-호암-고현1-흥해,흥해행,흥해행,고현2리행,20,25069,60,18,하행,곡강리,892.1,2026-05-12
흥해1,흥해-신흥-호암-고현1-흥해,흥해행,흥해행,고현2리행,20,25069,60,19,하행,마산사거리(방통대),1899.8,2026-05-12
흥해1,흥해-신흥-호암-고현1-흥해,흥해행,흥해행,고현2리행,20,25069,60,20,하행,흥해환승센터,459.6,2026-05-12
흥해1,흥해-한동대-용한리-흥해,흥해행,흥해행,용한1리행,18,27371,60,1,상행,흥해환승센터,0,2026-05-12
흥해1,흥해-한동대-용한리-흥해,흥해행,흥해행,용한1리행,18,27371,60,2,상행,흥해사거리,333.8,2026-05-12
흥해1,흥해-한동대-용한리-흥해,흥해행,흥해행,용한1리행,18,27371,60,3,상행,흥해보건지소,296.8,2026-05-12
흥해1,흥해-한동대-용한리-흥해,흥해행,흥해행,용한1리행,18,27371,60,4,상행,남송다리,2406.5,2026-05-12
흥해1,흥해-한동대-용한리-흥해,흥해행,흥해행,용한1리행,18,27371,60,5,상행,남송3리,652.6,2026-05-12
흥해1,흥해-한동대-용한리-흥해,흥해행,흥해행,용한1리행,18,27371,60,6,상행,한동대학교,2353.4,2026-05-12
흥해1,흥해-한동대-용한리-흥해,흥해행,흥해행,용한1리행,18,27371,60,7,상행,곡강1리,1647.9,2026-05-12
흥해1,흥해-한동대-용한리-흥해,흥해행,흥해행,용한1리행,18,27371,60,8,상행,곡강2리,967.3,2026-05-12
흥해1,흥해-한동대-용한리-흥해,흥해행,흥해행,용한1리행,18,27371,60,9,상행,곡강1리,1011.9,2026-05-12
흥해1,흥해-한동대-용한리-흥해,흥해행,흥해행,용한1리행,18,27371,60,10,하행,용한1리,5229.9,2026-05-12
흥해1,흥해-한동대-용한리-흥해,흥해행,흥해행,용한1리행,18,27371,60,11,하행,곡강1리,4977.3,2026-05-12
흥해1,흥해-한동대-용한리-흥해,흥해행,흥해행,용한1리행,18,27371,60,12,하행,곡강2리,967.3,2026-05-12
흥해1,흥해-한동대-용한리-흥해,흥해행,흥해행,용한1리행,18,27371,60,13,하행,곡강1리,1011.9,2026-05-12
흥해1,흥해-한동대-용한리-흥해,흥해행,흥해행,용한1리행,18,27371,60,14,하행,남송3리,1681.5,2026-05-12
흥해1,흥해-한동대-용한리-흥해,흥해행,흥해행,용한1리행,18,27371,60,15,하행,남송다리,645,2026-05-12
흥해1,흥해-한동대-용한리-흥해,흥해행,흥해행,용한1리행,18,27371,60,16,하행,흥해보건지소,2403.6,2026-05-12
흥해1,흥해-한동대-용한리-흥해,흥해행,흥해행,용한1리행,18,27371,60,17,하행,흥해사거리,331.3,2026-05-12
흥해1,흥해-한동대-용한리-흥해,흥해행,흥해행,용한1리행,18,27371,60,18,하행,흥해환승센터,327.5,2026-05-12
흥해2,흥해-고현2-호암-신흥-흥해,흥해행,흥해행,신흥리행,20,25056,60,1,상행,흥해환승센터,0,2026-05-12
흥해2,흥해-고현2-호암-신흥-흥해,흥해행,흥해행,신흥리행,20,25056,60,2,상행,흥해파출소,229.5,2026-05-12
흥해2,흥해-고현2-호암-신흥-흥해,흥해행,흥해행,신흥리행,20,25056,60,3,상행,곡강리,1780.3,2026-05-12
흥해2,흥해-고현2-호암-신흥-흥해,흥해행,흥해행,신흥리행,20,25056,60,4,상행,선그린,865.3,2026-05-12
흥해2,흥해-고현2-호암-신흥-흥해,흥해행,흥해행,신흥리행,20,25056,60,5,상행,덕장리,658.1,2026-05-12
흥해2,흥해-고현2-호암-신흥-흥해,흥해행,흥해행,신흥리행,20,25056,60,6,상행,소동리,2443.5,2026-05-12
흥해2,흥해-고현2-호암-신흥-흥해,흥해행,흥해행,신흥리행,20,25056,60,7,상행,고현리,370.3,2026-05-12
흥해2,흥해-고현2-호암-신흥-흥해,흥해행,흥해행,신흥리행,20,25056,60,8,상행,고현2리마을회관,2922.3,2026-05-12
흥해2,흥해-고현2-호암-신흥-흥해,흥해행,흥해행,신흥리행,20,25056,60,9,상행,고현리마을회관,283.9,2026-05-12
흥해2,흥해-고현2-호암-신흥-흥해,흥해행,흥해행,신흥리행,20,25056,60,10,상행,소동리,2336.3,2026-05-12
흥해2,흥해-고현2-호암-신흥-흥해,흥해행,흥해행,신흥리행,20,25056,60,11,상행,소동사거리,484.4,2026-05-12
흥해2,흥해-고현2-호암-신흥-흥해,흥해행,흥해행,신흥리행,20,25056,60,12,하행,신흥리,2050.8,2026-05-12
흥해2,흥해-고현2-호암-신흥-흥해,흥해행,흥해행,신흥리행,20,25056,60,13,하행,소동사거리,2902.4,2026-05-12
흥해2,흥해-고현2-호암-신흥-흥해,흥해행,흥해행,신흥리행,20,25056,60,14,하행,소동리,476.9,2026-05-12
흥해2,흥해-고현2-호암-신흥-흥해,흥해행,흥해행,신흥리행,20,25056,60,15,하행,소동리,827.4,2026-05-12
흥해2,흥해-고현2-호암-신흥-흥해,흥해행,흥해행,신흥리행,20,25056,60,16,하행,덕장리,2568.1,2026-05-12
흥해2,흥해-고현2-호암-신흥-흥해,흥해행,흥해행,신흥리행,20,25056,60,17,하행,선그린,509.1,2026-05-12
흥해2,흥해-고현2-호암-신흥-흥해,흥해행,흥해행,신흥리행,20,25056,60,18,하행,곡강리,892.1,2026-05-12
흥해2,흥해-고현2-호암-신흥-흥해,흥해행,흥해행,신흥리행,20,25056,60,19,하행,마산사거리(방통대),1899.8,2026-05-12
흥해2,흥해-고현2-호암-신흥-흥해,흥해행,흥해행,신흥리행,20,25056,60,20,하행,흥해환승센터,459.6,2026-05-12
흥해2,흥해-덕성리-양백1-용곡-흥해,흥해행,흥해행,덕성1리행,24,20232,60,1,상행,흥해환승센터,0,2026-05-12
흥해2,흥해-덕성리-양백1-용곡-흥해,흥해행,흥해행,덕성1리행,24,20232,60,2,상행,흥해파출소,229.5,2026-05-12
흥해2,흥해-덕성리-양백1-용곡-흥해,흥해행,흥해행,덕성1리행,24,20232,60,3,상행,덕장1리입구,2773.8,2026-05-12
흥해2,흥해-덕성리-양백1-용곡-흥해,흥해행,흥해행,덕성1리행,24,20232,60,4,상행,덕장1리,421.6,2026-05-12
흥해2,흥해-덕성리-양백1-용곡-흥해,흥해행,흥해행,덕성1리행,24,20232,60,5,상행,덕성사,950,2026-05-12
흥해2,흥해-덕성리-양백1-용곡-흥해,흥해행,흥해행,덕성1리행,24,20232,60,6,상행,덕성2리,393.7,2026-05-12
흥해2,흥해-덕성리-양백1-용곡-흥해,흥해행,흥해행,덕성1리행,24,20232,60,7,상행,덕성다리,407.3,2026-05-12
흥해2,흥해-덕성리-양백1-용곡-흥해,흥해행,흥해행,덕성1리행,24,20232,60,8,상행,덕성1리,913.9,2026-05-12
흥해2,흥해-덕성리-양백1-용곡-흥해,흥해행,흥해행,덕성1리행,24,20232,60,9,하행,덕성1리종점,716.4,2026-05-12
흥해2,흥해-덕성리-양백1-용곡-흥해,흥해행,흥해행,덕성1리행,24,20232,60,10,하행,덕성1리,662.4,2026-05-12
흥해2,흥해-덕성리-양백1-용곡-흥해,흥해행,흥해행,덕성1리행,24,20232,60,11,하행,덕성다리,935.8,2026-05-12
흥해2,흥해-덕성리-양백1-용곡-흥해,흥해행,흥해행,덕성1리행,24,20232,60,12,하행,덕성2리,408.5,2026-05-12
흥해2,흥해-덕성리-양백1-용곡-흥해,흥해행,흥해행,덕성1리행,24,20232,60,13,하행,덕성사,387.9,2026-05-12
흥해2,흥해-덕성리-양백1-용곡-흥해,흥해행,흥해행,덕성1리행,24,20232,60,14,하행,덕장1리,964.5,2026-05-12
흥해2,흥해-덕성리-양백1-용곡-흥해,흥해행,흥해행,덕성1리행,24,20232,60,15,하행,양백2리,1040.5,2026-05-12
흥해2,흥해-덕성리-양백1-용곡-흥해,흥해행,흥해행,덕성1리행,24,20232,60,16,하행,양백1리,520.2,2026-05-12
흥해2,흥해-덕성리-양백1-용곡-흥해,흥해행,흥해행,덕성1리행,24,20232,60,17,하행,용곡,1071.9,2026-05-12
흥해2,흥해-덕성리-양백1-용곡-흥해,흥해행,흥해행,덕성1리행,24,20232,60,18,하행,양백1리,2495.9,2026-05-12
흥해2,흥해-덕성리-양백1-용곡-흥해,흥해행,흥해행,덕성1리행,24,20232,60,19,하행,용전1리,1046.3,2026-05-12
흥해2,흥해-덕성리-양백1-용곡-흥해,흥해행,흥해행,덕성1리행,24,20232,60,20,하행,용전2리,684.5,2026-05-12
흥해2,흥해-덕성리-양백1-용곡-흥해,흥해행,흥해행,덕성1리행,24,20232,60,21,하행,용전리,420.8,2026-05-12
흥해2,흥해-덕성리-양백1-용곡-흥해,흥해행,흥해행,덕성1리행,24,20232,60,22,하행,용전교,179.6,2026-05-12
흥해2,흥해-덕성리-양백1-용곡-흥해,흥해행,흥해행,덕성1리행,24,20232,60,23,하행,마산사거리(방통대),2051.2,2026-05-12
흥해2,흥해-덕성리-양백1-용곡-흥해,흥해행,흥해행,덕성1리행,24,20232,60,24,하행,흥해환승센터,459.6,2026-05-12
흥해2,흥해-신흥(소동)-흥해,흥해행,흥해행,신흥리행,17,19961,60,1,상행,흥해환승센터,0,2026-05-12
흥해2,흥해-신흥(소동)-흥해,흥해행,흥해행,신흥리행,17,19961,60,2,상행,흥해파출소,229.5,2026-05-12
흥해2,흥해-신흥(소동)-흥해,흥해행,흥해행,신흥리행,17,19961,60,3,상행,곡강리,1780.3,2026-05-12
흥해2,흥해-신흥(소동)-흥해,흥해행,흥해행,신흥리행,17,19961,60,4,상행,선그린,865.3,2026-05-12
흥해2,흥해-신흥(소동)-흥해,흥해행,흥해행,신흥리행,17,19961,60,5,상행,덕장리,658.1,2026-05-12
흥해2,흥해-신흥(소동)-흥해,흥해행,흥해행,신흥리행,17,19961,60,6,상행,소동리,2443.5,2026-05-12
흥해2,흥해-신흥(소동)-흥해,흥해행,흥해행,신흥리행,17,19961,60,7,상행,소동리,817.8,2026-05-12
흥해2,흥해-신흥(소동)-흥해,흥해행,흥해행,신흥리행,17,19961,60,8,상행,소동사거리,484.4,2026-05-12
흥해2,흥해-신흥(소동)-흥해,흥해행,흥해행,신흥리행,17,19961,60,9,하행,신흥리,2050.8,2026-05-12
흥해2,흥해-신흥(소동)-흥해,흥해행,흥해행,신흥리행,17,19961,60,10,하행,소동사거리,2902.4,2026-05-12
흥해2,흥해-신흥(소동)-흥해,흥해행,흥해행,신흥리행,17,19961,60,11,하행,소동리,476.9,2026-05-12
흥해2,흥해-신흥(소동)-흥해,흥해행,흥해행,신흥리행,17,19961,60,12,하행,소동리,827.4,2026-05-12
흥해2,흥해-신흥(소동)-흥해,흥해행,흥해행,신흥리행,17,19961,60,13,하행,덕장리,2568.1,2026-05-12
흥해2,흥해-신흥(소동)-흥해,흥해행,흥해행,신흥리행,17,19961,60,14,하행,선그린,509.1,2026-05-12
흥해2,흥해-신흥(소동)-흥해,흥해행,흥해행,신흥리행,17,19961,60,15,하행,곡강리,892.1,2026-05-12
흥해2,흥해-신흥(소동)-흥해,흥해행,흥해행,신흥리행,17,19961,60,16,하행,마산사거리(방통대),1899.8,2026-05-12
흥해2,흥해-신흥(소동)-흥해,흥해행,흥해행,신흥리행,17,19961,60,17,하행,흥해환승센터,459.6,2026-05-12
흥해2,흥해-용전리-용곡-덕성-흥해,흥해행,흥해행,덕성1리행,24,20214,60,1,상행,흥해환승센터,0,2026-05-12
흥해2,흥해-용전리-용곡-덕성-흥해,흥해행,흥해행,덕성1리행,24,20214,60,2,상행,흥해파출소,229.5,2026-05-12
흥해2,흥해-용전리-용곡-덕성-흥해,흥해행,흥해행,덕성1리행,24,20214,60,3,상행,용전리,2106.4,2026-05-12
흥해2,흥해-용전리-용곡-덕성-흥해,흥해행,흥해행,덕성1리행,24,20214,60,4,상행,용전2리,414.8,2026-05-12
흥해2,흥해-용전리-용곡-덕성-흥해,흥해행,흥해행,덕성1리행,24,20214,60,5,상행,용전1리,676.6,2026-05-12
흥해2,흥해-용전리-용곡-덕성-흥해,흥해행,흥해행,덕성1리행,24,20214,60,6,상행,양백1리,1036.8,2026-05-12
흥해2,흥해-용전리-용곡-덕성-흥해,흥해행,흥해행,덕성1리행,24,20214,60,7,상행,용곡,1071.9,2026-05-12
흥해2,흥해-용전리-용곡-덕성-흥해,흥해행,흥해행,덕성1리행,24,20214,60,8,상행,양백1리,2495.9,2026-05-12
흥해2,흥해-용전리-용곡-덕성-흥해,흥해행,흥해행,덕성1리행,24,20214,60,9,상행,양백2리,528.7,2026-05-12
흥해2,흥해-용전리-용곡-덕성-흥해,흥해행,흥해행,덕성1리행,24,20214,60,10,상행,덕장1리,1042.3,2026-05-12
흥해2,흥해-용전리-용곡-덕성-흥해,흥해행,흥해행,덕성1리행,24,20214,60,11,상행,덕성사,950,2026-05-12
흥해2,흥해-용전리-용곡-덕성-흥해,흥해행,흥해행,덕성1리행,24,20214,60,12,상행,덕성2리,393.7,2026-05-12
흥해2,흥해-용전리-용곡-덕성-흥해,흥해행,흥해행,덕성1리행,24,20214,60,13,상행,덕성다리,407.3,2026-05-12
흥해2,흥해-용전리-용곡-덕성-흥해,흥해행,흥해행,덕성1리행,24,20214,60,14,상행,덕성1리,913.9,2026-05-12
흥해2,흥해-용전리-용곡-덕성-흥해,흥해행,흥해행,덕성1리행,24,20214,60,15,하행,덕성1리종점,716.4,2026-05-12
흥해2,흥해-용전리-용곡-덕성-흥해,흥해행,흥해행,덕성1리행,24,20214,60,16,하행,덕성1리,662.4,2026-05-12
흥해2,흥해-용전리-용곡-덕성-흥해,흥해행,흥해행,덕성1리행,24,20214,60,17,하행,덕성다리,935.8,2026-05-12
흥해2,흥해-용전리-용곡-덕성-흥해,흥해행,흥해행,덕성1리행,24,20214,60,18,하행,덕성2리,408.5,2026-05-12
흥해2,흥해-용전리-용곡-덕성-흥해,흥해행,흥해행,덕성1리행,24,20214,60,19,하행,덕성사,387.9,2026-05-12
흥해2,흥해-용전리-용곡-덕성-흥해,흥해행,흥해행,덕성1리행,24,20214,60,20,하행,덕장1리,964.5,2026-05-12
흥해2,흥해-용전리-용곡-덕성-흥해,흥해행,흥해행,덕성1리행,24,20214,60,21,하행,덕장1리입구,427.8,2026-05-12
흥해2,흥해-용전리-용곡-덕성-흥해,흥해행,흥해행,덕성1리행,24,20214,60,22,하행,용전교,835.8,2026-05-12
흥해2,흥해-용전리-용곡-덕성-흥해,흥해행,흥해행,덕성1리행,24,20214,60,23,하행,마산사거리(방통대),2051.2,2026-05-12
흥해2,흥해-용전리-용곡-덕성-흥해,흥해행,흥해행,덕성1리행,24,20214,60,24,하행,흥해환승센터,459.6,2026-05-12
흥해2,흥해-용한-한동대-흥해,흥해행,흥해행,용한1리행,18,27371,60,1,상행,흥해환승센터,0,2026-05-12
흥해2,흥해-용한-한동대-흥해,흥해행,흥해행,용한1리행,18,27371,60,2,상행,흥해사거리,333.8,2026-05-12
흥해2,흥해-용한-한동대-흥해,흥해행,흥해행,용한1리행,18,27371,60,3,상행,흥해보건지소,296.8,2026-05-12
흥해2,흥해-용한-한동대-흥해,흥해행,흥해행,용한1리행,18,27371,60,4,상행,남송다리,2406.5,2026-05-12
흥해2,흥해-용한-한동대-흥해,흥해행,흥해행,용한1리행,18,27371,60,5,상행,남송3리,652.6,2026-05-12
흥해2,흥해-용한-한동대-흥해,흥해행,흥해행,용한1리행,18,27371,60,6,상행,곡강1리,1661.6,2026-05-12
흥해2,흥해-용한-한동대-흥해,흥해행,흥해행,용한1리행,18,27371,60,7,상행,곡강2리,967.3,2026-05-12
흥해2,흥해-용한-한동대-흥해,흥해행,흥해행,용한1리행,18,27371,60,8,상행,곡강1리,1011.9,2026-05-12
흥해2,흥해-용한-한동대-흥해,흥해행,흥해행,용한1리행,18,27371,60,9,하행,용한1리,5229.9,2026-05-12
흥해2,흥해-용한-한동대-흥해,흥해행,흥해행,용한1리행,18,27371,60,10,하행,곡강1리,4977.3,2026-05-12
흥해2,흥해-용한-한동대-흥해,흥해행,흥해행,용한1리행,18,27371,60,11,하행,곡강2리,967.3,2026-05-12
흥해2,흥해-용한-한동대-흥해,흥해행,흥해행,용한1리행,18,27371,60,12,하행,곡강1리,1011.9,2026-05-12
흥해2,흥해-용한-한동대-흥해,흥해행,흥해행,용한1리행,18,27371,60,13,하행,한동대학교,1646.6,2026-05-12
흥해2,흥해-용한-한동대-흥해,흥해행,흥해행,용한1리행,18,27371,60,14,하행,남송3리,2374.6,2026-05-12
흥해2,흥해-용한-한동대-흥해,흥해행,흥해행,용한1리행,18,27371,60,15,하행,남송다리,645,2026-05-12
흥해2,흥해-용한-한동대-흥해,흥해행,흥해행,용한1리행,18,27371,60,16,하행,흥해보건지소,2403.6,2026-05-12
흥해2,흥해-용한-한동대-흥해,흥해행,흥해행,용한1리행,18,27371,60,17,하행,흥해사거리,331.3,2026-05-12
흥해2,흥해-용한-한동대-흥해,흥해행,흥해행,용한1리행,18,27371,60,18,하행,흥해환승센터,327.5,2026-05-12
흥해2,흥해-초곡리-흥해,흥해행,흥해행,초곡리행,21,12565,60,1,상행,흥해환승센터,0,2026-05-12
흥해2,흥해-초곡리-흥해,흥해행,흥해행,초곡리행,21,12565,60,2,상행,남성리,351.1,2026-05-12
흥해2,흥해-초곡리-흥해,흥해행,흥해행,초곡리행,21,12565,60,3,상행,흥해읍행정복지센터,292.2,2026-05-12
흥해2,흥해-초곡리-흥해,흥해행,흥해행,초곡리행,21,12565,60,4,상행,흥해공고,442.6,2026-05-12
흥해2,흥해-초곡리-흥해,흥해행,흥해행,초곡리행,21,12565,60,5,상행,성곡1리,1517.1,2026-05-12
흥해2,흥해-초곡리-흥해,흥해행,흥해행,초곡리행,21,12565,60,6,상행,선린대학교입구,227.3,2026-05-12
흥해2,흥해-초곡리-흥해,흥해행,흥해행,초곡리행,21,12565,60,7,상행,선린대학입구,90.5,2026-05-12
흥해2,흥해-초곡리-흥해,흥해행,흥해행,초곡리행,21,12565,60,8,상행,선린대학교정문,307.1,2026-05-12
흥해2,흥해-초곡리-흥해,흥해행,흥해행,초곡리행,21,12565,60,9,상행,파라다이스온천,506.3,2026-05-12
흥해2,흥해-초곡리-흥해,흥해행,흥해행,초곡리행,21,12565,60,10,상행,초곡전원타운,602.7,2026-05-12
흥해2,흥해-초곡리-흥해,흥해행,흥해행,초곡리행,21,12565,60,11,상행,초곡리,768.6,2026-05-12
흥해2,흥해-초곡리-흥해,흥해행,흥해행,초곡리행,21,12565,60,12,하행,초곡리종점,940.9,2026-05-12
흥해2,흥해-초곡리-흥해,흥해행,흥해행,초곡리행,21,12565,60,13,하행,초곡리,883.9,2026-05-12
흥해2,흥해-초곡리-흥해,흥해행,흥해행,초곡리행,21,12565,60,14,하행,초곡전원타운,788.9,2026-05-12
흥해2,흥해-초곡리-흥해,흥해행,흥해행,초곡리행,21,12565,60,15,하행,파라다이스온천,612.4,2026-05-12
흥해2,흥해-초곡리-흥해,흥해행,흥해행,초곡리행,21,12565,60,16,하행,선린대학교정문,529.2,2026-05-12
흥해2,흥해-초곡리-흥해,흥해행,흥해행,초곡리행,21,12565,60,17,하행,성곡1리,782.7,2026-05-12
흥해2,흥해-초곡리-흥해,흥해행,흥해행,초곡리행,21,12565,60,18,하행,흥해공고,1422.1,2026-05-12
흥해2,흥해-초곡리-흥해,흥해행,흥해행,초곡리행,21,12565,60,19,하행,흥해읍행정복지센터,460.6,2026-05-12
흥해2,흥해-초곡리-흥해,흥해행,흥해행,초곡리행,21,12565,60,20,하행,마산사거리(방통대),483.6,2026-05-12
흥해2,흥해-초곡리-흥해,흥해행,흥해행,초곡리행,21,12565,60,21,하행,흥해환승센터,459.6,2026-05-12
흥해2,흥해-충곡-도음산-흥해,흥해행,흥해행,도음산행,29,23884,60,1,상행,흥해환승센터,0,2026-05-12
흥해2,흥해-충곡-도음산-흥해,흥해행,흥해행,도음산행,29,23884,60,2,상행,남성리,350.3,2026-05-12
흥해2,흥해-충곡-도음산-흥해,흥해행,흥해행,도음산행,29,23884,60,3,상행,흥해읍행정복지센터,295,2026-05-12
흥해2,흥해-충곡-도음산-흥해,흥해행,흥해행,도음산행,29,23884,60,4,상행,흥해공고,438.7,2026-05-12
흥해2,흥해-충곡-도음산-흥해,흥해행,흥해행,도음산행,29,23884,60,5,상행,성곡1리,1517.1,2026-05-12
흥해2,흥해-충곡-도음산-흥해,흥해행,흥해행,도음산행,29,23884,60,6,상행,선린대학교입구,227.3,2026-05-12
흥해2,흥해-충곡-도음산-흥해,흥해행,흥해행,도음산행,29,23884,60,7,상행,성곡농장,3957.7,2026-05-12
흥해2,흥해-충곡-도음산-흥해,흥해행,흥해행,도음산행,29,23884,60,8,상행,성곡3리새마을관,1188.6,2026-05-12
흥해2,흥해-충곡-도음산-흥해,흥해행,흥해행,도음산행,29,23884,60,9,상행,학천리입구,987.7,2026-05-12
흥해2,흥해-충곡-도음산-흥해,흥해행,흥해행,도음산행,29,23884,60,10,상행,학천교차로,600.6,2026-05-12
흥해2,흥해-충곡-도음산-흥해,흥해행,흥해행,도음산행,29,23884,60,11,상행,삼도미래2단지,190.7,2026-05-12
흥해2,흥해-충곡-도음산-흥해,흥해행,흥해행,도음산행,29,23884,60,12,상행,삼도미래1단지,333.5,2026-05-12
흥해2,흥해-충곡-도음산-흥해,흥해행,흥해행,도음산행,29,23884,60,13,상행,학천초등학교,357.5,2026-05-12
흥해2,흥해-충곡-도음산-흥해,흥해행,흥해행,도음산행,29,23884,60,14,상행,양지전원마을,1097.1,2026-05-12
흥해2,흥해-충곡-도음산-흥해,흥해행,흥해행,도음산행,29,23884,60,15,상행,천곡사,2624.7,2026-05-12
흥해2,흥해-충곡-도음산-흥해,흥해행,흥해행,도음산행,29,23884,60,16,하행,도음산수련원,1671.9,2026-05-12
흥해2,흥해-충곡-도음산-흥해,흥해행,흥해행,도음산행,29,23884,60,17,하행,양지전원마을,916.6,2026-05-12
흥해2,흥해-충곡-도음산-흥해,흥해행,흥해행,도음산행,29,23884,60,18,하행,학천초등학교,1059.8,2026-05-12
흥해2,흥해-충곡-도음산-흥해,흥해행,흥해행,도음산행,29,23884,60,19,하행,삼도미래1단지,341.4,2026-05-12
흥해2,흥해-충곡-도음산-흥해,흥해행,흥해행,도음산행,29,23884,60,20,하행,삼도미래2단지,288.2,2026-05-12
흥해2,흥해-충곡-도음산-흥해,흥해행,흥해행,도음산행,29,23884,60,21,하행,학천교차로,254.7,2026-05-12
흥해2,흥해-충곡-도음산-흥해,흥해행,흥해행,도음산행,29,23884,60,22,하행,학천리입구,661.6,2026-05-12
흥해2,흥해-충곡-도음산-흥해,흥해행,흥해행,도음산행,29,23884,60,23,하행,달전리,68.6,2026-05-12
흥해2,흥해-충곡-도음산-흥해,흥해행,흥해행,도음산행,29,23884,60,24,하행,성곡검문소,456.9,2026-05-12
흥해2,흥해-충곡-도음산-흥해,흥해행,흥해행,도음산행,29,23884,60,25,하행,성곡1리,1068.7,2026-05-12
흥해2,흥해-충곡-도음산-흥해,흥해행,흥해행,도음산행,29,23884,60,26,하행,흥해공고,1422.1,2026-05-12
흥해2,흥해-충곡-도음산-흥해,흥해행,흥해행,도음산행,29,23884,60,27,하행,흥해읍행정복지센터,460.3,2026-05-12
흥해2,흥해-충곡-도음산-흥해,흥해행,흥해행,도음산행,29,23884,60,28,하행,마산사거리(방통대),477,2026-05-12
흥해2,흥해-충곡-도음산-흥해,흥해행,흥해행,도음산행,29,23884,60,29,하행,흥해환승센터,474.2,2026-05-12
흥해3,초곡-예술고-이인-죽도-흥해,초곡리행,흥해행,농협포항시지부행,60,48994,60,1,상행,초곡리종점,0,2026-05-12
흥해3,초곡-예술고-이인-죽도-흥해,초곡리행,흥해행,농협포항시지부행,60,48994,60,2,상행,초곡리,883.9,2026-05-12
흥해3,초곡-예술고-이인-죽도-흥해,초곡리행,흥해행,농협포항시지부행,60,48994,60,3,상행,초곡전원타운,788.9,2026-05-12
흥해3,초곡-예술고-이인-죽도-흥해,초곡리행,흥해행,농협포항시지부행,60,48994,60,4,상행,파라다이스온천,612.4,2026-05-12
흥해3,초곡-예술고-이인-죽도-흥해,초곡리행,흥해행,농협포항시지부행,60,48994,60,5,상행,선린대학교정문,529.2,2026-05-12
흥해3,초곡-예술고-이인-죽도-흥해,초곡리행,흥해행,농협포항시지부행,60,48994,60,6,상행,덕동,4959.8,2026-05-12
흥해3,초곡-예술고-이인-죽도-흥해,초곡리행,흥해행,농협포항시지부행,60,48994,60,7,상행,포항예술고,344.8,2026-05-12
흥해3,초곡-예술고-이인-죽도-흥해,초곡리행,흥해행,농협포항시지부행,60,48994,60,8,상행,대련3리,481.1,2026-05-12
흥해3,초곡-예술고-이인-죽도-흥해,초곡리행,흥해행,농협포항시지부행,60,48994,60,9,상행,대련3리마을회관,311,2026-05-12
흥해3,초곡-예술고-이인-죽도-흥해,초곡리행,흥해행,농협포항시지부행,60,48994,60,10,상행,하일리,1076.4,2026-05-12
흥해3,초곡-예술고-이인-죽도-흥해,초곡리행,흥해행,농협포항시지부행,60,48994,60,11,상행,대련리입구,1369.1,2026-05-12
흥해3,초곡-예술고-이인-죽도-흥해,초곡리행,흥해행,농협포항시지부행,60,48994,60,12,상행,대련교회,740.8,2026-05-12
흥해3,초곡-예술고-이인-죽도-흥해,초곡리행,흥해행,농협포항시지부행,60,48994,60,13,상행,대련2리,543.8,2026-05-12
흥해3,초곡-예술고-이인-죽도-흥해,초곡리행,흥해행,농협포항시지부행,60,48994,60,14,상행,이인2리,722.8,2026-05-12
흥해3,초곡-예술고-이인-죽도-흥해,초곡리행,흥해행,농협포항시지부행,60,48994,60,15,상행,달전초등학교,542.8,2026-05-12
흥해3,초곡-예술고-이인-죽도-흥해,초곡리행,흥해행,농협포항시지부행,60,48994,60,16,상행,이인1리,208,2026-05-12
흥해3,초곡-예술고-이인-죽도-흥해,초곡리행,흥해행,농협포항시지부행,60,48994,60,17,상행,대유아파트입구,717.4,2026-05-12
흥해3,초곡-예술고-이인-죽도-흥해,초곡리행,흥해행,농협포항시지부행,60,48994,60,18,상행,삼도드림파크,580.8,2026-05-12
흥해3,초곡-예술고-이인-죽도-흥해,초곡리행,흥해행,농협포항시지부행,60,48994,60,19,상행,흥해농협달전지점,258.5,2026-05-12
흥해3,초곡-예술고-이인-죽도-흥해,초곡리행,흥해행,농협포항시지부행,60,48994,60,20,상행,포항 중앙고등학교,1937.1,2026-05-12
흥해3,초곡-예술고-이인-죽도-흥해,초곡리행,흥해행,농협포항시지부행,60,48994,60,21,상행,영신고등학교,457.9,2026-05-12
흥해3,초곡-예술고-이인-죽도-흥해,초곡리행,흥해행,농협포항시지부행,60,48994,60,22,상행,유성여자고등학교,833.2,2026-05-12
흥해3,초곡-예술고-이인-죽도-흥해,초곡리행,흥해행,농협포항시지부행,60,48994,60,23,상행,대동우방아파트,593.9,2026-05-12
흥해3,초곡-예술고-이인-죽도-흥해,초곡리행,흥해행,농협포항시지부행,60,48994,60,24,상행,나루끝,351.8,2026-05-12
흥해3,초곡-예술고-이인-죽도-흥해,초곡리행,흥해행,농협포항시지부행,60,48994,60,25,상행,도심환승센터,447.5,2026-05-12
흥해3,초곡-예술고-이인-죽도-흥해,초곡리행,흥해행,농협포항시지부행,60,48994,60,26,상행,서산사거리,361,2026-05-12
흥해3,초곡-예술고-이인-죽도-흥해,초곡리행,흥해행,농협포항시지부행,60,48994,60,27,상행,롯데시네마,334.2,2026-05-12
흥해3,초곡-예술고-이인-죽도-흥해,초곡리행,흥해행,농협포항시지부행,60,48994,60,28,하행,농협포항시지부,521.9,2026-05-12
흥해3,초곡-예술고-이인-죽도-흥해,초곡리행,흥해행,농협포항시지부행,60,48994,60,29,하행,죽도시장,546.2,2026-05-12
흥해3,초곡-예술고-이인-죽도-흥해,초곡리행,흥해행,농협포항시지부행,60,48994,60,30,하행,육거리,413,2026-05-12
흥해3,초곡-예술고-이인-죽도-흥해,초곡리행,흥해행,농협포항시지부행,60,48994,60,31,하행,포항꿈트리센터,268.3,2026-05-12
흥해3,초곡-예술고-이인-죽도-흥해,초곡리행,흥해행,농협포항시지부행,60,48994,60,32,하행,세무서,374,2026-05-12
흥해3,초곡-예술고-이인-죽도-흥해,초곡리행,흥해행,농협포항시지부행,60,48994,60,33,하행,나루끝,324.2,2026-05-12
흥해3,초곡-예술고-이인-죽도-흥해,초곡리행,흥해행,농협포항시지부행,60,48994,60,34,하행,대동우방아파트,317.1,2026-05-12
흥해3,초곡-예술고-이인-죽도-흥해,초곡리행,흥해행,농협포항시지부행,60,48994,60,35,하행,유성여자고등학교,722.4,2026-05-12
흥해3,초곡-예술고-이인-죽도-흥해,초곡리행,흥해행,농협포항시지부행,60,48994,60,36,하행,영신고등학교,825.1,2026-05-12
흥해3,초곡-예술고-이인-죽도-흥해,초곡리행,흥해행,농협포항시지부행,60,48994,60,37,하행,포항 중앙고등학교,318.7,2026-05-12
흥해3,초곡-예술고-이인-죽도-흥해,초곡리행,흥해행,농협포항시지부행,60,48994,60,38,하행,학천리입구,2062.5,2026-05-12
흥해3,초곡-예술고-이인-죽도-흥해,초곡리행,흥해행,농협포항시지부행,60,48994,60,39,하행,학천교차로,600.6,2026-05-12
흥해3,초곡-예술고-이인-죽도-흥해,초곡리행,흥해행,농협포항시지부행,60,48994,60,40,하행,포항교도소,1983.9,2026-05-12
흥해3,초곡-예술고-이인-죽도-흥해,초곡리행,흥해행,농협포항시지부행,60,48994,60,41,하행,삼도미래2단지,2025,2026-05-12
흥해3,초곡-예술고-이인-죽도-흥해,초곡리행,흥해행,농협포항시지부행,60,48994,60,42,하행,삼도미래1단지,333.5,2026-05-12
흥해3,초곡-예술고-이인-죽도-흥해,초곡리행,흥해행,농협포항시지부행,60,48994,60,43,하행,학천초등학교,357.5,2026-05-12
흥해3,초곡-예술고-이인-죽도-흥해,초곡리행,흥해행,농협포항시지부행,60,48994,60,44,하행,양지전원마을,1097.1,2026-05-12
흥해3,초곡-예술고-이인-죽도-흥해,초곡리행,흥해행,농협포항시지부행,60,48994,60,45,하행,천곡사,2624.7,2026-05-12
흥해3,초곡-예술고-이인-죽도-흥해,초곡리행,흥해행,농협포항시지부행,60,48994,60,46,하행,도음산수련원,1671.9,2026-05-12
흥해3,초곡-예술고-이인-죽도-흥해,초곡리행,흥해행,농협포항시지부행,60,48994,60,47,하행,양지전원마을,916.6,2026-05-12
흥해3,초곡-예술고-이인-죽도-흥해,초곡리행,흥해행,농협포항시지부행,60,48994,60,48,하행,학천초등학교,1059.8,2026-05-12
흥해3,초곡-예술고-이인-죽도-흥해,초곡리행,흥해행,농협포항시지부행,60,48994,60,49,하행,삼도미래1단지,341.4,2026-05-12
흥해3,초곡-예술고-이인-죽도-흥해,초곡리행,흥해행,농협포항시지부행,60,48994,60,50,하행,삼도미래2단지,288.2,2026-05-12
흥해3,초곡-예술고-이인-죽도-흥해,초곡리행,흥해행,농협포항시지부행,60,48994,60,51,하행,학천교차로,254.7,2026-05-12
흥해3,초곡-예술고-이인-죽도-흥해,초곡리행,흥해행,농협포항시지부행,60,48994,60,52,하행,학천리입구,661.6,2026-05-12
흥해3,초곡-예술고-이인-죽도-흥해,초곡리행,흥해행,농협포항시지부행,60,48994,60,53,하행,성곡3리새마을관,920.4,2026-05-12
흥해3,초곡-예술고-이인-죽도-흥해,초곡리행,흥해행,농협포항시지부행,60,48994,60,54,하행,성곡농장,1430.3,2026-05-12
흥해3,초곡-예술고-이인-죽도-흥해,초곡리행,흥해행,농협포항시지부행,60,48994,60,55,하행,성곡1리마을회관,1432.8,2026-05-12
흥해3,초곡-예술고-이인-죽도-흥해,초곡리행,흥해행,농협포항시지부행,60,48994,60,56,하행,성곡1리,432.9,2026-05-12
흥해3,초곡-예술고-이인-죽도-흥해,초곡리행,흥해행,농협포항시지부행,60,48994,60,57,하행,흥해공고,1422.1,2026-05-12
흥해3,초곡-예술고-이인-죽도-흥해,초곡리행,흥해행,농협포항시지부행,60,48994,60,58,하행,흥해읍행정복지센터,460.3,2026-05-12
흥해3,초곡-예술고-이인-죽도-흥해,초곡리행,흥해행,농협포항시지부행,60,48994,60,59,하행,마산사거리(방통대),477,2026-05-12
흥해3,초곡-예술고-이인-죽도-흥해,초곡리행,흥해행,농협포항시지부행,60,48994,60,60,하행,흥해환승센터,474.2,2026-05-12
흥해3,흥해-교도소-예술고-죽도-흥해,흥해행,흥해행,농협포항시지부행,73,52973,60,1,상행,흥해환승센터,0,2026-05-12
흥해3,흥해-교도소-예술고-죽도-흥해,흥해행,흥해행,농협포항시지부행,73,52973,60,2,상행,남성리,351.1,2026-05-12
흥해3,흥해-교도소-예술고-죽도-흥해,흥해행,흥해행,농협포항시지부행,73,52973,60,3,상행,흥해읍행정복지센터,292.2,2026-05-12
흥해3,흥해-교도소-예술고-죽도-흥해,흥해행,흥해행,농협포항시지부행,73,52973,60,4,상행,흥해공고,442.6,2026-05-12
흥해3,흥해-교도소-예술고-죽도-흥해,흥해행,흥해행,농협포항시지부행,73,52973,60,5,상행,성곡1리,1517.1,2026-05-12
흥해3,흥해-교도소-예술고-죽도-흥해,흥해행,흥해행,농협포항시지부행,73,52973,60,6,상행,선린대학교입구,227.3,2026-05-12
흥해3,흥해-교도소-예술고-죽도-흥해,흥해행,흥해행,농협포항시지부행,73,52973,60,7,상행,선린대학입구,90.5,2026-05-12
흥해3,흥해-교도소-예술고-죽도-흥해,흥해행,흥해행,농협포항시지부행,73,52973,60,8,상행,선린대학교정문,307.1,2026-05-12
흥해3,흥해-교도소-예술고-죽도-흥해,흥해행,흥해행,농협포항시지부행,73,52973,60,9,상행,파라다이스온천,506.3,2026-05-12
흥해3,흥해-교도소-예술고-죽도-흥해,흥해행,흥해행,농협포항시지부행,73,52973,60,10,상행,초곡전원타운,602.7,2026-05-12
흥해3,흥해-교도소-예술고-죽도-흥해,흥해행,흥해행,농협포항시지부행,73,52973,60,11,상행,초곡리,768.6,2026-05-12
흥해3,흥해-교도소-예술고-죽도-흥해,흥해행,흥해행,농협포항시지부행,73,52973,60,12,상행,초곡리종점,940.9,2026-05-12
흥해3,흥해-교도소-예술고-죽도-흥해,흥해행,흥해행,농협포항시지부행,73,52973,60,13,상행,초곡리,883.9,2026-05-12
흥해3,흥해-교도소-예술고-죽도-흥해,흥해행,흥해행,농협포항시지부행,73,52973,60,14,상행,초곡전원타운,788.9,2026-05-12
흥해3,흥해-교도소-예술고-죽도-흥해,흥해행,흥해행,농협포항시지부행,73,52973,60,15,상행,파라다이스온천,612.4,2026-05-12
흥해3,흥해-교도소-예술고-죽도-흥해,흥해행,흥해행,농협포항시지부행,73,52973,60,16,상행,선린대학교정문,529.2,2026-05-12
흥해3,흥해-교도소-예술고-죽도-흥해,흥해행,흥해행,농협포항시지부행,73,52973,60,17,상행,포항교도소,3545.1,2026-05-12
흥해3,흥해-교도소-예술고-죽도-흥해,흥해행,흥해행,농협포항시지부행,73,52973,60,18,상행,덕동,2044.3,2026-05-12
흥해3,흥해-교도소-예술고-죽도-흥해,흥해행,흥해행,농협포항시지부행,73,52973,60,19,상행,포항예술고,344.8,2026-05-12
흥해3,흥해-교도소-예술고-죽도-흥해,흥해행,흥해행,농협포항시지부행,73,52973,60,20,상행,대련3리,481.1,2026-05-12
흥해3,흥해-교도소-예술고-죽도-흥해,흥해행,흥해행,농협포항시지부행,73,52973,60,21,상행,대련3리마을회관,311,2026-05-12
흥해3,흥해-교도소-예술고-죽도-흥해,흥해행,흥해행,농협포항시지부행,73,52973,60,22,상행,하일리,1076.4,2026-05-12
흥해3,흥해-교도소-예술고-죽도-흥해,흥해행,흥해행,농협포항시지부행,73,52973,60,23,상행,대련리입구,1369.1,2026-05-12
흥해3,흥해-교도소-예술고-죽도-흥해,흥해행,흥해행,농협포항시지부행,73,52973,60,24,상행,대련교회,740.8,2026-05-12
흥해3,흥해-교도소-예술고-죽도-흥해,흥해행,흥해행,농협포항시지부행,73,52973,60,25,상행,대련2리,543.8,2026-05-12
흥해3,흥해-교도소-예술고-죽도-흥해,흥해행,흥해행,농협포항시지부행,73,52973,60,26,상행,이인2리,722.8,2026-05-12
흥해3,흥해-교도소-예술고-죽도-흥해,흥해행,흥해행,농협포항시지부행,73,52973,60,27,상행,달전초등학교,542.8,2026-05-12
흥해3,흥해-교도소-예술고-죽도-흥해,흥해행,흥해행,농협포항시지부행,73,52973,60,28,상행,이인1리,208,2026-05-12
흥해3,흥해-교도소-예술고-죽도-흥해,흥해행,흥해행,농협포항시지부행,73,52973,60,29,상행,대유아파트입구,721.9,2026-05-12
흥해3,흥해-교도소-예술고-죽도-흥해,흥해행,흥해행,농협포항시지부행,73,52973,60,30,상행,삼도드림파크,580.8,2026-05-12
흥해3,흥해-교도소-예술고-죽도-흥해,흥해행,흥해행,농협포항시지부행,73,52973,60,31,상행,흥해농협달전지점,258.5,2026-05-12
흥해3,흥해-교도소-예술고-죽도-흥해,흥해행,흥해행,농협포항시지부행,73,52973,60,32,상행,포항 중앙고등학교,1937.1,2026-05-12
흥해3,흥해-교도소-예술고-죽도-흥해,흥해행,흥해행,농협포항시지부행,73,52973,60,33,상행,영신고등학교,457.9,2026-05-12
흥해3,흥해-교도소-예술고-죽도-흥해,흥해행,흥해행,농협포항시지부행,73,52973,60,34,상행,유성여자고등학교,833.2,2026-05-12
흥해3,흥해-교도소-예술고-죽도-흥해,흥해행,흥해행,농협포항시지부행,73,52973,60,35,상행,대동우방아파트,593.9,2026-05-12
흥해3,흥해-교도소-예술고-죽도-흥해,흥해행,흥해행,농협포항시지부행,73,52973,60,36,상행,나루끝,351.8,2026-05-12
흥해3,흥해-교도소-예술고-죽도-흥해,흥해행,흥해행,농협포항시지부행,73,52973,60,37,상행,도심환승센터,447.5,2026-05-12
흥해3,흥해-교도소-예술고-죽도-흥해,흥해행,흥해행,농협포항시지부행,73,52973,60,38,상행,서산사거리,361,2026-05-12
흥해3,흥해-교도소-예술고-죽도-흥해,흥해행,흥해행,농협포항시지부행,73,52973,60,39,상행,롯데시네마,334.2,2026-05-12
흥해3,흥해-교도소-예술고-죽도-흥해,흥해행,흥해행,농협포항시지부행,73,52973,60,40,하행,농협포항시지부,521.9,2026-05-12
흥해3,흥해-교도소-예술고-죽도-흥해,흥해행,흥해행,농협포항시지부행,73,52973,60,41,하행,죽도시장,546.2,2026-05-12
흥해3,흥해-교도소-예술고-죽도-흥해,흥해행,흥해행,농협포항시지부행,73,52973,60,42,하행,육거리,413,2026-05-12
흥해3,흥해-교도소-예술고-죽도-흥해,흥해행,흥해행,농협포항시지부행,73,52973,60,43,하행,포항꿈트리센터,268.3,2026-05-12
흥해3,흥해-교도소-예술고-죽도-흥해,흥해행,흥해행,농협포항시지부행,73,52973,60,44,하행,세무서,374,2026-05-12
흥해3,흥해-교도소-예술고-죽도-흥해,흥해행,흥해행,농협포항시지부행,73,52973,60,45,하행,나루끝,324.2,2026-05-12
흥해3,흥해-교도소-예술고-죽도-흥해,흥해행,흥해행,농협포항시지부행,73,52973,60,46,하행,대동우방아파트,317.1,2026-05-12
흥해3,흥해-교도소-예술고-죽도-흥해,흥해행,흥해행,농협포항시지부행,73,52973,60,47,하행,유성여자고등학교,722.4,2026-05-12
흥해3,흥해-교도소-예술고-죽도-흥해,흥해행,흥해행,농협포항시지부행,73,52973,60,48,하행,영신고등학교,825.1,2026-05-12
흥해3,흥해-교도소-예술고-죽도-흥해,흥해행,흥해행,농협포항시지부행,73,52973,60,49,하행,포항 중앙고등학교,318.7,2026-05-12
흥해3,흥해-교도소-예술고-죽도-흥해,흥해행,흥해행,농협포항시지부행,73,52973,60,50,하행,흥해농협달전지점,1948.4,2026-05-12
흥해3,흥해-교도소-예술고-죽도-흥해,흥해행,흥해행,농협포항시지부행,73,52973,60,51,하행,삼도드림파크,270.3,2026-05-12
흥해3,흥해-교도소-예술고-죽도-흥해,흥해행,흥해행,농협포항시지부행,73,52973,60,52,하행,대유아파트입구,597.1,2026-05-12
흥해3,흥해-교도소-예술고-죽도-흥해,흥해행,흥해행,농협포항시지부행,73,52973,60,53,하행,이인1리,702.3,2026-05-12
흥해3,흥해-교도소-예술고-죽도-흥해,흥해행,흥해행,농협포항시지부행,73,52973,60,54,하행,달전초등학교,216.5,2026-05-12
흥해3,흥해-교도소-예술고-죽도-흥해,흥해행,흥해행,농협포항시지부행,73,52973,60,55,하행,이인2리,518.2,2026-05-12
흥해3,흥해-교도소-예술고-죽도-흥해,흥해행,흥해행,농협포항시지부행,73,52973,60,56,하행,대련2리,739,2026-05-12
흥해3,흥해-교도소-예술고-죽도-흥해,흥해행,흥해행,농협포항시지부행,73,52973,60,57,하행,대련교회,548.5,2026-05-12
흥해3,흥해-교도소-예술고-죽도-흥해,흥해행,흥해행,농협포항시지부행,73,52973,60,58,하행,대련삼거리,245.1,2026-05-12
흥해3,흥해-교도소-예술고-죽도-흥해,흥해행,흥해행,농협포항시지부행,73,52973,60,59,하행,대련삼거리,117.6,2026-05-12
흥해3,흥해-교도소-예술고-죽도-흥해,흥해행,흥해행,농협포항시지부행,73,52973,60,60,하행,대련리입구,416.8,2026-05-12
흥해3,흥해-교도소-예술고-죽도-흥해,흥해행,흥해행,농협포항시지부행,73,52973,60,61,하행,하일리,1184.6,2026-05-12
흥해3,흥해-교도소-예술고-죽도-흥해,흥해행,흥해행,농협포항시지부행,73,52973,60,62,하행,대련3리마을회관,1144.3,2026-05-12
흥해3,흥해-교도소-예술고-죽도-흥해,흥해행,흥해행,농협포항시지부행,73,52973,60,63,하행,대련3리,303.6,2026-05-12
흥해3,흥해-교도소-예술고-죽도-흥해,흥해행,흥해행,농협포항시지부행,73,52973,60,64,하행,포항예술고,440.7,2026-05-12
흥해3,흥해-교도소-예술고-죽도-흥해,흥해행,흥해행,농협포항시지부행,73,52973,60,65,하행,덕동,390.2,2026-05-12
흥해3,흥해-교도소-예술고-죽도-흥해,흥해행,흥해행,농협포항시지부행,73,52973,60,66,하행,포항예술고,344.8,2026-05-12
흥해3,흥해-교도소-예술고-죽도-흥해,흥해행,흥해행,농협포항시지부행,73,52973,60,67,하행,대련3리,481.1,2026-05-12
흥해3,흥해-교도소-예술고-죽도-흥해,흥해행,흥해행,농협포항시지부행,73,52973,60,68,하행,대련3리마을회관,311,2026-05-12
흥해3,흥해-교도소-예술고-죽도-흥해,흥해행,흥해행,농협포항시지부행,73,52973,60,69,하행,성곡1리,6831.9,2026-05-12
흥해3,흥해-교도소-예술고-죽도-흥해,흥해행,흥해행,농협포항시지부행,73,52973,60,70,하행,흥해공고,1422.1,2026-05-12
흥해3,흥해-교도소-예술고-죽도-흥해,흥해행,흥해행,농협포항시지부행,73,52973,60,71,하행,흥해읍행정복지센터,460.6,2026-05-12
흥해3,흥해-교도소-예술고-죽도-흥해,흥해행,흥해행,농협포항시지부행,73,52973,60,72,하행,마산사거리(방통대),483.6,2026-05-12
흥해3,흥해-교도소-예술고-죽도-흥해,흥해행,흥해행,농협포항시지부행,73,52973,60,73,하행,흥해환승센터,459.6,2026-05-12
흥해3,흥해-예술고-죽도-도음산-흥해,흥해행,흥해행,농협포항시지부행,60,46179,60,1,상행,흥해환승센터,0,2026-05-12
흥해3,흥해-예술고-죽도-도음산-흥해,흥해행,흥해행,농협포항시지부행,60,46179,60,2,상행,남성리,350.3,2026-05-12
흥해3,흥해-예술고-죽도-도음산-흥해,흥해행,흥해행,농협포항시지부행,60,46179,60,3,상행,흥해읍행정복지센터,295,2026-05-12
흥해3,흥해-예술고-죽도-도음산-흥해,흥해행,흥해행,농협포항시지부행,60,46179,60,4,상행,흥해공고,438.7,2026-05-12
흥해3,흥해-예술고-죽도-도음산-흥해,흥해행,흥해행,농협포항시지부행,60,46179,60,5,상행,성곡1리,1517.1,2026-05-12
흥해3,흥해-예술고-죽도-도음산-흥해,흥해행,흥해행,농협포항시지부행,60,46179,60,6,상행,선린대학교입구,227.3,2026-05-12
흥해3,흥해-예술고-죽도-도음산-흥해,흥해행,흥해행,농협포항시지부행,60,46179,60,7,상행,덕동,4703.2,2026-05-12
흥해3,흥해-예술고-죽도-도음산-흥해,흥해행,흥해행,농협포항시지부행,60,46179,60,8,상행,포항예술고,344.8,2026-05-12
흥해3,흥해-예술고-죽도-도음산-흥해,흥해행,흥해행,농협포항시지부행,60,46179,60,9,상행,대련3리,481.1,2026-05-12
흥해3,흥해-예술고-죽도-도음산-흥해,흥해행,흥해행,농협포항시지부행,60,46179,60,10,상행,대련3리마을회관,311,2026-05-12
흥해3,흥해-예술고-죽도-도음산-흥해,흥해행,흥해행,농협포항시지부행,60,46179,60,11,상행,하일리,1076.4,2026-05-12
흥해3,흥해-예술고-죽도-도음산-흥해,흥해행,흥해행,농협포항시지부행,60,46179,60,12,상행,대련리입구,1369.1,2026-05-12
흥해3,흥해-예술고-죽도-도음산-흥해,흥해행,흥해행,농협포항시지부행,60,46179,60,13,상행,대련교회,740.8,2026-05-12
흥해3,흥해-예술고-죽도-도음산-흥해,흥해행,흥해행,농협포항시지부행,60,46179,60,14,상행,대련2리,543.8,2026-05-12
흥해3,흥해-예술고-죽도-도음산-흥해,흥해행,흥해행,농협포항시지부행,60,46179,60,15,상행,이인2리,722.8,2026-05-12
흥해3,흥해-예술고-죽도-도음산-흥해,흥해행,흥해행,농협포항시지부행,60,46179,60,16,상행,달전초등학교,542.8,2026-05-12
흥해3,흥해-예술고-죽도-도음산-흥해,흥해행,흥해행,농협포항시지부행,60,46179,60,17,상행,이인1리,208,2026-05-12
흥해3,흥해-예술고-죽도-도음산-흥해,흥해행,흥해행,농협포항시지부행,60,46179,60,18,상행,대유아파트입구,717.4,2026-05-12
흥해3,흥해-예술고-죽도-도음산-흥해,흥해행,흥해행,농협포항시지부행,60,46179,60,19,상행,삼도드림파크,580.8,2026-05-12
흥해3,흥해-예술고-죽도-도음산-흥해,흥해행,흥해행,농협포항시지부행,60,46179,60,20,상행,흥해농협달전지점,258.5,2026-05-12
흥해3,흥해-예술고-죽도-도음산-흥해,흥해행,흥해행,농협포항시지부행,60,46179,60,21,상행,포항 중앙고등학교,1937.1,2026-05-12
흥해3,흥해-예술고-죽도-도음산-흥해,흥해행,흥해행,농협포항시지부행,60,46179,60,22,상행,영신고등학교,457.9,2026-05-12
흥해3,흥해-예술고-죽도-도음산-흥해,흥해행,흥해행,농협포항시지부행,60,46179,60,23,상행,유성여자고등학교,833.2,2026-05-12
흥해3,흥해-예술고-죽도-도음산-흥해,흥해행,흥해행,농협포항시지부행,60,46179,60,24,상행,대동우방아파트,593.9,2026-05-12
흥해3,흥해-예술고-죽도-도음산-흥해,흥해행,흥해행,농협포항시지부행,60,46179,60,25,상행,나루끝,351.8,2026-05-12
흥해3,흥해-예술고-죽도-도음산-흥해,흥해행,흥해행,농협포항시지부행,60,46179,60,26,상행,도심환승센터,447.5,2026-05-12
흥해3,흥해-예술고-죽도-도음산-흥해,흥해행,흥해행,농협포항시지부행,60,46179,60,27,상행,서산사거리,361,2026-05-12
흥해3,흥해-예술고-죽도-도음산-흥해,흥해행,흥해행,농협포항시지부행,60,46179,60,28,상행,롯데시네마,334.2,2026-05-12
흥해3,흥해-예술고-죽도-도음산-흥해,흥해행,흥해행,농협포항시지부행,60,46179,60,29,하행,농협포항시지부,521.9,2026-05-12
흥해3,흥해-예술고-죽도-도음산-흥해,흥해행,흥해행,농협포항시지부행,60,46179,60,30,하행,죽도시장,546.2,2026-05-12
흥해3,흥해-예술고-죽도-도음산-흥해,흥해행,흥해행,농협포항시지부행,60,46179,60,31,하행,육거리,413,2026-05-12
흥해3,흥해-예술고-죽도-도음산-흥해,흥해행,흥해행,농협포항시지부행,60,46179,60,32,하행,포항꿈트리센터,268.3,2026-05-12
흥해3,흥해-예술고-죽도-도음산-흥해,흥해행,흥해행,농협포항시지부행,60,46179,60,33,하행,세무서,374,2026-05-12
흥해3,흥해-예술고-죽도-도음산-흥해,흥해행,흥해행,농협포항시지부행,60,46179,60,34,하행,나루끝,324.2,2026-05-12
흥해3,흥해-예술고-죽도-도음산-흥해,흥해행,흥해행,농협포항시지부행,60,46179,60,35,하행,대동우방아파트,317.1,2026-05-12
흥해3,흥해-예술고-죽도-도음산-흥해,흥해행,흥해행,농협포항시지부행,60,46179,60,36,하행,유성여자고등학교,722.4,2026-05-12
흥해3,흥해-예술고-죽도-도음산-흥해,흥해행,흥해행,농협포항시지부행,60,46179,60,37,하행,영신고등학교,825.1,2026-05-12
흥해3,흥해-예술고-죽도-도음산-흥해,흥해행,흥해행,농협포항시지부행,60,46179,60,38,하행,포항 중앙고등학교,318.7,2026-05-12
흥해3,흥해-예술고-죽도-도음산-흥해,흥해행,흥해행,농협포항시지부행,60,46179,60,39,하행,학천리입구,2062.5,2026-05-12
흥해3,흥해-예술고-죽도-도음산-흥해,흥해행,흥해행,농협포항시지부행,60,46179,60,40,하행,학천교차로,600.6,2026-05-12
흥해3,흥해-예술고-죽도-도음산-흥해,흥해행,흥해행,농협포항시지부행,60,46179,60,41,하행,포항교도소,1983.9,2026-05-12
흥해3,흥해-예술고-죽도-도음산-흥해,흥해행,흥해행,농협포항시지부행,60,46179,60,42,하행,삼도미래2단지,2025,2026-05-12
흥해3,흥해-예술고-죽도-도음산-흥해,흥해행,흥해행,농협포항시지부행,60,46179,60,43,하행,삼도미래1단지,333.5,2026-05-12
흥해3,흥해-예술고-죽도-도음산-흥해,흥해행,흥해행,농협포항시지부행,60,46179,60,44,하행,학천초등학교,357.5,2026-05-12
흥해3,흥해-예술고-죽도-도음산-흥해,흥해행,흥해행,농협포항시지부행,60,46179,60,45,하행,양지전원마을,1097.1,2026-05-12
흥해3,흥해-예술고-죽도-도음산-흥해,흥해행,흥해행,농협포항시지부행,60,46179,60,46,하행,천곡사,2624.7,2026-05-12
흥해3,흥해-예술고-죽도-도음산-흥해,흥해행,흥해행,농협포항시지부행,60,46179,60,47,하행,도음산수련원,1671.9,2026-05-12
흥해3,흥해-예술고-죽도-도음산-흥해,흥해행,흥해행,농협포항시지부행,60,46179,60,48,하행,양지전원마을,916.6,2026-05-12
흥해3,흥해-예술고-죽도-도음산-흥해,흥해행,흥해행,농협포항시지부행,60,46179,60,49,하행,학천초등학교,1059.8,2026-05-12
흥해3,흥해-예술고-죽도-도음산-흥해,흥해행,흥해행,농협포항시지부행,60,46179,60,50,하행,삼도미래1단지,341.4,2026-05-12
흥해3,흥해-예술고-죽도-도음산-흥해,흥해행,흥해행,농협포항시지부행,60,46179,60,51,하행,삼도미래2단지,288.2,2026-05-12
흥해3,흥해-예술고-죽도-도음산-흥해,흥해행,흥해행,농협포항시지부행,60,46179,60,52,하행,학천교차로,254.7,2026-05-12
흥해3,흥해-예술고-죽도-도음산-흥해,흥해행,흥해행,농협포항시지부행,60,46179,60,53,하행,학천리입구,661.6,2026-05-12
흥해3,흥해-예술고-죽도-도음산-흥해,흥해행,흥해행,농협포항시지부행,60,46179,60,54,하행,달전리,68.6,2026-05-12
흥해3,흥해-예술고-죽도-도음산-흥해,흥해행,흥해행,농협포항시지부행,60,46179,60,55,하행,성곡검문소,456.9,2026-05-12
흥해3,흥해-예술고-죽도-도음산-흥해,흥해행,흥해행,농협포항시지부행,60,46179,60,56,하행,성곡1리,1068.7,2026-05-12
흥해3,흥해-예술고-죽도-도음산-흥해,흥해행,흥해행,농협포항시지부행,60,46179,60,57,하행,흥해공고,1422.1,2026-05-12
흥해3,흥해-예술고-죽도-도음산-흥해,흥해행,흥해행,농협포항시지부행,60,46179,60,58,하행,흥해읍행정복지센터,460.3,2026-05-12
흥해3,흥해-예술고-죽도-도음산-흥해,흥해행,흥해행,농협포항시지부행,60,46179,60,59,하행,마산사거리(방통대),477,2026-05-12
흥해3,흥해-예술고-죽도-도음산-흥해,흥해행,흥해행,농협포항시지부행,60,46179,60,60,하행,흥해환승센터,474.2,2026-05-12
흥해3,흥해-초곡-예술고-죽도-흥해,흥해행,흥해행,농협포항시지부행,97,71567,60,1,상행,흥해환승센터,0,2026-05-12
흥해3,흥해-초곡-예술고-죽도-흥해,흥해행,흥해행,농협포항시지부행,97,71567,60,2,상행,남성리,350.3,2026-05-12
흥해3,흥해-초곡-예술고-죽도-흥해,흥해행,흥해행,농협포항시지부행,97,71567,60,3,상행,흥해읍행정복지센터,295,2026-05-12
흥해3,흥해-초곡-예술고-죽도-흥해,흥해행,흥해행,농협포항시지부행,97,71567,60,4,상행,흥해공고,438.7,2026-05-12
흥해3,흥해-초곡-예술고-죽도-흥해,흥해행,흥해행,농협포항시지부행,97,71567,60,5,상행,성곡1리,1517.1,2026-05-12
흥해3,흥해-초곡-예술고-죽도-흥해,흥해행,흥해행,농협포항시지부행,97,71567,60,6,상행,선린대학교입구,227.3,2026-05-12
흥해3,흥해-초곡-예술고-죽도-흥해,흥해행,흥해행,농협포항시지부행,97,71567,60,7,상행,선린대학입구,90.5,2026-05-12
흥해3,흥해-초곡-예술고-죽도-흥해,흥해행,흥해행,농협포항시지부행,97,71567,60,8,상행,선린대학교정문,307.1,2026-05-12
흥해3,흥해-초곡-예술고-죽도-흥해,흥해행,흥해행,농협포항시지부행,97,71567,60,9,상행,파라다이스온천,506.3,2026-05-12
흥해3,흥해-초곡-예술고-죽도-흥해,흥해행,흥해행,농협포항시지부행,97,71567,60,10,상행,초곡전원타운,602.7,2026-05-12
흥해3,흥해-초곡-예술고-죽도-흥해,흥해행,흥해행,농협포항시지부행,97,71567,60,11,상행,초곡리,768.6,2026-05-12
흥해3,흥해-초곡-예술고-죽도-흥해,흥해행,흥해행,농협포항시지부행,97,71567,60,12,상행,초곡리종점,940.9,2026-05-12
흥해3,흥해-초곡-예술고-죽도-흥해,흥해행,흥해행,농협포항시지부행,97,71567,60,13,상행,초곡리,883.9,2026-05-12
흥해3,흥해-초곡-예술고-죽도-흥해,흥해행,흥해행,농협포항시지부행,97,71567,60,14,상행,초곡전원타운,788.9,2026-05-12
흥해3,흥해-초곡-예술고-죽도-흥해,흥해행,흥해행,농협포항시지부행,97,71567,60,15,상행,파라다이스온천,612.4,2026-05-12
흥해3,흥해-초곡-예술고-죽도-흥해,흥해행,흥해행,농협포항시지부행,97,71567,60,16,상행,선린대학교정문,529.2,2026-05-12
흥해3,흥해-초곡-예술고-죽도-흥해,흥해행,흥해행,농협포항시지부행,97,71567,60,17,상행,삼도미래2단지,1773,2026-05-12
흥해3,흥해-초곡-예술고-죽도-흥해,흥해행,흥해행,농협포항시지부행,97,71567,60,18,상행,삼도미래1단지,333.5,2026-05-12
흥해3,흥해-초곡-예술고-죽도-흥해,흥해행,흥해행,농협포항시지부행,97,71567,60,19,상행,학천초등학교,357.5,2026-05-12
흥해3,흥해-초곡-예술고-죽도-흥해,흥해행,흥해행,농협포항시지부행,97,71567,60,20,상행,양지전원마을,1097.1,2026-05-12
흥해3,흥해-초곡-예술고-죽도-흥해,흥해행,흥해행,농협포항시지부행,97,71567,60,21,상행,천곡사,2624.7,2026-05-12
흥해3,흥해-초곡-예술고-죽도-흥해,흥해행,흥해행,농협포항시지부행,97,71567,60,22,상행,도음산수련원,1671.9,2026-05-12
흥해3,흥해-초곡-예술고-죽도-흥해,흥해행,흥해행,농협포항시지부행,97,71567,60,23,상행,양지전원마을,916.6,2026-05-12
흥해3,흥해-초곡-예술고-죽도-흥해,흥해행,흥해행,농협포항시지부행,97,71567,60,24,상행,학천초등학교,1059.8,2026-05-12
흥해3,흥해-초곡-예술고-죽도-흥해,흥해행,흥해행,농협포항시지부행,97,71567,60,25,상행,삼도미래1단지,341.4,2026-05-12
흥해3,흥해-초곡-예술고-죽도-흥해,흥해행,흥해행,농협포항시지부행,97,71567,60,26,상행,삼도미래2단지,288.2,2026-05-12
흥해3,흥해-초곡-예술고-죽도-흥해,흥해행,흥해행,농협포항시지부행,97,71567,60,27,상행,덕동,3466.4,2026-05-12
흥해3,흥해-초곡-예술고-죽도-흥해,흥해행,흥해행,농협포항시지부행,97,71567,60,28,상행,포항예술고,344.8,2026-05-12
흥해3,흥해-초곡-예술고-죽도-흥해,흥해행,흥해행,농협포항시지부행,97,71567,60,29,상행,대련3리,481.1,2026-05-12
흥해3,흥해-초곡-예술고-죽도-흥해,흥해행,흥해행,농협포항시지부행,97,71567,60,30,상행,대련3리마을회관,311,2026-05-12
흥해3,흥해-초곡-예술고-죽도-흥해,흥해행,흥해행,농협포항시지부행,97,71567,60,31,상행,하일리,1076.4,2026-05-12
흥해3,흥해-초곡-예술고-죽도-흥해,흥해행,흥해행,농협포항시지부행,97,71567,60,32,상행,대련리입구,1369.1,2026-05-12
흥해3,흥해-초곡-예술고-죽도-흥해,흥해행,흥해행,농협포항시지부행,97,71567,60,33,상행,대련교회,740.8,2026-05-12
흥해3,흥해-초곡-예술고-죽도-흥해,흥해행,흥해행,농협포항시지부행,97,71567,60,34,상행,대련2리,543.8,2026-05-12
흥해3,흥해-초곡-예술고-죽도-흥해,흥해행,흥해행,농협포항시지부행,97,71567,60,35,상행,이인2리,722.8,2026-05-12
흥해3,흥해-초곡-예술고-죽도-흥해,흥해행,흥해행,농협포항시지부행,97,71567,60,36,상행,달전초등학교,542.8,2026-05-12
흥해3,흥해-초곡-예술고-죽도-흥해,흥해행,흥해행,농협포항시지부행,97,71567,60,37,상행,이인1리,208,2026-05-12
흥해3,흥해-초곡-예술고-죽도-흥해,흥해행,흥해행,농협포항시지부행,97,71567,60,38,상행,대유아파트입구,717.4,2026-05-12
흥해3,흥해-초곡-예술고-죽도-흥해,흥해행,흥해행,농협포항시지부행,97,71567,60,39,상행,삼도드림파크,580.8,2026-05-12
흥해3,흥해-초곡-예술고-죽도-흥해,흥해행,흥해행,농협포항시지부행,97,71567,60,40,상행,흥해농협달전지점,258.5,2026-05-12
흥해3,흥해-초곡-예술고-죽도-흥해,흥해행,흥해행,농협포항시지부행,97,71567,60,41,상행,포항 중앙고등학교,1937.1,2026-05-12
흥해3,흥해-초곡-예술고-죽도-흥해,흥해행,흥해행,농협포항시지부행,97,71567,60,42,상행,영신고등학교,457.9,2026-05-12
흥해3,흥해-초곡-예술고-죽도-흥해,흥해행,흥해행,농협포항시지부행,97,71567,60,43,상행,유성여자고등학교,833.2,2026-05-12
흥해3,흥해-초곡-예술고-죽도-흥해,흥해행,흥해행,농협포항시지부행,97,71567,60,44,상행,대동우방아파트,593.9,2026-05-12
흥해3,흥해-초곡-예술고-죽도-흥해,흥해행,흥해행,농협포항시지부행,97,71567,60,45,상행,나루끝,351.8,2026-05-12
흥해3,흥해-초곡-예술고-죽도-흥해,흥해행,흥해행,농협포항시지부행,97,71567,60,46,상행,도심환승센터,447.5,2026-05-12
흥해3,흥해-초곡-예술고-죽도-흥해,흥해행,흥해행,농협포항시지부행,97,71567,60,47,상행,서산사거리,361,2026-05-12
흥해3,흥해-초곡-예술고-죽도-흥해,흥해행,흥해행,농협포항시지부행,97,71567,60,48,상행,롯데시네마,334.2,2026-05-12
흥해3,흥해-초곡-예술고-죽도-흥해,흥해행,흥해행,농협포항시지부행,97,71567,60,49,하행,농협포항시지부,521.9,2026-05-12
흥해3,흥해-초곡-예술고-죽도-흥해,흥해행,흥해행,농협포항시지부행,97,71567,60,50,하행,죽도시장,546.2,2026-05-12
흥해3,흥해-초곡-예술고-죽도-흥해,흥해행,흥해행,농협포항시지부행,97,71567,60,51,하행,육거리,413,2026-05-12
흥해3,흥해-초곡-예술고-죽도-흥해,흥해행,흥해행,농협포항시지부행,97,71567,60,52,하행,포항꿈트리센터,268.3,2026-05-12
흥해3,흥해-초곡-예술고-죽도-흥해,흥해행,흥해행,농협포항시지부행,97,71567,60,53,하행,세무서,374,2026-05-12
흥해3,흥해-초곡-예술고-죽도-흥해,흥해행,흥해행,농협포항시지부행,97,71567,60,54,하행,나루끝,324.2,2026-05-12
흥해3,흥해-초곡-예술고-죽도-흥해,흥해행,흥해행,농협포항시지부행,97,71567,60,55,하행,대동우방아파트,317.1,2026-05-12
흥해3,흥해-초곡-예술고-죽도-흥해,흥해행,흥해행,농협포항시지부행,97,71567,60,56,하행,유성여자고등학교,722.4,2026-05-12
흥해3,흥해-초곡-예술고-죽도-흥해,흥해행,흥해행,농협포항시지부행,97,71567,60,57,하행,영신고등학교,825.1,2026-05-12
흥해3,흥해-초곡-예술고-죽도-흥해,흥해행,흥해행,농협포항시지부행,97,71567,60,58,하행,포항 중앙고등학교,318.7,2026-05-12
흥해3,흥해-초곡-예술고-죽도-흥해,흥해행,흥해행,농협포항시지부행,97,71567,60,59,하행,흥해농협달전지점,1948.4,2026-05-12
흥해3,흥해-초곡-예술고-죽도-흥해,흥해행,흥해행,농협포항시지부행,97,71567,60,60,하행,삼도드림파크,270.3,2026-05-12
흥해3,흥해-초곡-예술고-죽도-흥해,흥해행,흥해행,농협포항시지부행,97,71567,60,61,하행,대유아파트입구,597.1,2026-05-12
흥해3,흥해-초곡-예술고-죽도-흥해,흥해행,흥해행,농협포항시지부행,97,71567,60,62,하행,이인1리,701.8,2026-05-12
흥해3,흥해-초곡-예술고-죽도-흥해,흥해행,흥해행,농협포항시지부행,97,71567,60,63,하행,달전초등학교,216.5,2026-05-12
흥해3,흥해-초곡-예술고-죽도-흥해,흥해행,흥해행,농협포항시지부행,97,71567,60,64,하행,이인2리,518.2,2026-05-12
흥해3,흥해-초곡-예술고-죽도-흥해,흥해행,흥해행,농협포항시지부행,97,71567,60,65,하행,대련2리,739,2026-05-12
흥해3,흥해-초곡-예술고-죽도-흥해,흥해행,흥해행,농협포항시지부행,97,71567,60,66,하행,대련교회,548.5,2026-05-12
흥해3,흥해-초곡-예술고-죽도-흥해,흥해행,흥해행,농협포항시지부행,97,71567,60,67,하행,대련삼거리,245.1,2026-05-12
흥해3,흥해-초곡-예술고-죽도-흥해,흥해행,흥해행,농협포항시지부행,97,71567,60,68,하행,대련삼거리,117.6,2026-05-12
흥해3,흥해-초곡-예술고-죽도-흥해,흥해행,흥해행,농협포항시지부행,97,71567,60,69,하행,대련리입구,416.8,2026-05-12
흥해3,흥해-초곡-예술고-죽도-흥해,흥해행,흥해행,농협포항시지부행,97,71567,60,70,하행,하일리,1184.6,2026-05-12
흥해3,흥해-초곡-예술고-죽도-흥해,흥해행,흥해행,농협포항시지부행,97,71567,60,71,하행,대련3리마을회관,1144.3,2026-05-12
흥해3,흥해-초곡-예술고-죽도-흥해,흥해행,흥해행,농협포항시지부행,97,71567,60,72,하행,대련3리,303.6,2026-05-12
흥해3,흥해-초곡-예술고-죽도-흥해,흥해행,흥해행,농협포항시지부행,97,71567,60,73,하행,포항예술고,440.7,2026-05-12
흥해3,흥해-초곡-예술고-죽도-흥해,흥해행,흥해행,농협포항시지부행,97,71567,60,74,하행,덕동,390.2,2026-05-12
흥해3,흥해-초곡-예술고-죽도-흥해,흥해행,흥해행,농협포항시지부행,97,71567,60,75,하행,포항예술고,344.8,2026-05-12
흥해3,흥해-초곡-예술고-죽도-흥해,흥해행,흥해행,농협포항시지부행,97,71567,60,76,하행,대련3리,481.1,2026-05-12
흥해3,흥해-초곡-예술고-죽도-흥해,흥해행,흥해행,농협포항시지부행,97,71567,60,77,하행,대련3리마을회관,311,2026-05-12
흥해3,흥해-초곡-예술고-죽도-흥해,흥해행,흥해행,농협포항시지부행,97,71567,60,78,하행,포항교도소,3857.8,2026-05-12
흥해3,흥해-초곡-예술고-죽도-흥해,흥해행,흥해행,농협포항시지부행,97,71567,60,79,하행,삼도미래2단지,2025,2026-05-12
흥해3,흥해-초곡-예술고-죽도-흥해,흥해행,흥해행,농협포항시지부행,97,71567,60,80,하행,삼도미래1단지,333.5,2026-05-12
흥해3,흥해-초곡-예술고-죽도-흥해,흥해행,흥해행,농협포항시지부행,97,71567,60,81,하행,학천초등학교,357.5,2026-05-12
흥해3,흥해-초곡-예술고-죽도-흥해,흥해행,흥해행,농협포항시지부행,97,71567,60,82,하행,양지전원마을,1097.1,2026-05-12
흥해3,흥해-초곡-예술고-죽도-흥해,흥해행,흥해행,농협포항시지부행,97,71567,60,83,하행,천곡사,2624.7,2026-05-12
흥해3,흥해-초곡-예술고-죽도-흥해,흥해행,흥해행,농협포항시지부행,97,71567,60,84,하행,도음산수련원,1671.9,2026-05-12
흥해3,흥해-초곡-예술고-죽도-흥해,흥해행,흥해행,농협포항시지부행,97,71567,60,85,하행,양지전원마을,916.6,2026-05-12
흥해3,흥해-초곡-예술고-죽도-흥해,흥해행,흥해행,농협포항시지부행,97,71567,60,86,하행,학천초등학교,1059.8,2026-05-12
흥해3,흥해-초곡-예술고-죽도-흥해,흥해행,흥해행,농협포항시지부행,97,71567,60,87,하행,삼도미래1단지,341.4,2026-05-12
흥해3,흥해-초곡-예술고-죽도-흥해,흥해행,흥해행,농협포항시지부행,97,71567,60,88,하행,삼도미래2단지,288.2,2026-05-12
흥해3,흥해-초곡-예술고-죽도-흥해,흥해행,흥해행,농협포항시지부행,97,71567,60,89,하행,학천교차로,254.7,2026-05-12
흥해3,흥해-초곡-예술고-죽도-흥해,흥해행,흥해행,농협포항시지부행,97,71567,60,90,하행,학천리입구,661.6,2026-05-12
흥해3,흥해-초곡-예술고-죽도-흥해,흥해행,흥해행,농협포항시지부행,97,71567,60,91,하행,달전리,68.6,2026-05-12
흥해3,흥해-초곡-예술고-죽도-흥해,흥해행,흥해행,농협포항시지부행,97,71567,60,92,하행,성곡검문소,456.9,2026-05-12
흥해3,흥해-초곡-예술고-죽도-흥해,흥해행,흥해행,농협포항시지부행,97,71567,60,93,하행,성곡1리,1068.7,2026-05-12
흥해3,흥해-초곡-예술고-죽도-흥해,흥해행,흥해행,농협포항시지부행,97,71567,60,94,하행,흥해공고,1422.1,2026-05-12
흥해3,흥해-초곡-예술고-죽도-흥해,흥해행,흥해행,농협포항시지부행,97,71567,60,95,하행,흥해읍행정복지센터,460.3,2026-05-12
흥해3,흥해-초곡-예술고-죽도-흥해,흥해행,흥해행,농협포항시지부행,97,71567,60,96,하행,마산사거리(방통대),477,2026-05-12
흥해3,흥해-초곡-예술고-죽도-흥해,흥해행,흥해행,농협포항시지부행,97,71567,60,97,하행,흥해환승센터,474.2,2026-05-12
